,gvkey,predicted_return,trade_date
0,1380,0.0228473565098274,2001-03-01
1,1661,0.0219022872140174,2001-03-01
2,4430,0.0230508414589847,2001-03-01
3,6788,0.0204980876679096,2001-03-01
4,8151,0.0236740198081719,2001-03-01
5,11506,0.0218351723187687,2001-03-01
6,120093,0.0230433245605175,2001-03-01
7,1380,0.0754064714684506,2001-06-01
8,1678,0.0667286736912387,2001-06-01
9,9465,0.0747840116759304,2001-06-01
10,14934,0.0659623240453622,2001-06-01
11,16478,0.0720377650898509,2001-06-01
12,20548,0.0686781287083095,2001-06-01
13,63892,0.0630636677348424,2001-06-01
14,1380,0.0323239627246581,2001-09-04
15,1661,0.0323239627246581,2001-09-04
16,1678,0.0323239627246581,2001-09-04
17,2991,0.0323239627246581,2001-09-04
18,4430,0.0323239627246581,2001-09-04
19,4503,0.0323239627246581,2001-09-04
20,5439,0.0323239627246581,2001-09-04
21,5581,0.0323239627246581,2001-09-04
22,6788,0.0323239627246581,2001-09-04
23,7620,0.0323239627246581,2001-09-04
24,7938,0.0323239627246581,2001-09-04
25,8068,0.0323239627246581,2001-09-04
26,8151,0.0323239627246581,2001-09-04
27,8549,0.0323239627246581,2001-09-04
28,9465,0.0323239627246581,2001-09-04
29,10504,0.0323239627246581,2001-09-04
30,11506,0.0323239627246581,2001-09-04
31,14934,0.0323239627246581,2001-09-04
32,15247,0.0323239627246581,2001-09-04
33,16478,0.0323239627246581,2001-09-04
34,20548,0.0323239627246581,2001-09-04
35,28338,0.0323239627246581,2001-09-04
36,29173,0.0323239627246581,2001-09-04
37,30923,0.0323239627246581,2001-09-04
38,63892,0.0323239627246581,2001-09-04
39,120093,0.0323239627246581,2001-09-04
40,1380,0.0282072541165297,2001-12-03
41,1661,0.0282072541165297,2001-12-03
42,1678,0.0282072541165297,2001-12-03
43,2991,0.0282072541165297,2001-12-03
44,4430,0.0282072541165297,2001-12-03
45,4503,0.0282072541165297,2001-12-03
46,5439,0.0282072541165297,2001-12-03
47,5581,0.0282072541165297,2001-12-03
48,6788,0.0282072541165297,2001-12-03
49,7620,0.0282072541165297,2001-12-03
50,7938,0.0282072541165297,2001-12-03
51,8068,0.0282072541165297,2001-12-03
52,8151,0.0282072541165297,2001-12-03
53,8549,0.0282072541165297,2001-12-03
54,9465,0.0282072541165297,2001-12-03
55,10504,0.0282072541165297,2001-12-03
56,11506,0.0282072541165297,2001-12-03
57,14934,0.0282072541165297,2001-12-03
58,15247,0.0282072541165297,2001-12-03
59,16478,0.0282072541165297,2001-12-03
60,20548,0.0282072541165297,2001-12-03
61,28338,0.0282072541165297,2001-12-03
62,29173,0.0282072541165297,2001-12-03
63,30923,0.0282072541165297,2001-12-03
64,63892,0.0282072541165297,2001-12-03
65,120093,0.0282072541165297,2001-12-03
66,1380,0.0331327931039179,2002-03-01
67,1661,0.0331327931039179,2002-03-01
68,1678,0.0331327931039179,2002-03-01
69,2991,0.0331327931039179,2002-03-01
70,4430,0.0331327931039179,2002-03-01
71,4503,0.0331327931039179,2002-03-01
72,5439,0.0331327931039179,2002-03-01
73,5581,0.0331327931039179,2002-03-01
74,6788,0.0331327931039179,2002-03-01
75,7620,0.0331327931039179,2002-03-01
76,7938,0.0331327931039179,2002-03-01
77,8068,0.0331327931039179,2002-03-01
78,8151,0.0331327931039179,2002-03-01
79,8549,0.0331327931039179,2002-03-01
80,9465,0.0331327931039179,2002-03-01
81,10504,0.0331327931039179,2002-03-01
82,11506,0.0331327931039179,2002-03-01
83,14934,0.0331327931039179,2002-03-01
84,15247,0.0331327931039179,2002-03-01
85,16478,0.0331327931039179,2002-03-01
86,20548,0.0331327931039179,2002-03-01
87,28338,0.0331327931039179,2002-03-01
88,29173,0.0331327931039179,2002-03-01
89,30923,0.0331327931039179,2002-03-01
90,63892,0.0331327931039179,2002-03-01
91,120093,0.0331327931039179,2002-03-01
92,5439,0.0446591228246688,2002-06-03
93,5581,0.0565463900566101,2002-06-03
94,6788,0.0470443442463874,2002-06-03
95,11506,0.0540688633918762,2002-06-03
96,20548,0.0470443442463874,2002-06-03
97,28338,0.0456374660134315,2002-06-03
98,63892,0.0446591228246688,2002-06-03
99,120093,0.0466994754970073,2002-06-03
100,147398,0.0446591228246688,2002-06-03
101,1661,0.0282664969563484,2002-09-03
102,7620,0.0329166464507579,2002-09-03
103,8068,0.0274940505623817,2002-09-03
104,8151,0.0274940505623817,2002-09-03
105,8549,0.0274940505623817,2002-09-03
106,15247,0.0349784381687641,2002-09-03
107,16478,0.053952682763338,2002-09-03
108,20548,0.0349784381687641,2002-09-03
109,147398,0.0329166464507579,2002-09-03
110,6788,0.0319945159840727,2002-12-02
111,7938,0.0379451069599428,2002-12-02
112,8151,0.0364961191824983,2002-12-02
113,8549,0.0354229224366829,2002-12-02
114,11506,0.0333205168533309,2002-12-02
115,30923,0.0338803463905569,2002-12-02
116,120093,0.0330958918733543,2002-12-02
117,1380,0.0383639521896839,2003-03-03
118,7620,0.0295053925365209,2003-03-03
119,7938,0.0295053925365209,2003-03-03
120,8549,0.0305445492267608,2003-03-03
121,15247,0.0295053925365209,2003-03-03
122,16478,0.0295053925365209,2003-03-03
123,20548,0.0295053925365209,2003-03-03
124,30923,0.0383639521896839,2003-03-03
125,5439,0.0464906245470047,2003-06-02
126,7620,0.0289764087647199,2003-06-02
127,7938,0.0289764087647199,2003-06-02
128,8068,0.0290028396993875,2003-06-02
129,8549,0.0289764087647199,2003-06-02
130,15247,0.0289764087647199,2003-06-02
131,20548,0.0289764087647199,2003-06-02
132,63892,0.0464906245470047,2003-06-02
133,120093,0.0289764087647199,2003-06-02
134,1678,0.0153681307634626,2003-09-02
135,2991,0.0143683389472784,2003-09-02
136,6788,0.018799368961273,2003-09-02
137,7938,0.0122818364961363,2003-09-02
138,8151,0.0129683211841684,2003-09-02
139,14934,0.0163881462158892,2003-09-02
140,15247,0.0124523593561963,2003-09-02
141,5439,0.0198258813642403,2003-12-01
142,5581,0.0311117157302968,2003-12-01
143,6788,0.0254601417995786,2003-12-01
144,9465,0.0158346361023579,2003-12-01
145,16478,0.0221602412242218,2003-12-01
146,20548,0.020126909264947,2003-12-01
147,147398,0.0198258813642403,2003-12-01
148,6788,0.0205946154892444,2004-03-01
149,7938,0.0160036068409681,2004-03-01
150,8151,0.0171191208064556,2004-03-01
151,11506,0.020512867718935,2004-03-01
152,16478,0.0143472580239176,2004-03-01
153,20548,0.0194538813084363,2004-03-01
154,63892,0.0163205172866582,2004-03-01
155,7938,0.0341173591553205,2004-06-01
156,8151,0.034111467104112,2004-06-01
157,8549,0.024566612431263,2004-06-01
158,11506,0.034068377254093,2004-06-01
159,15247,0.029738747872209,2004-06-01
160,30923,0.0330286465485039,2004-06-01
161,120093,0.0238975680642079,2004-06-01
162,1678,0.0220516733825206,2004-09-01
163,4430,0.0220516733825206,2004-09-01
164,4503,0.0220516733825206,2004-09-01
165,6788,0.0267040021717548,2004-09-01
166,7620,0.0220516733825206,2004-09-01
167,8068,0.0220516733825206,2004-09-01
168,11506,0.0259792599827051,2004-09-01
169,16478,0.0220516733825206,2004-09-01
170,29173,0.0220516733825206,2004-09-01
171,30923,0.0261180363595485,2004-09-01
172,147398,0.0220516733825206,2004-09-01
173,1380,0.0259670567033699,2004-12-01
174,7938,0.0382773739183533,2004-12-01
175,8151,0.0262012799092238,2004-12-01
176,10504,0.0229899445619813,2004-12-01
177,11506,0.028993937950373,2004-12-01
178,15247,0.0305621597219955,2004-12-01
179,30923,0.0282404957513565,2004-12-01
180,1380,0.035413885995045,2005-03-01
181,7938,0.0452480543083321,2005-03-01
182,8151,0.0422380066709993,2005-03-01
183,11506,0.031249944749463,2005-03-01
184,15247,0.0341635750193014,2005-03-01
185,20548,0.0316624273403955,2005-03-01
186,30923,0.0316392020625783,2005-03-01
187,1380,0.0327581677593029,2005-06-01
188,7938,0.0390058328044019,2005-06-01
189,8151,0.044795358645269,2005-06-01
190,8549,0.0309766075713591,2005-06-01
191,11506,0.0392106590991,2005-06-01
192,15247,0.0327447991973629,2005-06-01
193,30923,0.0364518024412039,2005-06-01
194,1380,0.0330114613439216,2005-09-01
195,7938,0.042848844453051,2005-09-01
196,8151,0.0315933364117723,2005-09-01
197,8549,0.0316432570923077,2005-09-01
198,15247,0.0322437922354487,2005-09-01
199,20548,0.030964175647707,2005-09-01
200,30923,0.0338508539500138,2005-09-01
201,2991,0.0382794940393724,2005-12-01
202,14934,0.0386025666660683,2005-12-01
203,20548,0.0374870258442061,2005-12-01
204,28338,0.0375385102221648,2005-12-01
205,29173,0.0354643564368617,2005-12-01
206,30923,0.0441800293793869,2005-12-01
207,63892,0.0355553349907587,2005-12-01
208,1380,0.0445470153260086,2006-03-01
209,2991,0.0410721350000425,2006-03-01
210,7938,0.0567213261540944,2006-03-01
211,8151,0.0556887797193455,2006-03-01
212,8549,0.049533181811621,2006-03-01
213,15247,0.044167778793049,2006-03-01
214,147398,0.0431237716494351,2006-03-01
215,1380,0.0400058924202675,2006-06-01
216,8151,0.0495762698949981,2006-06-01
217,8549,0.0443970148200721,2006-06-01
218,15247,0.0403656248207013,2006-06-01
219,20548,0.0390295938962081,2006-06-01
220,30923,0.0389660217105811,2006-06-01
221,147398,0.041382191570309,2006-06-01
222,1380,0.0456630140542984,2006-09-01
223,1678,0.0456630140542984,2006-09-01
224,8549,0.0456630140542984,2006-09-01
225,11506,0.0496292375028133,2006-09-01
226,14934,0.0456630140542984,2006-09-01
227,28338,0.0544270761311054,2006-09-01
228,29173,0.0498444773256778,2006-09-01
229,30923,0.0494637824594974,2006-09-01
230,1380,0.0504457587068231,2006-12-01
231,7938,0.0515097889480652,2006-12-01
232,8151,0.04296214876206,2006-12-01
233,8549,0.0427020623791971,2006-12-01
234,15247,0.0414934026826663,2006-12-01
235,30923,0.0507363135299605,2006-12-01
236,147398,0.0385155017396828,2006-12-01
237,1380,0.0459256114363742,2007-03-01
238,7938,0.0554215273461375,2007-03-01
239,8151,0.050812461129332,2007-03-01
240,8549,0.0457482886002035,2007-03-01
241,15247,0.0434577900725939,2007-03-01
242,30923,0.0460646324595389,2007-03-01
243,147398,0.0405160591490945,2007-03-01
244,2991,0.040252994915397,2007-06-01
245,6788,0.0455243942087933,2007-06-01
246,8151,0.0491393366862597,2007-06-01
247,11506,0.043997269939864,2007-06-01
248,15247,0.0398308160051349,2007-06-01
249,29173,0.0501410783486574,2007-06-01
250,30923,0.0552292693966014,2007-06-01
251,1380,0.0405528657138347,2007-09-04
252,1661,0.0405528657138347,2007-09-04
253,6788,0.0447733514010906,2007-09-04
254,11506,0.0405528657138347,2007-09-04
255,15247,0.0447733514010906,2007-09-04
256,29173,0.0405528657138347,2007-09-04
257,120093,0.0405528657138347,2007-09-04
258,1380,0.038131944835186,2007-12-03
259,1661,0.038131944835186,2007-12-03
260,1678,0.038131944835186,2007-12-03
261,2991,0.038131944835186,2007-12-03
262,5439,0.038131944835186,2007-12-03
263,5581,0.038131944835186,2007-12-03
264,6788,0.042504746466875,2007-12-03
265,7938,0.038131944835186,2007-12-03
266,8068,0.038131944835186,2007-12-03
267,8549,0.038131944835186,2007-12-03
268,15247,0.038131944835186,2007-12-03
269,28338,0.038131944835186,2007-12-03
270,30923,0.0651666224002838,2007-12-03
271,120093,0.038131944835186,2007-12-03
272,147398,0.038131944835186,2007-12-03
273,1380,0.0442845086155989,2008-03-03
274,7620,0.0442163939509953,2008-03-03
275,7938,0.0464952918974979,2008-03-03
276,8151,0.0513081034195227,2008-03-03
277,15247,0.0486027767538089,2008-03-03
278,29173,0.0552189712513907,2008-03-03
279,30923,0.057759684750127,2008-03-03
280,1380,0.0408969451509104,2008-06-02
281,1678,0.0404953803700645,2008-06-02
282,2991,0.0404953803700645,2008-06-02
283,7938,0.0543865870936437,2008-06-02
284,8151,0.0524156035850726,2008-06-02
285,11506,0.0537682130913031,2008-06-02
286,14934,0.0404953803700645,2008-06-02
287,120093,0.0494560689056766,2008-06-02
288,1678,0.0361444483730084,2008-09-02
289,6788,0.040429006807484,2008-09-02
290,7938,0.0522554806879099,2008-09-02
291,14934,0.0383806142063275,2008-09-02
292,28338,0.0373967412780888,2008-09-02
293,120093,0.0372095254098026,2008-09-02
294,147398,0.0379276239456235,2008-09-02
295,5581,0.0516119580493634,2008-12-01
296,7620,0.046587511297496,2008-12-01
297,7938,0.0539060862883525,2008-12-01
298,8549,0.0452205134683505,2008-12-01
299,15247,0.0622150443668459,2008-12-01
300,30923,0.0466345407698126,2008-12-01
301,63892,0.0469518524462984,2008-12-01
302,1661,0.0715635496824824,2009-03-02
303,6788,0.0552432111144511,2009-03-02
304,7938,0.0556231156402382,2009-03-02
305,8151,0.051227700659275,2009-03-02
306,9465,0.0572241380911343,2009-03-02
307,15247,0.0673876402873484,2009-03-02
308,147398,0.0722750286576734,2009-03-02
309,1661,0.0791358492801707,2009-06-01
310,1678,0.0616030942926139,2009-06-01
311,7620,0.0514235070265701,2009-06-01
312,7938,0.0889295718871904,2009-06-01
313,8151,0.0535471946925512,2009-06-01
314,11506,0.0561760701621833,2009-06-01
315,14934,0.0573037570116442,2009-06-01
316,5581,0.0535410522504581,2009-09-01
317,8151,0.0579937320455902,2009-09-01
318,11506,0.0689148298485317,2009-09-01
319,15247,0.0601051532360114,2009-09-01
320,20548,0.0532730650157176,2009-09-01
321,29173,0.052490846779368,2009-09-01
322,63892,0.0524033206926099,2009-09-01
323,1380,0.0589634366333484,2009-12-01
324,5439,0.0396975576877594,2009-12-01
325,8068,0.0795427486300468,2009-12-01
326,15247,0.046229425817728,2009-12-01
327,63892,0.037445317953825,2009-12-01
328,120093,0.0450888983905315,2009-12-01
329,147398,0.0601933635771274,2009-12-01
330,4503,0.0496903360330384,2010-03-01
331,7938,0.0441939515670634,2010-03-01
332,8151,0.0464720546711314,2010-03-01
333,11506,0.0877949269193877,2010-03-01
334,14934,0.0582581193018836,2010-03-01
335,15247,0.136687450997334,2010-03-01
336,164046,0.0545321321689201,2010-03-01
337,5581,0.0474164689426326,2010-06-01
338,8151,0.0418499416071403,2010-06-01
339,11506,0.0633152023913332,2010-06-01
340,15247,0.0770061840794817,2010-06-01
341,20548,0.0469299465078996,2010-06-01
342,63892,0.049274937298978,2010-06-01
343,147398,0.062838233999965,2010-06-01
344,1380,0.0340640284121036,2010-09-01
345,14934,0.0340640284121036,2010-09-01
346,15247,0.0376394391059875,2010-09-01
347,28338,0.1023230850696563,2010-09-01
348,30923,0.0340640284121036,2010-09-01
349,63892,0.0667871162295341,2010-09-01
350,147398,0.0376394391059875,2010-09-01
351,1380,0.0476371049880981,2010-12-01
352,1678,0.0471742823719978,2010-12-01
353,15247,0.0377695113420486,2010-12-01
354,28338,0.0471742823719978,2010-12-01
355,63892,0.0471742823719978,2010-12-01
356,147398,0.0377695113420486,2010-12-01
357,164046,0.0597581341862678,2010-12-01
358,7938,0.0520207339985338,2011-03-01
359,8151,0.0668986494029319,2011-03-01
360,11506,0.0534439076059075,2011-03-01
361,15247,0.0705362554803846,2011-03-01
362,20548,0.0535550947917843,2011-03-01
363,30923,0.0470413558430445,2011-03-01
364,147398,0.0584907874197297,2011-03-01
365,185532,0.0868918344862587,2011-03-01
366,4430,0.0292653776705265,2011-06-01
367,7620,0.0291286408901214,2011-06-01
368,7938,0.0292653776705265,2011-06-01
369,8151,0.0292653776705265,2011-06-01
370,8549,0.0291286408901214,2011-06-01
371,11506,0.0292653776705265,2011-06-01
372,30923,0.0291286408901214,2011-06-01
373,147398,0.033947043120861,2011-06-01
374,185532,0.0506192781031131,2011-06-01
375,7620,0.0381565707603426,2011-09-01
376,7938,0.0367186562129819,2011-09-01
377,8549,0.0351177647463897,2011-09-01
378,11506,0.0323428996027567,2011-09-01
379,15247,0.0728907425857141,2011-09-01
380,147398,0.0559421888554739,2011-09-01
381,185532,0.0335435990511041,2011-09-01
382,186989,0.0706388033453034,2011-09-01
383,4430,0.0523783735878721,2011-12-01
384,7620,0.0731932336758682,2011-12-01
385,7938,0.0534635212203274,2011-12-01
386,15247,0.0926087978281551,2011-12-01
387,120093,0.0501922600514641,2011-12-01
388,147398,0.0680815253112488,2011-12-01
389,185532,0.0497535331310251,2011-12-01
390,186989,0.0834590704468065,2011-12-01
391,7620,0.052527059441625,2012-03-01
392,7938,0.0517702589049995,2012-03-01
393,8151,0.0534355572821512,2012-03-01
394,15247,0.0518060397020052,2012-03-01
395,29173,0.0482457903722398,2012-03-01
396,120093,0.0500380045580796,2012-03-01
397,147398,0.0606869720580291,2012-03-01
398,186989,0.0638027520051885,2012-03-01
399,5439,0.0503492317829981,2012-06-01
400,5581,0.0536464230320876,2012-06-01
401,7620,0.0623055356361705,2012-06-01
402,8151,0.0459410672208248,2012-06-01
403,15247,0.0537932245057479,2012-06-01
404,147398,0.0606083769589866,2012-06-01
405,170841,0.067989184928896,2012-06-01
406,186989,0.0454860906622817,2012-06-01
407,5439,0.0577423187726847,2012-09-04
408,5581,0.0579892447252529,2012-09-04
409,7620,0.0535492240842905,2012-09-04
410,15247,0.0589515670548851,2012-09-04
411,29173,0.0491709221405193,2012-09-04
412,147398,0.0606697075065448,2012-09-04
413,170841,0.0621443591857871,2012-09-04
414,186989,0.0561121775290711,2012-09-04
415,5439,0.0668911133118106,2012-12-03
416,5581,0.0515155012530756,2012-12-03
417,15247,0.0522392804207032,2012-12-03
418,29173,0.0649887630087096,2012-12-03
419,30923,0.0530629808688301,2012-12-03
420,120093,0.0560942939277083,2012-12-03
421,147398,0.0602934107859283,2012-12-03
422,170750,0.0812854093579019,2012-12-03
423,186989,0.0628269666294968,2012-12-03
424,7938,0.0788230625672564,2013-03-01
425,8151,0.0493939858781364,2013-03-01
426,12892,0.0490349352261203,2013-03-01
427,15247,0.0637975333556405,2013-03-01
428,29173,0.0600453689240812,2013-03-01
429,120093,0.0483491319744585,2013-03-01
430,147398,0.0772516590107175,2013-03-01
431,170750,0.0535773334895964,2013-03-01
432,186989,0.0543673595221857,2013-03-01
433,7938,0.0394871701605416,2013-06-03
434,8151,0.0341055991315953,2013-06-03
435,11506,0.0280987746774778,2013-06-03
436,12892,0.0429157604994834,2013-06-03
437,15247,0.047437476614954,2013-06-03
438,29173,0.0527005658926871,2013-06-03
439,120093,0.0396559633000341,2013-06-03
440,147398,0.0550539702648622,2013-06-03
441,186989,0.0386032013212905,2013-06-03
442,1380,0.0628493502736091,2013-09-03
443,1661,0.0432371608912944,2013-09-03
444,7938,0.0490446351468563,2013-09-03
445,12892,0.0541445016860961,2013-09-03
446,15247,0.0504258200526237,2013-09-03
447,18289,0.0503795817494392,2013-09-03
448,28338,0.0656211376190185,2013-09-03
449,29173,0.0467678196728229,2013-09-03
450,186989,0.06080923974514,2013-09-03
451,7938,0.0639422440832593,2013-12-02
452,8151,0.0521066697494931,2013-12-02
453,11506,0.0457832758429223,2013-12-02
454,12892,0.0670696848427693,2013-12-02
455,15247,0.0446641822930052,2013-12-02
456,18289,0.0573436816893573,2013-12-02
457,29173,0.0493941775375661,2013-12-02
458,120093,0.0529886067440934,2013-12-02
459,147398,0.0781384377614803,2013-12-02
460,1661,0.0490461401641368,2014-03-03
461,1678,0.0850114971399307,2014-03-03
462,4430,0.0474360883235931,2014-03-03
463,7938,0.0576151721179485,2014-03-03
464,11506,0.0624170117080211,2014-03-03
465,12892,0.0458969846367836,2014-03-03
466,18289,0.0429668575525283,2014-03-03
467,20548,0.0423032157123088,2014-03-03
468,147398,0.0405901335179805,2014-03-03
469,1678,0.0506693013012409,2014-06-02
470,7938,0.048134047538042,2014-06-02
471,8151,0.038545086979866,2014-06-02
472,11506,0.0418142229318618,2014-06-02
473,12892,0.0451779142022132,2014-06-02
474,18289,0.0561069138348102,2014-06-02
475,20548,0.0413030833005905,2014-06-02
476,28338,0.0675107836723327,2014-06-02
477,147398,0.045988418161869,2014-06-02
478,7938,0.0703336206684855,2014-09-02
479,12892,0.051277852177004,2014-09-02
480,18289,0.0640039526351423,2014-09-02
481,20548,0.0451505645187081,2014-09-02
482,28338,0.044346586337183,2014-09-02
483,29173,0.0373887761910531,2014-09-02
484,120093,0.039118717334078,2014-09-02
485,147398,0.0670012129538738,2014-09-02
486,186989,0.0402559636388061,2014-09-02
487,7938,0.0700941235463362,2014-12-01
488,8151,0.0508884623389604,2014-12-01
489,11506,0.0498024646353872,2014-12-01
490,12892,0.0791974132691834,2014-12-01
491,15247,0.0537204030446663,2014-12-01
492,18289,0.0594536648278459,2014-12-01
493,28338,0.0712533433535474,2014-12-01
494,29173,0.0702825728935906,2014-12-01
495,147398,0.060985426678685,2014-12-01
496,7938,0.0707544052921544,2015-03-02
497,8151,0.0715614564671648,2015-03-02
498,12892,0.0731895207137911,2015-03-02
499,20548,0.0609430905346155,2015-03-02
500,28338,0.0635379467843344,2015-03-02
501,29173,0.0567592765234616,2015-03-02
502,120093,0.061380033485625,2015-03-02
503,147398,0.0739888875599458,2015-03-02
504,164046,0.0689457005076836,2015-03-02
505,7938,0.062040740685306,2015-06-01
506,8151,0.0732349367246918,2015-06-01
507,12892,0.0593147468525313,2015-06-01
508,18289,0.0792882681594831,2015-06-01
509,28338,0.0682881401827797,2015-06-01
510,30923,0.052689105011047,2015-06-01
511,120093,0.0654641555146561,2015-06-01
512,147398,0.0603101011382222,2015-06-01
513,312009,0.0810329445199657,2015-06-01
514,12892,0.0690141435067478,2015-09-01
515,18289,0.0764606660156023,2015-09-01
516,18465,0.0813704510240504,2015-09-01
517,28338,0.0692141792099861,2015-09-01
518,29173,0.0723677728718354,2015-09-01
519,30923,0.0930970034902172,2015-09-01
520,120093,0.0920020744238763,2015-09-01
521,147398,0.0732484813523934,2015-09-01
522,312009,0.0826662155399029,2015-09-01
523,6788,0.0575020451026416,2015-12-01
524,8151,0.0722734150949797,2015-12-01
525,11506,0.0578236673609296,2015-12-01
526,12892,0.0599589492866118,2015-12-01
527,18465,0.0750911996518954,2015-12-01
528,30923,0.0589194466172825,2015-12-01
529,120093,0.0663842545075005,2015-12-01
530,147398,0.0558891815708312,2015-12-01
531,185532,0.0552515480256754,2015-12-01
532,1661,0.0548355430364608,2016-03-01
533,10504,0.036870677024126,2016-03-01
534,18465,0.0466546639800071,2016-03-01
535,20548,0.0309400781989097,2016-03-01
536,28338,0.0488165728747844,2016-03-01
537,30923,0.0294877607375383,2016-03-01
538,63892,0.0398839712142944,2016-03-01
539,120093,0.0316296368837356,2016-03-01
540,164046,0.0397655740380287,2016-03-01
541,5581,0.0395603659480133,2016-06-01
542,8151,0.0417363717925511,2016-06-01
543,18289,0.0518157221084037,2016-06-01
544,18465,0.0542128252866144,2016-06-01
545,28338,0.0582571025902806,2016-06-01
546,30923,0.0382036950461797,2016-06-01
547,32106,0.0382036950461797,2016-06-01
548,147398,0.0518157221084037,2016-06-01
549,186989,0.0557785057463174,2016-06-01
550,312009,0.0605728167711479,2016-06-01
551,7620,0.0299724480905356,2016-09-01
552,7938,0.0194862620606609,2016-09-01
553,8151,0.021251216976757,2016-09-01
554,12892,0.03369853415776,2016-09-01
555,18465,0.0642783369875068,2016-09-01
556,28338,0.0434264673396533,2016-09-01
557,30923,0.0212695489598835,2016-09-01
558,147398,0.0220755223621507,2016-09-01
559,186989,0.0239315183649234,2016-09-01
560,312009,0.0527910238797168,2016-09-01
561,7938,0.0161026194691658,2016-12-01
562,8151,0.0188803486526012,2016-12-01
563,11506,0.0154238976538181,2016-12-01
564,18289,0.01762605458498,2016-12-01
565,28338,0.01762605458498,2016-12-01
566,30923,0.01762605458498,2016-12-01
567,147398,0.0172202792018651,2016-12-01
568,164046,0.0224521979689598,2016-12-01
569,170841,0.0389898642897605,2016-12-01
570,312009,0.0222270358353853,2016-12-01
571,4503,0.0123652566630587,2017-03-01
572,8151,0.0166207691159319,2017-03-01
573,14934,0.0132587234052255,2017-03-01
574,18289,0.0262229542761543,2017-03-01
575,28338,0.0256096303670785,2017-03-01
576,30923,0.0190922759975184,2017-03-01
577,32106,0.0155057476815025,2017-03-01
578,164046,0.017650116051606,2017-03-01
579,186989,0.014690638448348,2017-03-01
580,312009,0.0147508637062658,2017-03-01
581,4430,0.0183422546833753,2017-06-01
582,5581,0.0080672735348343,2017-06-01
583,6788,0.0160949137061834,2017-06-01
584,7938,0.0176545027643442,2017-06-01
585,8151,0.0083796763792634,2017-06-01
586,14934,0.0083796763792634,2017-06-01
587,18465,0.0183422546833753,2017-06-01
588,20548,0.0083796763792634,2017-06-01
589,31109,0.0082995500415563,2017-06-01
590,312009,0.0983185172080993,2017-06-01
591,6788,0.0299359106301959,2017-09-01
592,7938,0.0317651703018125,2017-09-01
593,11506,0.0329404245223331,2017-09-01
594,12892,0.0495285099934026,2017-09-01
595,18465,0.0289513208396782,2017-09-01
596,32106,0.0361526070576026,2017-09-01
597,120093,0.0292398889420036,2017-09-01
598,147398,0.0292427195494009,2017-09-01
599,164046,0.0473686134100823,2017-09-01
600,312009,0.026824627076434,2017-09-01
601,1661,0.0408487257303848,2017-12-01
602,1678,0.0357866763262208,2017-12-01
603,4430,0.0369435012903578,2017-12-01
604,6788,0.0334464475728196,2017-12-01
605,11506,0.0376697747767053,2017-12-01
606,12892,0.0347873648791947,2017-12-01
607,28338,0.0921585374298411,2017-12-01
608,29173,0.0441354802253133,2017-12-01
609,63892,0.0474145719901241,2017-12-01
610,120093,0.0355594986402191,2017-12-01
611,1678,0.0338674976282438,2018-03-01
612,4430,0.034398556137781,2018-03-01
613,11506,0.0429361782072622,2018-03-01
614,12892,0.0405244439268619,2018-03-01
615,18289,0.0328402358473095,2018-03-01
616,18465,0.0430692894262077,2018-03-01
617,120093,0.0373737997735312,2018-03-01
618,147398,0.0347655434269506,2018-03-01
619,164046,0.0380797399690001,2018-03-01
620,312009,0.0396978517966382,2018-03-01
621,1661,0.0621243007481098,2018-06-01
622,4430,0.0073671056888997,2018-06-01
623,6788,0.0073671056888997,2018-06-01
624,7620,0.0073671056888997,2018-06-01
625,11506,0.0073671056888997,2018-06-01
626,12892,0.0073671056888997,2018-06-01
627,14934,0.0073671056888997,2018-06-01
628,16478,0.00816186144948,2018-06-01
629,18289,0.0073671056888997,2018-06-01
630,18465,0.0073671056888997,2018-06-01
631,20548,0.0073671056888997,2018-06-01
632,28338,0.0073671056888997,2018-06-01
633,29173,0.0192535072565078,2018-06-01
634,30923,0.0073671056888997,2018-06-01
635,31109,0.0146595332771539,2018-06-01
636,32106,0.0245238691568374,2018-06-01
637,34034,0.0414765030145645,2018-06-01
638,120093,0.0073671056888997,2018-06-01
639,147398,0.0073671056888997,2018-06-01
640,164046,0.0077314642257988,2018-06-01
641,170750,0.0120566366240382,2018-06-01
642,312009,0.1026049777865409,2018-06-01
643,4430,0.0099720228463411,2018-09-04
644,7620,0.0100962398573756,2018-09-04
645,7938,0.0186475720256567,2018-09-04
646,10504,0.0180179215967655,2018-09-04
647,12892,0.0122396498918533,2018-09-04
648,14934,0.0107201281934976,2018-09-04
649,18289,0.0107201281934976,2018-09-04
650,28338,0.0099720228463411,2018-09-04
651,29173,0.0085101528093218,2018-09-04
652,120093,0.0246942602097988,2018-09-04
653,7938,0.0238262923434939,2018-12-03
654,11506,0.023141874847954,2018-12-03
655,12892,0.0307690961944294,2018-12-03
656,14934,0.0250265872653807,2018-12-03
657,18289,0.0307337977687014,2018-12-03
658,18465,0.0321213794828074,2018-12-03
659,29173,0.0260749493285833,2018-12-03
660,32106,0.0237950926586941,2018-12-03
661,120093,0.0449323816561111,2018-12-03
662,312009,0.0345265290164292,2018-12-03
663,7938,0.0217337374124197,2019-03-01
664,11506,0.0246183809272159,2019-03-01
665,12892,0.0250106968583997,2019-03-01
666,14934,0.0383845080652015,2019-03-01
667,18289,0.0214473759359211,2019-03-01
668,30923,0.0252226438680842,2019-03-01
669,34034,0.024153115291096,2019-03-01
670,120093,0.0342721386877188,2019-03-01
671,186989,0.0223319357343441,2019-03-01
672,312009,0.0217021793006177,2019-03-01
673,1661,0.0525385625660419,2019-06-03
674,5439,0.0241571776568889,2019-06-03
675,12892,0.0129058165475726,2019-06-03
676,14934,0.0638656169176101,2019-06-03
677,15247,0.009321516379714,2019-06-03
678,18465,0.0161837302148342,2019-06-03
679,20548,0.0122500536963343,2019-06-03
680,120093,0.0133578618988394,2019-06-03
681,170841,0.009321516379714,2019-06-03
682,186989,0.0158723201602697,2019-06-03
683,1661,0.018696142360568,2019-09-03
684,1678,0.0097194518893957,2019-09-03
685,4430,0.0107790846377611,2019-09-03
686,5581,0.0097194518893957,2019-09-03
687,10504,0.0203720051795244,2019-09-03
688,12892,0.011982743628323,2019-09-03
689,14934,0.0140843661502003,2019-09-03
690,18289,0.0097194518893957,2019-09-03
691,18465,0.0409926176071167,2019-09-03
692,20548,0.0140843661502003,2019-09-03
693,28338,0.0097194518893957,2019-09-03
694,34034,0.0140843661502003,2019-09-03
695,63892,0.0129910577088594,2019-09-03
696,185532,0.0097194518893957,2019-09-03
697,5439,0.0305778891708697,2019-12-02
698,7620,0.0353974505301717,2019-12-02
699,11506,0.0311816843058044,2019-12-02
700,12892,0.0588216624657261,2019-12-02
701,14934,0.0448470616833888,2019-12-02
702,18465,0.039383624265196,2019-12-02
703,20548,0.0585136825101415,2019-12-02
704,34034,0.0331688037359894,2019-12-02
705,120093,0.0352650916876843,2019-12-02
706,186989,0.034764120794081,2019-12-02
707,6788,0.0454730885856564,2020-03-02
708,7620,0.0513237797471936,2020-03-02
709,10504,0.0370235347949951,2020-03-02
710,11506,0.037365569742038,2020-03-02
711,12892,0.0733158861929615,2020-03-02
712,18465,0.0344906754385821,2020-03-02
713,20548,0.0643741534592256,2020-03-02
714,30923,0.0493695111799804,2020-03-02
715,34034,0.0408149468663583,2020-03-02
716,186989,0.0383086936095528,2020-03-02
717,1678,0.006438220385462,2020-06-01
718,5439,0.0114624761044979,2020-06-01
719,7620,0.0064038806594908,2020-06-01
720,7938,0.008042637258768,2020-06-01
721,9465,0.0114624761044979,2020-06-01
722,11506,0.0114624761044979,2020-06-01
723,12892,0.006438220385462,2020-06-01
724,30923,0.0083675719797611,2020-06-01
725,32106,0.0064038806594908,2020-06-01
726,63892,0.0056761894375085,2020-06-01
727,7938,0.003357460819709,2020-09-01
728,8151,0.0178756526652788,2020-09-01
729,8549,0.0031297206553564,2020-09-01
730,9465,0.008418743030256,2020-09-01
731,11506,0.0094520995547605,2020-09-01
732,12892,0.0238339952972808,2020-09-01
733,14934,0.0070244102876811,2020-09-01
734,16478,0.0025435960878842,2020-09-01
735,186989,0.0063980602986536,2020-09-01
736,312009,0.0080269540078901,2020-09-01
737,5439,-2.8465103494931567e-05,2020-12-01
738,6788,0.002155067239158,2020-12-01
739,8151,0.0214147332594277,2020-12-01
740,9465,0.0008475632645988,2020-12-01
741,11506,0.0092012104369547,2020-12-01
742,12892,0.0280761159885886,2020-12-01
743,14934,0.0054381994041043,2020-12-01
744,147398,-0.0002400811455793,2020-12-01
745,186989,0.0025425755279736,2020-12-01
746,312009,0.0069961248831062,2020-12-01
747,6788,-0.0017643566322807,2021-03-01
748,8151,0.0211881783013856,2021-03-01
749,9465,-0.0005062113000432,2021-03-01
750,10504,-0.0046807603492324,2021-03-01
751,11506,0.0022090561900739,2021-03-01
752,12892,0.0338707358077728,2021-03-01
753,14934,0.001909017932928,2021-03-01
754,15247,-0.001567983600133,2021-03-01
755,186989,-0.0015322445136881,2021-03-01
756,312009,-0.0013327293510627,2021-03-01
757,1678,-0.0076307640410959,2021-06-01
758,5581,-0.0044821118935942,2021-06-01
759,10504,-0.0032011726871132,2021-06-01
760,12892,-0.0061453855596482,2021-06-01
761,18289,-0.0043352097272872,2021-06-01
762,20548,-0.0041017057374119,2021-06-01
763,28338,-0.0043352097272872,2021-06-01
764,30923,0.0033842569682747,2021-06-01
765,34034,-0.0044821118935942,2021-06-01
766,312009,-0.0043986281380057,2021-06-01
767,1678,-0.0078317709267139,2021-09-01
768,5439,-0.0078317709267139,2021-09-01
769,9465,-0.0078317709267139,2021-09-01
770,11506,-0.0078317709267139,2021-09-01
771,12892,-0.0078317709267139,2021-09-01
772,14934,-0.0078317709267139,2021-09-01
773,18465,-0.004837205633521,2021-09-01
774,120093,-0.004837205633521,2021-09-01
775,147398,-0.004837205633521,2021-09-01
776,164046,-0.004837205633521,2021-09-01
777,7938,-0.000323007319821,2021-12-01
778,12892,-0.0114034293219447,2021-12-01
779,15247,-0.0116671761497855,2021-12-01
780,30923,-0.000164495431818,2021-12-01
781,63892,-0.0126242833212018,2021-12-01
782,120093,-0.0126242833212018,2021-12-01
783,147398,-0.0102237705141305,2021-12-01
784,164046,0.0002519634435884,2021-12-01
785,186989,-0.0120160980150103,2021-12-01
786,312009,-0.0104481726884841,2021-12-01
787,1661,0.0271238939680372,2022-03-01
788,4430,0.014729153450651,2022-03-01
789,11506,0.0095766761381896,2022-03-01
790,12892,0.0244192636552677,2022-03-01
791,15247,0.0315709320577533,2022-03-01
792,18289,0.0180911306790644,2022-03-01
793,30923,0.0175481007077954,2022-03-01
794,120093,0.0161618735070576,2022-03-01
795,147398,0.0150392332142216,2022-03-01
796,170841,0.0188768054410565,2022-03-01
797,1661,0.0530521363742093,2022-06-01
798,4430,0.0061738583838644,2022-06-01
799,8151,0.0058499930110824,2022-06-01
800,12892,0.0381931520211365,2022-06-01
801,15247,0.0175533039968542,2022-06-01
802,30923,0.0123595475607262,2022-06-01
803,31109,0.0044741369116555,2022-06-01
804,120093,0.0351956586747623,2022-06-01
805,170841,0.011938080244826,2022-06-01
806,186989,0.0232714032346904,2022-06-01
807,1661,0.0416738489112963,2022-09-01
808,8151,0.0093093552962507,2022-09-01
809,12892,0.0354660008273054,2022-09-01
810,15247,0.0270364692948184,2022-09-01
811,30923,0.0054522528778298,2022-09-01
812,120093,0.0435888063414936,2022-09-01
813,164046,0.0288009818464393,2022-09-01
814,170841,0.0228529162579945,2022-09-01
815,185532,0.0125524165589504,2022-09-01
816,186989,0.0264661778015339,2022-09-01
817,1661,0.0451096924177403,2022-12-01
818,1678,0.003832634357968,2022-12-01
819,8151,0.0070483378036038,2022-12-01
820,12892,0.0327177584486372,2022-12-01
821,15247,0.0201363051841606,2022-12-01
822,31109,0.0077111816789491,2022-12-01
823,164046,0.0146661982047444,2022-12-01
824,170841,0.0120016992206211,2022-12-01
825,185532,0.0114401226124702,2022-12-01
826,186989,0.0229520666578369,2022-12-01
827,1661,0.0551762094679954,2023-03-01
828,1678,0.0262410118517386,2023-03-01
829,11506,0.0188105894565226,2023-03-01
830,12892,0.0476531049623498,2023-03-01
831,30923,0.0213963078408466,2023-03-01
832,31109,0.0263212060346931,2023-03-01
833,120093,0.0593797613726287,2023-03-01
834,164046,0.0271033791777485,2023-03-01
835,185532,0.0209964080707544,2023-03-01
836,186989,0.020678728576883,2023-03-01
837,1661,0.0382004033875124,2023-06-01
838,1678,0.0271555381870629,2023-06-01
839,4430,0.0245663806183211,2023-06-01
840,5581,0.0287908849512794,2023-06-01
841,6788,0.0283065260803344,2023-06-01
842,10504,0.029969543874752,2023-06-01
843,30923,0.0345685081506146,2023-06-01
844,31109,0.0332897645549887,2023-06-01
845,164046,0.0383176024024639,2023-06-01
846,185532,0.0290608265327227,2023-06-01
847,1661,0.0552263711133926,2023-09-01
848,1678,0.0237478878972417,2023-09-01
849,2991,0.013976641435911,2023-09-01
850,6788,0.0138202637872225,2023-09-01
851,10504,0.0213843622199568,2023-09-01
852,12892,0.0189894124336878,2023-09-01
853,15247,0.0132331503978364,2023-09-01
854,18289,0.0142707379780898,2023-09-01
855,170841,0.0132331503978364,2023-09-01
856,185532,0.0237478878972417,2023-09-01
857,186989,0.0132331503978364,2023-09-01
858,312009,0.0204975584940327,2023-09-01
859,1678,0.0264421221171508,2023-12-01
860,2991,0.0215482121033549,2023-12-01
861,6788,0.0261690447893797,2023-12-01
862,10504,0.0262913608242179,2023-12-01
863,31109,0.0215805825325077,2023-12-01
864,43507,0.0287976023527297,2023-12-01
865,120093,0.0226739681015065,2023-12-01
866,170750,0.0225076820605477,2023-12-01
867,185532,0.0233218184676334,2023-12-01
868,312009,0.0357801198238061,2023-12-01
869,1661,0.0408702577984444,2024-03-01
870,1678,0.0145284161882679,2024-03-01
871,5439,0.0227537991714015,2024-03-01
872,9465,0.0312209828228953,2024-03-01
873,11506,0.0230858352042094,2024-03-01
874,12892,0.0145284161882679,2024-03-01
875,18289,0.0228747957369858,2024-03-01
876,28338,0.0528658620853548,2024-03-01
877,43507,0.0230858352042094,2024-03-01
878,170750,0.0206447202515073,2024-03-01
879,185532,0.0145284161882679,2024-03-01
880,312009,0.0178920614901578,2024-03-01
881,322985,0.0145284161882679,2024-03-01
882,327675,0.0178920614901578,2024-03-01
883,1380,0.0021629263892607,2024-06-03
884,1661,0.0042634129906784,2024-06-03
885,1678,0.00865151422634,2024-06-03
886,4503,0.0008279320799227,2024-06-03
887,7620,0.0010937126368768,2024-06-03
888,8068,0.0022717528593445,2024-06-03
889,12892,0.0150615213728306,2024-06-03
890,20548,0.0032162193121542,2024-06-03
891,31109,0.0019588819848543,2024-06-03
892,147398,0.0002821905160179,2024-06-03
893,185532,0.00865151422634,2024-06-03
894,1678,0.0085047182141717,2024-09-03
895,5581,0.0142310664263526,2024-09-03
896,10504,0.0250228874269156,2024-09-03
897,12892,0.0121739479035858,2024-09-03
898,30923,0.0161427830271638,2024-09-03
899,32106,0.0244228769167577,2024-09-03
900,63892,0.0123204162196848,2024-09-03
901,164046,0.058356485498878,2024-09-03
902,185532,0.0147660796947647,2024-09-03
903,312009,0.0137870495584685,2024-09-03
904,322985,0.023749516730844,2024-09-03
905,1678,0.0144695593044161,2024-12-02
906,7620,0.0083462921902537,2024-12-02
907,10504,0.0148586910218,2024-12-02
908,11506,0.0139018408954143,2024-12-02
909,12892,0.0083619691431522,2024-12-02
910,30923,0.0134335439652204,2024-12-02
911,31109,0.0200517084449529,2024-12-02
912,43507,0.0068282377906143,2024-12-02
913,147398,0.0381121672689914,2024-12-02
914,312009,0.0243742726743221,2024-12-02
915,4213,0.0128914384364288,2001-06-01
916,6821,0.019459795274939,2001-06-01
917,7881,0.0258774531773466,2001-06-01
918,9555,0.0165556042375522,2001-06-01
919,29751,0.0071303086839011,2001-06-01
920,64030,0.0114132668272944,2001-06-01
921,128978,0.0140210260125475,2001-06-01
922,3619,0.0058292794991152,2001-09-04
923,4213,0.0379768210623484,2001-09-04
924,9555,0.0481036096352904,2001-09-04
925,9667,0.0565266659204915,2001-09-04
926,29751,0.0063618770155239,2001-09-04
927,64030,0.0199042044236638,2001-09-04
928,128978,0.0013039547178615,2001-09-04
929,1209,0.0196058403254223,2001-12-03
930,1794,0.0087060838285896,2001-12-03
931,1913,0.0324535232106385,2001-12-03
932,4213,0.0246430605608737,2001-12-03
933,9667,0.0270135039312151,2001-12-03
934,25124,0.0190198782128246,2001-12-03
935,29751,0.017000410527276,2001-12-03
936,1209,0.0065574832260608,2002-03-01
937,1794,0.0048175095580518,2002-03-01
938,1913,0.0042354171164333,2002-03-01
939,3107,0.0040254704654216,2002-03-01
940,7881,0.0028634732589125,2002-03-01
941,9555,0.0065574832260608,2002-03-01
942,9667,0.0060125524178147,2002-03-01
943,1988,0.0183248817920684,2002-06-03
944,3107,0.0217762310057878,2002-06-03
945,3619,0.0221572332084178,2002-06-03
946,6821,0.0221572332084178,2002-06-03
947,29733,0.0332866162061691,2002-06-03
948,29751,0.0100719518959522,2002-06-03
949,64030,0.0208137352019548,2002-06-03
950,1794,0.0121838837691474,2002-09-03
951,1913,0.0172563610032153,2002-09-03
952,1988,0.02476463678067,2002-09-03
953,4510,0.0093594704332144,2002-09-03
954,9555,0.031658602852534,2002-09-03
955,29751,0.0172420141642603,2002-09-03
956,64030,0.000999721384812,2002-09-03
957,1913,0.006716217380017,2002-12-02
958,1988,0.0082098273560404,2002-12-02
959,4060,0.0093593532219529,2002-12-02
960,4510,0.0082098273560404,2002-12-02
961,8247,0.0115980291739106,2002-12-02
962,64030,0.0082098273560404,2002-12-02
963,162129,0.0115980291739106,2002-12-02
964,1988,0.0332306788397446,2003-03-03
965,3107,0.0377896430319106,2003-03-03
966,8030,0.0256090444336379,2003-03-03
967,8247,0.0281579279931764,2003-03-03
968,9667,0.0250511358658669,2003-03-03
969,10405,0.0377896430319106,2003-03-03
970,25124,0.0291433254641318,2003-03-03
971,1988,0.0032214312814176,2003-06-02
972,3107,0.0668674632906913,2003-06-02
973,4510,0.003624381031841,2003-06-02
974,8247,0.0014487726148217,2003-06-02
975,9555,0.0014487726148217,2003-06-02
976,64030,0.0083949277177453,2003-06-02
977,162129,0.0668613016605377,2003-06-02
978,1913,0.0137571618080945,2003-09-02
979,1988,0.0169590526744776,2003-09-02
980,3107,0.0235079047422455,2003-09-02
981,4510,0.0051204573966353,2003-09-02
982,9555,0.0037815999974001,2003-09-02
983,25124,0.0042390847918062,2003-09-02
984,64030,0.0071665481199476,2003-09-02
985,1913,0.0274258588063896,2003-12-01
986,8030,0.0092883404828629,2003-12-01
987,9555,0.0095885783463449,2003-12-01
988,9667,0.0155732231489002,2003-12-01
989,10405,0.0112287565686484,2003-12-01
990,23978,0.0135892519427791,2003-12-01
991,29392,0.0197963797776567,2003-12-01
992,1913,0.0049791596829891,2004-03-01
993,3107,0.011014892719686,2004-03-01
994,6078,-0.0008186577470041,2004-03-01
995,8247,-0.0005107743781991,2004-03-01
996,9667,0.0159726347774267,2004-03-01
997,25124,0.0101699018850922,2004-03-01
998,29751,0.0013499530032277,2004-03-01
999,1209,0.0044948002323508,2004-06-01
1000,1988,0.0048347353003919,2004-06-01
1001,8030,0.0017889634473249,2004-06-01
1002,9555,0.0033001112751662,2004-06-01
1003,10405,0.0152918705716729,2004-06-01
1004,23978,0.0001825861691031,2004-06-01
1005,64030,0.0038531585596501,2004-06-01
1006,1913,0.0149251666444038,2004-09-01
1007,1988,0.0258677121660586,2004-09-01
1008,6821,0.0251293638659978,2004-09-01
1009,9667,0.0291226848717254,2004-09-01
1010,23978,0.0234509773651708,2004-09-01
1011,29392,0.0150959001324334,2004-09-01
1012,64030,0.0240760802837283,2004-09-01
1013,1209,0.0134919201955199,2004-12-01
1014,1913,0.0122722145169973,2004-12-01
1015,3619,0.0149352233856916,2004-12-01
1016,6078,0.0113646313548088,2004-12-01
1017,10405,0.0126664685085415,2004-12-01
1018,25124,0.0133890742436051,2004-12-01
1019,29392,0.0113122817128896,2004-12-01
1020,1988,0.0311412801844609,2005-03-01
1021,3619,0.0278619955300625,2005-03-01
1022,4510,0.0210303406637596,2005-03-01
1023,9555,0.0237494182068027,2005-03-01
1024,23978,0.0266934836006323,2005-03-01
1025,29392,0.0244419197922656,2005-03-01
1026,162254,0.0295449121834452,2005-03-01
1027,1988,0.0214278546289337,2005-06-01
1028,3619,0.0209751507692103,2005-06-01
1029,10405,0.0219215302040825,2005-06-01
1030,23978,0.0248432411146898,2005-06-01
1031,64030,0.0401050693052105,2005-06-01
1032,162129,0.0301255110844661,2005-06-01
1033,162254,0.0224563860799964,2005-06-01
1034,1988,0.0327592163366456,2005-09-01
1035,4510,0.0322532915205886,2005-09-01
1036,9555,0.0266572453109775,2005-09-01
1037,10405,0.0354501919310614,2005-09-01
1038,23978,0.0269727527286705,2005-09-01
1039,64030,0.0406225411634428,2005-09-01
1040,162254,0.0393222884331311,2005-09-01
1041,163946,0.0523098336857193,2005-09-01
1042,1988,0.0380523503274211,2005-12-01
1043,3619,0.0522958881869271,2005-12-01
1044,9555,0.03335241409391,2005-12-01
1045,9667,0.0322576853408786,2005-12-01
1046,10405,0.0336813804958889,2005-12-01
1047,64030,0.041237835570713,2005-12-01
1048,162254,0.0499625246793782,2005-12-01
1049,163946,0.0335224791424407,2005-12-01
1050,4510,0.0350939982388106,2006-03-01
1051,6104,0.0347583817109169,2006-03-01
1052,10405,0.0352150718454927,2006-03-01
1053,23978,0.0378151367004461,2006-03-01
1054,29392,0.0332752243506508,2006-03-01
1055,64030,0.0400848731441803,2006-03-01
1056,162254,0.0389637978245841,2006-03-01
1057,163946,0.0408296439953171,2006-03-01
1058,1209,0.0183092635124921,2006-06-01
1059,3107,0.0183092635124921,2006-06-01
1060,3619,0.0289330575615167,2006-06-01
1061,4060,0.0183092635124921,2006-06-01
1062,23978,0.0179410651326179,2006-06-01
1063,29392,0.0179410651326179,2006-06-01
1064,29733,0.0208219215273857,2006-06-01
1065,64030,0.0183092635124921,2006-06-01
1066,162254,0.020248357206583,2006-06-01
1067,1988,0.0407507468194773,2006-09-01
1068,3619,0.0371077722332531,2006-09-01
1069,4510,0.0267605212726908,2006-09-01
1070,9667,0.0301288817757441,2006-09-01
1071,23978,0.0248326485293529,2006-09-01
1072,64030,0.0250590462174675,2006-09-01
1073,162254,0.0457004569500832,2006-09-01
1074,163946,0.0452322166673879,2006-09-01
1075,1988,0.0384772825512879,2006-12-01
1076,3107,0.0264523156979301,2006-12-01
1077,3619,0.0416335257731071,2006-12-01
1078,4510,0.0273780721900547,2006-12-01
1079,9667,0.0281082891631958,2006-12-01
1080,23978,0.029509858142842,2006-12-01
1081,162254,0.0460826121086197,2006-12-01
1082,163946,0.0429324263341027,2006-12-01
1083,1988,0.0535491474147202,2007-03-01
1084,3107,0.0368637447023146,2007-03-01
1085,3619,0.0528656619296769,2007-03-01
1086,10405,0.0361345743226243,2007-03-01
1087,23978,0.0439792848624081,2007-03-01
1088,29392,0.0364800530432036,2007-03-01
1089,162254,0.0599849123646717,2007-03-01
1090,163946,0.0447063026783966,2007-03-01
1091,1794,0.0361804005656478,2007-06-01
1092,1988,0.0334865607589541,2007-06-01
1093,3619,0.0322395185585525,2007-06-01
1094,6104,0.0255407858746954,2007-06-01
1095,10405,0.0254413030793946,2007-06-01
1096,23978,0.0383148901226231,2007-06-01
1097,29392,0.0305921118598967,2007-06-01
1098,162254,0.0549733610539343,2007-06-01
1099,1794,0.0395337724835083,2007-09-04
1100,1988,0.0333689112189116,2007-09-04
1101,3619,0.0438674904947434,2007-09-04
1102,10405,0.0341453497948156,2007-09-04
1103,23978,0.0323207921549321,2007-09-04
1104,64030,0.0321783622866125,2007-09-04
1105,162254,0.0430831468638714,2007-09-04
1106,163946,0.0426467092372673,2007-09-04
1107,1794,0.0452568668321341,2007-12-03
1108,3619,0.0584709703363291,2007-12-03
1109,6078,0.0401970019107515,2007-12-03
1110,6104,0.0373693835804839,2007-12-03
1111,8030,0.0338882489790805,2007-12-03
1112,23978,0.0447914496366809,2007-12-03
1113,162254,0.0489650682291383,2007-12-03
1114,163946,0.0417806428819258,2007-12-03
1115,3107,0.0456807690952027,2008-03-03
1116,3619,0.0587856401490439,2008-03-03
1117,6104,0.0477201113687517,2008-03-03
1118,8030,0.0529683272936371,2008-03-03
1119,10405,0.0554568468447448,2008-03-03
1120,29392,0.0467494939709745,2008-03-03
1121,162254,0.0479283419518814,2008-03-03
1122,163946,0.0625877534761936,2008-03-03
1123,1988,0.0323631634084588,2008-06-02
1124,3619,0.0309131113396957,2008-06-02
1125,4510,0.031761662805072,2008-06-02
1126,6104,0.0340068089547858,2008-06-02
1127,8030,0.0319507261792511,2008-06-02
1128,10405,0.0341211746158297,2008-06-02
1129,162129,0.041154780839297,2008-06-02
1130,163946,0.0387393315508335,2008-06-02
1131,3107,0.0403377560227016,2008-09-02
1132,6104,0.0343293068433423,2008-09-02
1133,23978,0.0315682928911358,2008-09-02
1134,29392,0.03239924780176,2008-09-02
1135,64030,0.0352195897457346,2008-09-02
1136,162129,0.0307963925723238,2008-09-02
1137,162254,0.0349437107265698,2008-09-02
1138,163946,0.0403377560227016,2008-09-02
1139,1988,0.0515153420837794,2008-12-01
1140,3107,0.0893728467745694,2008-12-01
1141,6821,0.088854124736384,2008-12-01
1142,8030,0.0652364090189521,2008-12-01
1143,10405,0.0677292466132219,2008-12-01
1144,29733,0.0520799064366591,2008-12-01
1145,64030,0.0579350964746288,2008-12-01
1146,163946,0.0691066163942262,2008-12-01
1147,3107,0.0615986200895067,2009-03-02
1148,6821,0.0696186261910277,2009-03-02
1149,10405,0.0521753300481393,2009-03-02
1150,23978,0.0460048979624081,2009-03-02
1151,29751,0.0391679193286727,2009-03-02
1152,162129,0.0461961863866738,2009-03-02
1153,162254,0.0455235833584564,2009-03-02
1154,163946,0.0543032057088061,2009-03-02
1155,3619,0.0346192999816466,2009-06-01
1156,6104,0.0305317044757989,2009-06-01
1157,7881,0.0351868113095142,2009-06-01
1158,29392,0.0304878275945184,2009-06-01
1159,29751,0.030289033169729,2009-06-01
1160,64030,0.0327197604577269,2009-06-01
1161,162129,0.0368562437481142,2009-06-01
1162,162254,0.0346192999816466,2009-06-01
1163,1988,0.0423297499987002,2009-09-01
1164,3619,0.0531765729578575,2009-09-01
1165,6104,0.0543710815303481,2009-09-01
1166,6821,0.0644461611037706,2009-09-01
1167,23978,0.0489307557042533,2009-09-01
1168,64030,0.0463693678589635,2009-09-01
1169,162254,0.0537322553546855,2009-09-01
1170,163946,0.0650795434376184,2009-09-01
1171,1988,0.0254379183862134,2009-12-01
1172,3107,0.0196494595012968,2009-12-01
1173,3619,0.0098648617197365,2009-12-01
1174,6104,0.0417720659361308,2009-12-01
1175,6821,0.0389515684014447,2009-12-01
1176,7881,0.0128114525404346,2009-12-01
1177,162254,0.0093358178481173,2009-12-01
1178,163946,0.0129866468985916,2009-12-01
1179,1988,0.0324895242599102,2010-03-01
1180,3107,0.0123905432960719,2010-03-01
1181,3619,0.0313296804763915,2010-03-01
1182,6104,0.0188344473097925,2010-03-01
1183,6821,0.0350311275128914,2010-03-01
1184,9667,0.0196533591323683,2010-03-01
1185,64030,0.0113955795422413,2010-03-01
1186,163946,0.01428269233211,2010-03-01
1187,1988,0.0181624938541938,2010-06-01
1188,3619,0.023056837191817,2010-06-01
1189,6104,0.0662139538832232,2010-06-01
1190,6821,0.0409601731253683,2010-06-01
1191,64030,0.0183618428522034,2010-06-01
1192,162129,0.0213442251814026,2010-06-01
1193,163946,0.0451214417910229,2010-06-01
1194,294524,0.1008905017910411,2010-06-01
1195,1988,0.020300418138504,2010-09-01
1196,3619,0.0197341404855251,2010-09-01
1197,6104,0.020300418138504,2010-09-01
1198,6821,0.0333290100097656,2010-09-01
1199,7881,0.0219935681670904,2010-09-01
1200,64030,0.020300418138504,2010-09-01
1201,128978,0.020300418138504,2010-09-01
1202,162254,0.0197341404855251,2010-09-01
1203,294524,0.0802212953567504,2010-09-01
1204,6104,0.0558593199876742,2010-12-01
1205,6821,0.0829053918132843,2010-12-01
1206,8030,0.0368680103320432,2010-12-01
1207,10405,0.0413654742433955,2010-12-01
1208,29751,0.0270138498210784,2010-12-01
1209,64030,0.0591030819424267,2010-12-01
1210,128978,0.0280136809118023,2010-12-01
1211,294524,0.1162013389427921,2010-12-01
1212,1794,0.027142534032464,2011-03-01
1213,3107,0.0564571171998977,2011-03-01
1214,4060,0.027142534032464,2011-03-01
1215,6104,0.0307869128882884,2011-03-01
1216,6821,0.0454988926649093,2011-03-01
1217,10405,0.027142534032464,2011-03-01
1218,23978,0.027142534032464,2011-03-01
1219,29751,0.0320741049945354,2011-03-01
1220,64030,0.0307754594832658,2011-03-01
1221,294524,0.0844098404049873,2011-03-01
1222,1988,0.0189165463996009,2011-06-01
1223,3619,0.0144436870448519,2011-06-01
1224,6821,0.091138060697601,2011-06-01
1225,8030,0.0283427410583345,2011-06-01
1226,11228,0.0177364126008684,2011-06-01
1227,23978,0.0379744763981334,2011-06-01
1228,64030,0.0275484483236979,2011-06-01
1229,163946,0.0207569922267102,2011-06-01
1230,3107,0.0556469661521132,2011-09-01
1231,6821,0.1025479049236422,2011-09-01
1232,7881,0.0299573853198019,2011-09-01
1233,23978,0.0281640391324834,2011-09-01
1234,64030,0.0620153336472261,2011-09-01
1235,128978,0.0191331572799195,2011-09-01
1236,162129,0.0332679480389686,2011-09-01
1237,163946,0.0696186705146073,2011-09-01
1238,3619,0.0541489727272913,2011-12-01
1239,6821,0.0545707549465604,2011-12-01
1240,9555,0.0518519431284848,2011-12-01
1241,23978,0.0532141885764932,2011-12-01
1242,64030,0.106498798016008,2011-12-01
1243,162254,0.0499611342494935,2011-12-01
1244,163946,0.0533506751438506,2011-12-01
1245,294524,0.0752452387135413,2011-12-01
1246,3107,0.057175407412517,2012-03-01
1247,6821,0.1107399028760115,2012-03-01
1248,8030,0.0620567090565444,2012-03-01
1249,9555,0.0678479374511903,2012-03-01
1250,23978,0.0828674848847499,2012-03-01
1251,64030,0.0996861906361894,2012-03-01
1252,163946,0.0626827424163194,2012-03-01
1253,294524,0.0768192544174416,2012-03-01
1254,3619,0.0380669537894241,2012-06-01
1255,6821,0.1221827408752193,2012-06-01
1256,8030,0.0442950953174304,2012-06-01
1257,9555,0.0376260857076995,2012-06-01
1258,11228,0.0414637604847947,2012-06-01
1259,23978,0.0773484835634733,2012-06-01
1260,64030,0.1071795039731299,2012-06-01
1261,162129,0.0482856521163754,2012-06-01
1262,3107,0.0423154988905308,2012-09-04
1263,6821,0.0986247747770185,2012-09-04
1264,8030,0.0303378885430056,2012-09-04
1265,9555,0.0699741167323715,2012-09-04
1266,23978,0.0643395374596646,2012-09-04
1267,64030,0.121458528303738,2012-09-04
1268,162129,0.0336465633547469,2012-09-04
1269,163946,0.04626031433235,2012-09-04
1270,3107,0.0566645501523,2012-12-03
1271,3619,0.0340676431289016,2012-12-03
1272,6821,0.0543143469160513,2012-12-03
1273,8030,0.0321609087471345,2012-12-03
1274,9555,0.0790179339280499,2012-12-03
1275,23978,0.082444510481944,2012-12-03
1276,64030,0.1201675208600507,2012-12-03
1277,294524,0.0359981062590836,2012-12-03
1278,3619,0.0376374572515487,2013-03-01
1279,7881,0.037539318203926,2013-03-01
1280,8247,0.037539318203926,2013-03-01
1281,9667,0.0376374572515487,2013-03-01
1282,25124,0.0450897067785263,2013-03-01
1283,29751,0.0428111366927623,2013-03-01
1284,64030,0.0394040718674659,2013-03-01
1285,294524,0.0376374572515487,2013-03-01
1286,1794,0.0352707877755165,2013-09-03
1287,1988,0.0354565940797328,2013-09-03
1288,6821,0.0430420637130737,2013-09-03
1289,7881,0.0356460027396678,2013-09-03
1290,9667,0.0352707877755165,2013-09-03
1291,10405,0.0356460027396678,2013-09-03
1292,23978,0.0380570404231548,2013-09-03
1293,64030,0.0355414934456348,2013-09-03
1294,6078,0.0383760035037994,2013-12-02
1295,6821,0.0379790887236595,2013-12-02
1296,8247,0.0503891482949256,2013-12-02
1297,9555,0.0389668755233287,2013-12-02
1298,9667,0.0383760035037994,2013-12-02
1299,23978,0.0452883802354335,2013-12-02
1300,29392,0.0383760035037994,2013-12-02
1301,294524,0.0383760035037994,2013-12-02
1302,1988,0.0426100306212902,2014-03-03
1303,3107,0.0442213416099548,2014-03-03
1304,4213,0.0426825396716594,2014-03-03
1305,6104,0.0426100306212902,2014-03-03
1306,6821,0.0426100306212902,2014-03-03
1307,7881,0.0426830127835273,2014-03-03
1308,8247,0.0542013682425022,2014-03-03
1309,9555,0.0426100306212902,2014-03-03
1310,10405,0.0426100306212902,2014-03-03
1311,23978,0.0427881516516208,2014-03-03
1312,25124,0.0544659011065959,2014-03-03
1313,64030,0.0434441827237606,2014-03-03
1314,3107,0.0799380532933761,2014-06-02
1315,6104,0.0387858890599642,2014-06-02
1316,6821,0.109784552368239,2014-06-02
1317,7881,0.0775764835354078,2014-06-02
1318,9555,0.0409823607127904,2014-06-02
1319,23978,0.0693258780810383,2014-06-02
1320,64030,0.0690339649168699,2014-06-02
1321,163946,0.0542114633636356,2014-06-02
1322,3107,0.0744854259538358,2014-09-02
1323,3619,0.0381710582999404,2014-09-02
1324,6821,0.104449901299223,2014-09-02
1325,7881,0.0638153649487031,2014-09-02
1326,9555,0.0341035412820493,2014-09-02
1327,23978,0.0678775803563016,2014-09-02
1328,64030,0.0553097047609339,2014-09-02
1329,163946,0.0434674344174743,2014-09-02
1330,3107,0.1622438155265656,2014-12-01
1331,3619,0.0448005417474234,2014-12-01
1332,6821,0.1191467768782539,2014-12-01
1333,7881,0.0643834601998338,2014-12-01
1334,9555,0.0361091564494318,2014-12-01
1335,23978,0.042639394473046,2014-12-01
1336,163946,0.0498554008905368,2014-12-01
1337,294524,0.0329109487704476,2014-12-01
1338,3107,0.1408449749350161,2015-03-02
1339,3619,0.0461893959568324,2015-03-02
1340,6821,0.103645966646793,2015-03-02
1341,7881,0.0667585425046678,2015-03-02
1342,23978,0.072710326904973,2015-03-02
1343,29751,0.042693569745069,2015-03-02
1344,64030,0.0921332316939768,2015-03-02
1345,163946,0.0515399770822377,2015-03-02
1346,1794,0.0404050695638484,2015-06-01
1347,3107,0.1680456413632479,2015-06-01
1348,3619,0.0489268359353527,2015-06-01
1349,6821,0.1200470093531973,2015-06-01
1350,7881,0.0614755425152644,2015-06-01
1351,23978,0.0734644707339233,2015-06-01
1352,64030,0.0715419904145223,2015-06-01
1353,163946,0.0501358863296015,2015-06-01
1354,3107,0.1582283396693007,2015-09-01
1355,3619,0.0470913502137432,2015-09-01
1356,4510,0.0471317064383654,2015-09-01
1357,6821,0.1313601276250254,2015-09-01
1358,7881,0.0912611705095486,2015-09-01
1359,23978,0.0964116970713949,2015-09-01
1360,64030,0.0831747689564253,2015-09-01
1361,294524,0.0472248261832177,2015-09-01
1362,3107,0.1478310904151082,2015-12-01
1363,3619,0.0482048123394081,2015-12-01
1364,6821,0.1111027229344408,2015-12-01
1365,7881,0.0607336205930099,2015-12-01
1366,10405,0.0511929635394823,2015-12-01
1367,23978,0.1142470453960612,2015-12-01
1368,64030,0.0818335787193185,2015-12-01
1369,294524,0.0460004377959631,2015-12-01
1370,3107,0.1243178248405456,2016-03-01
1371,4060,0.0371874198317527,2016-03-01
1372,4510,0.0394632779061794,2016-03-01
1373,6078,0.0371874198317527,2016-03-01
1374,6821,0.1292206197977066,2016-03-01
1375,8247,0.0371874198317527,2016-03-01
1376,9667,0.0371874198317527,2016-03-01
1377,10405,0.0377285256981849,2016-03-01
1378,23978,0.1243178248405456,2016-03-01
1379,25124,0.0371874198317527,2016-03-01
1380,29392,0.0371874198317527,2016-03-01
1381,128978,0.0371874198317527,2016-03-01
1382,294524,0.0371874198317527,2016-03-01
1383,1794,0.0334264822304248,2016-06-01
1384,1913,0.0334264822304248,2016-06-01
1385,1988,0.0334264822304248,2016-06-01
1386,3107,0.050742320716381,2016-06-01
1387,3619,0.0334264822304248,2016-06-01
1388,4060,0.0334264822304248,2016-06-01
1389,4510,0.0334264822304248,2016-06-01
1390,6104,0.0334264822304248,2016-06-01
1391,6821,0.1218114271759986,2016-06-01
1392,8247,0.0334264822304248,2016-06-01
1393,9555,0.0334264822304248,2016-06-01
1394,9667,0.0334264822304248,2016-06-01
1395,10405,0.0345985442399978,2016-06-01
1396,23978,0.0398274548351764,2016-06-01
1397,25124,0.0334264822304248,2016-06-01
1398,29392,0.0334264822304248,2016-06-01
1399,29751,0.0334264822304248,2016-06-01
1400,64030,0.0334264822304248,2016-06-01
1401,128978,0.0334264822304248,2016-06-01
1402,162254,0.0334264822304248,2016-06-01
1403,163946,0.0334264822304248,2016-06-01
1404,294524,0.0334264822304248,2016-06-01
1405,1794,0.0322665646672248,2016-09-01
1406,1913,0.0278965774923563,2016-09-01
1407,3107,0.0430269762873649,2016-09-01
1408,3619,0.0278965774923563,2016-09-01
1409,6104,0.0278965774923563,2016-09-01
1410,6821,0.0292301271110773,2016-09-01
1411,9555,0.0278965774923563,2016-09-01
1412,9667,0.0322665646672248,2016-09-01
1413,23978,0.0278965774923563,2016-09-01
1414,29392,0.0322665646672248,2016-09-01
1415,64030,0.0292301271110773,2016-09-01
1416,294524,0.0322665646672248,2016-09-01
1417,3107,0.1173053031381054,2016-12-01
1418,3619,0.0402361846559034,2016-12-01
1419,6104,0.040371116411666,2016-12-01
1420,6821,0.061108313533073,2016-12-01
1421,64030,0.0660899526912689,2016-12-01
1422,162254,0.0370519015968897,2016-12-01
1423,163946,0.0631751920825986,2016-12-01
1424,294524,0.0392799087004294,2016-12-01
1425,3107,0.1088570226118127,2017-03-01
1426,3619,0.0421859728377972,2017-03-01
1427,6821,0.100131560100883,2017-03-01
1428,7881,0.0370802297059016,2017-03-01
1429,10405,0.0557991949310763,2017-03-01
1430,29751,0.0305795202172429,2017-03-01
1431,64030,0.0639506525680666,2017-03-01
1432,163946,0.0548743680114316,2017-03-01
1433,1913,0.0276664327830076,2017-06-01
1434,3107,0.1562436372041702,2017-06-01
1435,3619,0.0288157239556312,2017-06-01
1436,6104,0.0276664327830076,2017-06-01
1437,10405,0.0288157239556312,2017-06-01
1438,23978,0.0244541577994823,2017-06-01
1439,64030,0.0454244576394557,2017-06-01
1440,163946,0.038841500878334,2017-06-01
1441,1988,0.0359669509084715,2017-09-01
1442,3107,0.0527976739531354,2017-09-01
1443,6821,0.1678172188398978,2017-09-01
1444,7881,0.0525907029170835,2017-09-01
1445,10405,0.0611063092632989,2017-09-01
1446,64030,0.0326574698046744,2017-09-01
1447,162254,0.0365563730106785,2017-09-01
1448,163946,0.0361740236930397,2017-09-01
1449,3107,0.1242462769150734,2017-12-01
1450,6821,0.0426384285092353,2017-12-01
1451,9555,0.0322036445140838,2017-12-01
1452,29392,0.0306499283760786,2017-12-01
1453,64030,0.0283039063215255,2017-12-01
1454,128978,0.034561064094305,2017-12-01
1455,162254,0.0322036445140838,2017-12-01
1456,163946,0.0283039063215255,2017-12-01
1457,294524,0.0322036445140838,2017-12-01
1458,3107,0.0763549303447496,2018-03-01
1459,6104,0.0603479367861764,2018-03-01
1460,6821,0.1241308285614288,2018-03-01
1461,7881,0.0568245468209225,2018-03-01
1462,10405,0.0662632721975087,2018-03-01
1463,64030,0.0860382222026314,2018-03-01
1464,162129,0.1135205035529741,2018-03-01
1465,163946,0.0812140342673409,2018-03-01
1466,1988,0.0322241377750545,2018-06-01
1467,3107,0.1648392261962798,2018-06-01
1468,6104,0.0336066228539745,2018-06-01
1469,6821,0.1013184845874648,2018-06-01
1470,7881,0.0826413524089188,2018-06-01
1471,10405,0.0412104702132419,2018-06-01
1472,29733,0.0345149603144516,2018-06-01
1473,64030,0.0507571390592529,2018-06-01
1474,3107,0.1303266704469143,2018-09-04
1475,3619,0.0392975537395233,2018-09-04
1476,6078,0.0436546140168224,2018-09-04
1477,6821,0.0560713243176237,2018-09-04
1478,9667,0.033096413597461,2018-09-04
1479,64030,0.0331381420467744,2018-09-04
1480,128978,0.0363711173036428,2018-09-04
1481,163946,0.0523726409106327,2018-09-04
1482,1913,0.0505233112146919,2018-12-03
1483,6078,0.0606284774009412,2018-12-03
1484,6104,0.0483833598271077,2018-12-03
1485,6821,0.1424618226479569,2018-12-03
1486,7881,0.0709423386626144,2018-12-03
1487,8030,0.0562842404082959,2018-12-03
1488,64030,0.0521165592900433,2018-12-03
1489,128978,0.0515561358288235,2018-12-03
1490,1913,0.0385218090703502,2019-03-01
1491,3107,0.1399994254327105,2019-03-01
1492,3619,0.0426641339233736,2019-03-01
1493,6104,0.037066694138557,2019-03-01
1494,6821,0.0642494878477833,2019-03-01
1495,7881,0.0562656876391351,2019-03-01
1496,8247,0.0423884001237337,2019-03-01
1497,64030,0.0670189560271959,2019-03-01
1498,3107,0.1032630745215126,2019-06-03
1499,3619,0.0280802191679986,2019-06-03
1500,6821,0.0587005929472914,2019-06-03
1501,7881,0.0308995055866685,2019-06-03
1502,10405,0.0301148663558437,2019-06-03
1503,23978,0.0809163097895238,2019-06-03
1504,64030,0.0504563151317148,2019-06-03
1505,128978,0.0346474589203966,2019-06-03
1506,1209,0.0264539774507284,2019-09-03
1507,3107,0.030223362147808,2019-09-03
1508,6821,0.0348524339497089,2019-09-03
1509,8030,0.0267452448606491,2019-09-03
1510,9555,0.0288498252630233,2019-09-03
1511,10405,0.0245438888669013,2019-09-03
1512,23978,0.0245438888669013,2019-09-03
1513,64030,0.0340955778956413,2019-09-03
1514,128978,0.0267452448606491,2019-09-03
1515,162129,0.0245438888669013,2019-09-03
1516,1913,0.0425739996135234,2019-12-02
1517,1988,0.0425739996135234,2019-12-02
1518,3107,0.0485990531742572,2019-12-02
1519,3619,0.0425739996135234,2019-12-02
1520,4510,0.0425739996135234,2019-12-02
1521,6104,0.0425739996135234,2019-12-02
1522,6821,0.0427906401455402,2019-12-02
1523,8247,0.0425739996135234,2019-12-02
1524,3107,0.1032834107984584,2020-03-02
1525,4510,0.0498916352512819,2020-03-02
1526,6821,0.0564329397980412,2020-03-02
1527,9555,0.0701158655092534,2020-03-02
1528,10405,0.1109905325881332,2020-03-02
1529,23978,0.2175413593258474,2020-03-02
1530,64030,0.0728246679913263,2020-03-02
1531,162129,0.0733919289924988,2020-03-02
1532,3107,0.0565779436382827,2020-06-01
1533,4510,0.0299854526237038,2020-06-01
1534,6821,0.0339087083675499,2020-06-01
1535,10405,0.0358649514987738,2020-06-01
1536,23978,0.0664989703329932,2020-06-01
1537,162129,0.0499523721786341,2020-06-01
1538,162254,0.0300794087932484,2020-06-01
1539,163946,0.0305660434064255,2020-06-01
1540,6104,0.0380112921839366,2020-09-01
1541,8030,0.0364400644579804,2020-09-01
1542,10405,0.0499752085990287,2020-09-01
1543,23978,0.0647204507821396,2020-09-01
1544,25124,0.0372428101659719,2020-09-01
1545,35168,0.0393890268945805,2020-09-01
1546,64030,0.0386272558942489,2020-09-01
1547,163946,0.0556863888446149,2020-09-01
1548,1913,0.0328018479049205,2020-12-01
1549,1988,0.0328018479049205,2020-12-01
1550,3107,0.0328018479049205,2020-12-01
1551,3619,0.0328018479049205,2020-12-01
1552,4060,0.0392683558166027,2020-12-01
1553,6104,0.0328018479049205,2020-12-01
1554,6821,0.0328018479049205,2020-12-01
1555,9555,0.0328018479049205,2020-12-01
1556,23978,0.0655746236443519,2020-12-01
1557,34443,0.0328018479049205,2020-12-01
1558,64030,0.0328018479049205,2020-12-01
1559,162254,0.0328018479049205,2020-12-01
1560,163946,0.0328018479049205,2020-12-01
1561,294524,0.0328018479049205,2020-12-01
1562,1913,0.0282768923789262,2021-03-01
1563,1988,0.0282768923789262,2021-03-01
1564,3107,0.0282768923789262,2021-03-01
1565,3619,0.0282768923789262,2021-03-01
1566,4213,0.0302855186164379,2021-03-01
1567,6104,0.0282768923789262,2021-03-01
1568,6821,0.0413164123892784,2021-03-01
1569,34443,0.0282768923789262,2021-03-01
1570,64030,0.0286755375564098,2021-03-01
1571,163946,0.0282768923789262,2021-03-01
1572,1913,0.0296652354300022,2021-06-01
1573,1988,0.0296652354300022,2021-06-01
1574,3107,0.0365384295582771,2021-06-01
1575,3619,0.0296652354300022,2021-06-01
1576,4213,0.0351833291351795,2021-06-01
1577,6821,0.0312927663326263,2021-06-01
1578,9555,0.0381954237818717,2021-06-01
1579,10405,0.0442435890436172,2021-06-01
1580,23978,0.0355993062257766,2021-06-01
1581,34443,0.0296652354300022,2021-06-01
1582,1988,0.0296251010149717,2021-09-01
1583,3107,0.0413802750408649,2021-09-01
1584,3619,0.0319588035345077,2021-09-01
1585,6104,0.0302629731595516,2021-09-01
1586,9555,0.0296251010149717,2021-09-01
1587,10405,0.0413802750408649,2021-09-01
1588,23978,0.0413802750408649,2021-09-01
1589,34443,0.0319588035345077,2021-09-01
1590,1913,0.0312752313911914,2021-12-01
1591,1988,0.0312752313911914,2021-12-01
1592,3107,0.0312752313911914,2021-12-01
1593,3619,0.0312752313911914,2021-12-01
1594,6821,0.0312752313911914,2021-12-01
1595,9555,0.0309931598603725,2021-12-01
1596,9667,0.0312752313911914,2021-12-01
1597,39624,0.0487352348864078,2021-12-01
1598,163946,0.0311604849994182,2021-12-01
1599,1988,0.0302559025585651,2022-03-01
1600,3107,0.029555382207036,2022-03-01
1601,3619,0.0310053825378417,2022-03-01
1602,6821,0.0303278341889381,2022-03-01
1603,9555,0.0297678504139184,2022-03-01
1604,9667,0.0297678504139184,2022-03-01
1605,10405,0.0409195274114608,2022-03-01
1606,39624,0.0505451150238513,2022-03-01
1607,163946,0.0293734576553106,2022-03-01
1608,1913,0.0306482147425413,2022-06-01
1609,1988,0.030705576762557,2022-06-01
1610,3619,0.030705576762557,2022-06-01
1611,4213,0.0306482147425413,2022-06-01
1612,4510,0.0306482147425413,2022-06-01
1613,6821,0.0332604274153709,2022-06-01
1614,7881,0.0312960781157016,2022-06-01
1615,8247,0.0306482147425413,2022-06-01
1616,9555,0.030705576762557,2022-06-01
1617,10405,0.0334131978452205,2022-06-01
1618,23978,0.0320080481469631,2022-06-01
1619,39624,0.0535124465823173,2022-06-01
1620,1209,0.0325624831020832,2022-09-01
1621,3619,0.0338453501462936,2022-09-01
1622,6821,0.0326402597129344,2022-09-01
1623,10405,0.0321759767830371,2022-09-01
1624,29733,0.0325624831020832,2022-09-01
1625,29751,0.0333238504827022,2022-09-01
1626,39624,0.1333032101392746,2022-09-01
1627,128978,0.0325624831020832,2022-09-01
1628,163946,0.0371375381946563,2022-09-01
1629,1209,0.0285381869602946,2022-12-01
1630,1794,0.0285381869602946,2022-12-01
1631,1913,0.0285381869602946,2022-12-01
1632,1988,0.0285381869602946,2022-12-01
1633,3107,0.0285381869602946,2022-12-01
1634,3619,0.0285381869602946,2022-12-01
1635,4060,0.0285381869602946,2022-12-01
1636,4213,0.0285381869602946,2022-12-01
1637,4510,0.0285381869602946,2022-12-01
1638,6078,0.0285381869602946,2022-12-01
1639,6104,0.0285381869602946,2022-12-01
1640,6821,0.0285381869602946,2022-12-01
1641,7881,0.0285381869602946,2022-12-01
1642,8030,0.0285381869602946,2022-12-01
1643,8247,0.0285381869602946,2022-12-01
1644,9555,0.0285381869602946,2022-12-01
1645,9667,0.0285381869602946,2022-12-01
1646,10405,0.0285381869602946,2022-12-01
1647,11228,0.0285381869602946,2022-12-01
1648,23978,0.0285381869602946,2022-12-01
1649,25124,0.0285381869602946,2022-12-01
1650,29392,0.0285381869602946,2022-12-01
1651,29733,0.0285381869602946,2022-12-01
1652,29751,0.0285381869602946,2022-12-01
1653,34443,0.0285381869602946,2022-12-01
1654,35168,0.0285381869602946,2022-12-01
1655,39624,0.0285381869602946,2022-12-01
1656,64030,0.0285381869602946,2022-12-01
1657,128978,0.0285381869602946,2022-12-01
1658,162129,0.0285381869602946,2022-12-01
1659,162254,0.0285381869602946,2022-12-01
1660,163946,0.0285381869602946,2022-12-01
1661,294524,0.0285381869602946,2022-12-01
1662,1209,0.0218127484747628,2023-03-01
1663,1794,0.0218127484747628,2023-03-01
1664,1913,0.0218127484747628,2023-03-01
1665,1988,0.0218127484747628,2023-03-01
1666,3107,0.0218127484747628,2023-03-01
1667,3619,0.0218127484747628,2023-03-01
1668,4060,0.0218127484747628,2023-03-01
1669,4213,0.0218127484747628,2023-03-01
1670,4510,0.0218127484747628,2023-03-01
1671,6078,0.0218127484747628,2023-03-01
1672,6104,0.0218127484747628,2023-03-01
1673,6821,0.0218127484747628,2023-03-01
1674,7881,0.0218127484747628,2023-03-01
1675,8030,0.0218127484747628,2023-03-01
1676,8247,0.0218127484747628,2023-03-01
1677,9555,0.0218127484747628,2023-03-01
1678,9667,0.0218127484747628,2023-03-01
1679,10405,0.0218127484747628,2023-03-01
1680,11228,0.0218127484747628,2023-03-01
1681,23978,0.0218127484747628,2023-03-01
1682,25124,0.0218127484747628,2023-03-01
1683,29392,0.0218127484747628,2023-03-01
1684,29733,0.0218127484747628,2023-03-01
1685,29751,0.0218127484747628,2023-03-01
1686,34443,0.0218127484747628,2023-03-01
1687,35168,0.0218127484747628,2023-03-01
1688,39624,0.0218127484747628,2023-03-01
1689,64030,0.0218127484747628,2023-03-01
1690,128978,0.0218127484747628,2023-03-01
1691,162129,0.0218127484747628,2023-03-01
1692,162254,0.0218127484747628,2023-03-01
1693,163946,0.0218127484747628,2023-03-01
1694,294524,0.0218127484747628,2023-03-01
1695,3619,0.028720013171279,2023-06-01
1696,4060,0.0305374101746628,2023-06-01
1697,6078,0.0299902912518238,2023-06-01
1698,8030,0.0384577581537732,2023-06-01
1699,29392,0.0312981422358495,2023-06-01
1700,39624,0.0418841888695981,2023-06-01
1701,64030,0.0374089807143368,2023-06-01
1702,162254,0.0284590339742678,2023-06-01
1703,294524,0.0319718889919418,2023-06-01
1704,1794,0.0216231774538755,2023-09-01
1705,1988,0.0210157074034214,2023-09-01
1706,3107,0.0215076617896556,2023-09-01
1707,3619,0.0210157074034214,2023-09-01
1708,4510,0.0210157074034214,2023-09-01
1709,6078,0.0213018860667943,2023-09-01
1710,7881,0.0236439891159534,2023-09-01
1711,8030,0.0244185999035835,2023-09-01
1712,9555,0.0210157074034214,2023-09-01
1713,23978,0.0216231774538755,2023-09-01
1714,29392,0.0210157074034214,2023-09-01
1715,64030,0.0245073698461055,2023-09-01
1716,162129,0.0210157074034214,2023-09-01
1717,1794,0.0198422987014055,2023-12-01
1718,1988,0.0199667196720838,2023-12-01
1719,3107,0.0208009872585535,2023-12-01
1720,6104,0.0198422987014055,2023-12-01
1721,7881,0.0265195574611425,2023-12-01
1722,8030,0.0245555788278579,2023-12-01
1723,10405,0.0198422987014055,2023-12-01
1724,29751,0.0200247969478368,2023-12-01
1725,64030,0.0245555788278579,2023-12-01
1726,162129,0.0215398985892534,2023-12-01
1727,1794,0.0166009731168948,2024-03-01
1728,3107,0.0258789433424192,2024-03-01
1729,6078,0.0171475854206352,2024-03-01
1730,6104,0.0257610363695175,2024-03-01
1731,7881,0.0217027818675197,2024-03-01
1732,9555,0.0190434600790688,2024-03-01
1733,34443,0.0240227359959781,2024-03-01
1734,35168,0.0171517074266374,2024-03-01
1735,39624,0.0223618672667696,2024-03-01
1736,3107,0.027009948997435,2024-06-03
1737,3619,0.0189429907618157,2024-06-03
1738,6078,0.0154038704983244,2024-06-03
1739,6104,0.0237029204572991,2024-06-03
1740,9555,0.0231983376563548,2024-06-03
1741,23978,0.0175143652247531,2024-06-03
1742,34443,0.0214061689093213,2024-06-03
1743,39624,0.0231459914595709,2024-06-03
1744,162129,0.016550557430215,2024-06-03
1745,1209,0.0139356153085827,2024-09-03
1746,1794,0.0139356153085827,2024-09-03
1747,1913,0.0139356153085827,2024-09-03
1748,1988,0.0139356153085827,2024-09-03
1749,3619,0.0139356153085827,2024-09-03
1750,4060,0.0187940243631601,2024-09-03
1751,4213,0.0139356153085827,2024-09-03
1752,4510,0.0139356153085827,2024-09-03
1753,6078,0.0156158963218331,2024-09-03
1754,6104,0.0146235199645161,2024-09-03
1755,7881,0.0146235199645161,2024-09-03
1756,8030,0.0187940243631601,2024-09-03
1757,8247,0.0139356153085827,2024-09-03
1758,9555,0.0139356153085827,2024-09-03
1759,9667,0.0139356153085827,2024-09-03
1760,10405,0.0139356153085827,2024-09-03
1761,11228,0.0139356153085827,2024-09-03
1762,25124,0.0139356153085827,2024-09-03
1763,29392,0.0139356153085827,2024-09-03
1764,29733,0.0139356153085827,2024-09-03
1765,29751,0.0187940243631601,2024-09-03
1766,34443,0.0139356153085827,2024-09-03
1767,64030,0.0187940243631601,2024-09-03
1768,128978,0.0139356153085827,2024-09-03
1769,162254,0.0139356153085827,2024-09-03
1770,163946,0.0187940243631601,2024-09-03
1771,294524,0.0139356153085827,2024-09-03
1772,1209,0.0109414989128708,2024-12-02
1773,1794,0.0109414989128708,2024-12-02
1774,1913,0.0109414989128708,2024-12-02
1775,3107,0.0213222987949848,2024-12-02
1776,3619,0.0109414989128708,2024-12-02
1777,4060,0.0208691339939832,2024-12-02
1778,4213,0.0109414989128708,2024-12-02
1779,4510,0.0109414989128708,2024-12-02
1780,6078,0.0114660635590553,2024-12-02
1781,6104,0.0109414989128708,2024-12-02
1782,6821,0.0208691339939832,2024-12-02
1783,7881,0.0129847610369324,2024-12-02
1784,8030,0.0153476418927311,2024-12-02
1785,8247,0.0109414989128708,2024-12-02
1786,9555,0.0109414989128708,2024-12-02
1787,9667,0.0109414989128708,2024-12-02
1788,10405,0.0109414989128708,2024-12-02
1789,11228,0.0109414989128708,2024-12-02
1790,23978,0.0171214826405048,2024-12-02
1791,25124,0.0109414989128708,2024-12-02
1792,29392,0.0109414989128708,2024-12-02
1793,29733,0.0109414989128708,2024-12-02
1794,34443,0.0109414989128708,2024-12-02
1795,64030,0.0153476418927311,2024-12-02
1796,128978,0.0109414989128708,2024-12-02
1797,162254,0.0109414989128708,2024-12-02
1798,163946,0.0109414989128708,2024-12-02
1799,283184,0.0109414989128708,2024-12-02
1800,294524,0.0109414989128708,2024-12-02
1801,2312,0.0225478131324052,2001-03-01
1802,2574,0.0333662033081054,2001-03-01
1803,3062,0.0313980542123317,2001-03-01
1804,3650,0.0274463202804327,2001-03-01
1805,3835,0.0230551399290561,2001-03-01
1806,4108,0.0381044968962669,2001-03-01
1807,4818,0.0390787832438945,2001-03-01
1808,5047,0.0219749435782432,2001-03-01
1809,5492,0.0228444244712591,2001-03-01
1810,6268,0.0236868932843208,2001-03-01
1811,7991,0.0238483659923076,2001-03-01
1812,8463,0.0227303840219974,2001-03-01
1813,8606,0.0348551720380783,2001-03-01
1814,11600,0.0381044968962669,2001-03-01
1815,14225,0.0356995463371276,2001-03-01
1816,28590,0.0280151143670082,2001-03-01
1817,60979,0.0232778955250978,2001-03-01
1818,66065,0.0236868932843208,2001-03-01
1819,1230,0.0277266334742307,2001-06-01
1820,1891,0.0358051136136055,2001-06-01
1821,2312,0.0243301149457693,2001-06-01
1822,3062,0.0378665551543235,2001-06-01
1823,3650,0.0277266334742307,2001-06-01
1824,3835,0.0222989171743392,2001-06-01
1825,3863,0.0393628366291523,2001-06-01
1826,4108,0.0272647142410278,2001-06-01
1827,5764,0.0250561460852623,2001-06-01
1828,5860,0.0217929854989051,2001-06-01
1829,6994,0.0235227085649967,2001-06-01
1830,7985,0.069542609155178,2001-06-01
1831,8463,0.0250561460852623,2001-06-01
1832,9778,0.0250561460852623,2001-06-01
1833,10016,0.0279823504388332,2001-06-01
1834,10920,0.0273022800683975,2001-06-01
1835,28590,0.0217841286212205,2001-06-01
1836,62823,0.0379974506795406,2001-06-01
1837,1230,0.031811097430957,2001-09-04
1838,1891,0.0361881867345657,2001-09-04
1839,3650,0.0349027565673838,2001-09-04
1840,4108,0.0337054636596623,2001-09-04
1841,4321,0.0269219496492604,2001-09-04
1842,4494,0.0361881867345657,2001-09-04
1843,4818,0.0263911062780771,2001-09-04
1844,5229,0.0271669222426872,2001-09-04
1845,5860,0.0265330168106795,2001-09-04
1846,6268,0.0292321895351822,2001-09-04
1847,6994,0.0333526925602885,2001-09-04
1848,7923,0.0275024320137337,2001-09-04
1849,10581,0.0261314557230806,2001-09-04
1850,10920,0.0361881867345657,2001-09-04
1851,14225,0.0385440913129388,2001-09-04
1852,29901,0.0361881867345657,2001-09-04
1853,62823,0.0361881867345657,2001-09-04
1854,65609,0.0270415670065529,2001-09-04
1855,1230,0.0359592025643349,2001-12-03
1856,1598,0.0279875159851178,2001-12-03
1857,2312,0.0291924106233056,2001-12-03
1858,2574,0.0402878527242555,2001-12-03
1859,3062,0.041498634670281,2001-12-03
1860,4494,0.051512909419831,2001-12-03
1861,4598,0.0253572117169003,2001-12-03
1862,5229,0.0256427409909531,2001-12-03
1863,5860,0.0379699984335295,2001-12-03
1864,6994,0.0402433294405134,2001-12-03
1865,8463,0.0363254064909296,2001-12-03
1866,9203,0.0265776275917559,2001-12-03
1867,14225,0.0658610003780145,2001-12-03
1868,24617,0.0500613611453832,2001-12-03
1869,29901,0.0258777253760872,2001-12-03
1870,62823,0.0379660580938369,2001-12-03
1871,65609,0.0441950819759133,2001-12-03
1872,66446,0.0291176761802196,2001-12-03
1873,143912,0.0460477749294206,2001-12-03
1874,1230,0.0365612652081235,2002-03-01
1875,1598,0.0316800037549163,2002-03-01
1876,2574,0.0433969305023781,2002-03-01
1877,3062,0.0607999471707403,2002-03-01
1878,4199,0.0363211346113903,2002-03-01
1879,4494,0.0498815751474721,2002-03-01
1880,5783,0.0621392650600558,2002-03-01
1881,5860,0.0285286538980226,2002-03-01
1882,6268,0.0305738717036435,2002-03-01
1883,6994,0.0347045826762682,2002-03-01
1884,7923,0.0293237460885017,2002-03-01
1885,14225,0.0652719048391819,2002-03-01
1886,24617,0.0431326742566104,2002-03-01
1887,29901,0.0388810510731735,2002-03-01
1888,60979,0.0444590638903873,2002-03-01
1889,62823,0.0310160697774331,2002-03-01
1890,65609,0.0501559417076774,2002-03-01
1891,66446,0.0286111006753847,2002-03-01
1892,143912,0.0405041207308535,2002-03-01
1893,1230,0.0413625021214046,2002-06-03
1894,1891,0.0205835363662407,2002-06-03
1895,2312,0.02363188479493,2002-06-03
1896,3062,0.0469541688038189,2002-06-03
1897,3650,0.0316142187436278,2002-06-03
1898,3863,0.01949725691357,2002-06-03
1899,4494,0.0204479675117163,2002-06-03
1900,5492,0.0278420392385175,2002-06-03
1901,6216,0.0305387366448181,2002-06-03
1902,6268,0.0386324163418446,2002-06-03
1903,7991,0.0209942392165819,2002-06-03
1904,8402,0.0186460987945667,2002-06-03
1905,9882,0.02483154167351,2002-06-03
1906,10867,0.0201356971948257,2002-06-03
1907,24617,0.0198716652538302,2002-06-03
1908,29901,0.0312796548921437,2002-06-03
1909,65609,0.0240132192304897,2002-06-03
1910,143912,0.0272766211731679,2002-06-03
1911,146017,0.0288724290057434,2002-06-03
1912,1230,0.0532471882566088,2002-09-03
1913,1598,0.0466887367681528,2002-09-03
1914,1891,0.034418787696151,2002-09-03
1915,2574,0.0518077719391897,2002-09-03
1916,4199,0.044158004227834,2002-09-03
1917,4818,0.0437947933676792,2002-09-03
1918,5492,0.0440881931909253,2002-09-03
1919,5783,0.0382839417880771,2002-09-03
1920,6268,0.0380860673298155,2002-09-03
1921,8463,0.0452808204097041,2002-09-03
1922,10867,0.040178415404379,2002-09-03
1923,10983,0.0322138650183659,2002-09-03
1924,14225,0.0334232131495003,2002-09-03
1925,24617,0.041308021397008,2002-09-03
1926,29901,0.0348180778050475,2002-09-03
1927,66446,0.0367437847130938,2002-09-03
1928,112168,0.0353110269880461,2002-09-03
1929,143912,0.0335715664209341,2002-09-03
1930,146017,0.0374280342576487,2002-09-03
1931,1230,0.0438943877233343,2002-12-02
1932,1598,0.0437258402785637,2002-12-02
1933,2574,0.0433758396714127,2002-12-02
1934,3650,0.0495286888621108,2002-12-02
1935,4108,0.0553599102898735,2002-12-02
1936,4199,0.0422575410988249,2002-12-02
1937,4494,0.0402377785610969,2002-12-02
1938,4818,0.0413239645184387,2002-12-02
1939,5229,0.039845432417935,2002-12-02
1940,5783,0.057830368830696,2002-12-02
1941,8463,0.0476547741800995,2002-12-02
1942,14225,0.0622644428536247,2002-12-02
1943,24617,0.0428622116946835,2002-12-02
1944,28590,0.0432776509026267,2002-12-02
1945,29901,0.0458475052323636,2002-12-02
1946,65609,0.0438231699321341,2002-12-02
1947,66446,0.0504327392141309,2002-12-02
1948,112168,0.0412318714166232,2002-12-02
1949,143912,0.0495248876875911,2002-12-02
1950,1230,0.0568896059085418,2003-03-03
1951,1598,0.0508007220021187,2003-03-03
1952,2312,0.045290828078413,2003-03-03
1953,2574,0.054457115839856,2003-03-03
1954,3062,0.0489392874179674,2003-03-03
1955,3650,0.060650661377472,2003-03-03
1956,4108,0.0574073469713138,2003-03-03
1957,4818,0.047197237881356,2003-03-03
1958,5783,0.053739930805137,2003-03-03
1959,7085,0.0478973459076112,2003-03-03
1960,7991,0.0537585265766406,2003-03-03
1961,8463,0.0496816388441633,2003-03-03
1962,14225,0.0626513148506743,2003-03-03
1963,24617,0.0697927289635515,2003-03-03
1964,29901,0.0475894372298338,2003-03-03
1965,65609,0.052756825940437,2003-03-03
1966,66446,0.0672456518248981,2003-03-03
1967,112168,0.0516485733775577,2003-03-03
1968,143912,0.0595309221236333,2003-03-03
1969,1230,0.053078070615248,2003-06-02
1970,2312,0.0438871094153922,2003-06-02
1971,3062,0.0424968408776764,2003-06-02
1972,3650,0.0364674879726889,2003-06-02
1973,4108,0.0438516166758252,2003-06-02
1974,5492,0.0460256927441069,2003-06-02
1975,5783,0.0299640155187848,2003-06-02
1976,5860,0.0319391107252597,2003-06-02
1977,5959,0.0288176068376741,2003-06-02
1978,6268,0.0289642427378414,2003-06-02
1979,6994,0.0401651981138672,2003-06-02
1980,7991,0.046599071273534,2003-06-02
1981,11600,0.0288541893082933,2003-06-02
1982,14225,0.0331571417593772,2003-06-02
1983,28590,0.0480438334057846,2003-06-02
1984,29901,0.0493467145875112,2003-06-02
1985,66446,0.0638873764008974,2003-06-02
1986,143912,0.0612133279302989,2003-06-02
1987,146017,0.0320384748126237,2003-06-02
1988,1230,0.0267731699931123,2003-09-02
1989,1598,0.0399501573048567,2003-09-02
1990,2312,0.0278569752173083,2003-09-02
1991,2574,0.0389343673512298,2003-09-02
1992,3863,0.0267199301415714,2003-09-02
1993,4818,0.033488790079897,2003-09-02
1994,5229,0.0216576195176343,2003-09-02
1995,5492,0.0487531272572667,2003-09-02
1996,5783,0.0275777330988383,2003-09-02
1997,5860,0.0225782875179538,2003-09-02
1998,5878,0.0244930510928312,2003-09-02
1999,7923,0.0288236997171806,2003-09-02
2000,7985,0.0262028128483697,2003-09-02
2001,7991,0.0322172527059959,2003-09-02
2002,8402,0.0298707408623124,2003-09-02
2003,9882,0.0260628188046435,2003-09-02
2004,10867,0.027124387252919,2003-09-02
2005,66065,0.0226500104775587,2003-09-02
2006,66446,0.0490359296323571,2003-09-02
2007,1598,0.0298734661191701,2003-12-01
2008,3062,0.0314068719744682,2003-12-01
2009,4494,0.0195463523268699,2003-12-01
2010,5047,0.0256625842303037,2003-12-01
2011,5764,0.021491277962923,2003-12-01
2012,5783,0.0247080624103546,2003-12-01
2013,5860,0.0247080624103546,2003-12-01
2014,5878,0.0256154332309961,2003-12-01
2015,8253,0.0225107539445161,2003-12-01
2016,8402,0.0299959797412157,2003-12-01
2017,8463,0.0220610182732343,2003-12-01
2018,10519,0.021870769560337,2003-12-01
2019,10867,0.0674031674861908,2003-12-01
2020,14225,0.0334864594042301,2003-12-01
2021,14477,0.0226330608129501,2003-12-01
2022,24617,0.0298734661191701,2003-12-01
2023,62823,0.0377519689500331,2003-12-01
2024,65609,0.0208422299474477,2003-12-01
2025,112168,0.0247080624103546,2003-12-01
2026,1598,0.0291480775922536,2004-03-01
2027,2574,0.0246395524591207,2004-03-01
2028,3062,0.0291480775922536,2004-03-01
2029,4108,0.0246395524591207,2004-03-01
2030,4494,0.0178650058805942,2004-03-01
2031,5492,0.0190722178667783,2004-03-01
2032,5783,0.0227327663451433,2004-03-01
2033,5860,0.0176121536642313,2004-03-01
2034,5878,0.0178650058805942,2004-03-01
2035,8253,0.0176121536642313,2004-03-01
2036,9225,0.0372512973845005,2004-03-01
2037,10519,0.0180317442864179,2004-03-01
2038,10867,0.0297789890319108,2004-03-01
2039,15267,0.0183886904269456,2004-03-01
2040,24617,0.0246395524591207,2004-03-01
2041,62823,0.0361489094793796,2004-03-01
2042,65609,0.0193189065903425,2004-03-01
2043,66446,0.0277779027819633,2004-03-01
2044,112168,0.0176121536642313,2004-03-01
2045,143912,0.0291123259812593,2004-03-01
2046,2285,0.0215693935751914,2004-06-01
2047,3062,0.0315540172159671,2004-06-01
2048,3650,0.0249398946762084,2004-06-01
2049,3835,0.0191215630620718,2004-06-01
2050,3863,0.0213808305561542,2004-06-01
2051,4598,0.0196719504892826,2004-06-01
2052,5492,0.0219653639942407,2004-06-01
2053,5860,0.0249398946762084,2004-06-01
2054,6268,0.0174695346504449,2004-06-01
2055,7985,0.0369530692696571,2004-06-01
2056,8253,0.0249398946762084,2004-06-01
2057,8463,0.0173758901655673,2004-06-01
2058,9225,0.0172746367752552,2004-06-01
2059,11600,0.0258556194603443,2004-06-01
2060,14225,0.0209709275513887,2004-06-01
2061,29901,0.0209709275513887,2004-06-01
2062,60979,0.0186164937913417,2004-06-01
2063,66446,0.0391642041504383,2004-06-01
2064,143912,0.0338961742818355,2004-06-01
2065,1230,0.033322338014841,2004-09-01
2066,1598,0.0249119102954864,2004-09-01
2067,3062,0.0287899039685726,2004-09-01
2068,3278,0.0240996442735195,2004-09-01
2069,3650,0.025827869772911,2004-09-01
2070,6994,0.0249119102954864,2004-09-01
2071,7923,0.0240996442735195,2004-09-01
2072,7985,0.0377899706363678,2004-09-01
2073,9299,0.0240996442735195,2004-09-01
2074,10519,0.0286951623857021,2004-09-01
2075,10867,0.0384135879576206,2004-09-01
2076,14225,0.0278548877686262,2004-09-01
2077,14477,0.0240996442735195,2004-09-01
2078,28590,0.0240996442735195,2004-09-01
2079,29901,0.0278548877686262,2004-09-01
2080,66446,0.044003777205944,2004-09-01
2081,112168,0.0248229373246431,2004-09-01
2082,143912,0.0336209349334239,2004-09-01
2083,160893,0.033322338014841,2004-09-01
2084,1230,0.0253348499536514,2004-12-01
2085,1598,0.0253348499536514,2004-12-01
2086,2574,0.0294898673892021,2004-12-01
2087,3062,0.0294898673892021,2004-12-01
2088,3278,0.0299437306821346,2004-12-01
2089,3650,0.0253348499536514,2004-12-01
2090,3863,0.0263370350003242,2004-12-01
2091,5047,0.0299437306821346,2004-12-01
2092,5783,0.0253348499536514,2004-12-01
2093,5860,0.0253348499536514,2004-12-01
2094,5959,0.0253348499536514,2004-12-01
2095,6268,0.0299437306821346,2004-12-01
2096,6994,0.0253348499536514,2004-12-01
2097,7921,0.0253348499536514,2004-12-01
2098,8253,0.0253348499536514,2004-12-01
2099,8463,0.0299437306821346,2004-12-01
2100,8606,0.0253348499536514,2004-12-01
2101,9225,0.0332912020385265,2004-12-01
2102,9299,0.0299437306821346,2004-12-01
2103,10581,0.0253348499536514,2004-12-01
2104,10867,0.0253348499536514,2004-12-01
2105,11600,0.0253348499536514,2004-12-01
2106,14225,0.0294898673892021,2004-12-01
2107,14477,0.0253348499536514,2004-12-01
2108,24617,0.0294898673892021,2004-12-01
2109,28590,0.0253348499536514,2004-12-01
2110,65609,0.0320856720209121,2004-12-01
2111,66065,0.0356881693005561,2004-12-01
2112,112168,0.0253348499536514,2004-12-01
2113,1598,0.0310888737440109,2005-03-01
2114,2574,0.0279846228659153,2005-03-01
2115,3062,0.0368694402277469,2005-03-01
2116,5046,0.0308097638189792,2005-03-01
2117,5047,0.0279554016888141,2005-03-01
2118,5783,0.0293007139116525,2005-03-01
2119,5860,0.0328394100069999,2005-03-01
2120,6994,0.0310888737440109,2005-03-01
2121,7985,0.0362560078501701,2005-03-01
2122,8253,0.0296788923442363,2005-03-01
2123,9225,0.0410449728369712,2005-03-01
2124,9299,0.0337267592549324,2005-03-01
2125,9778,0.0390948429703712,2005-03-01
2126,10867,0.0328394100069999,2005-03-01
2127,11600,0.0296788923442363,2005-03-01
2128,14225,0.0298037379980087,2005-03-01
2129,24617,0.0354594476521015,2005-03-01
2130,29901,0.0314353592693805,2005-03-01
2131,60979,0.0310888737440109,2005-03-01
2132,1230,0.044372208240346,2005-06-01
2133,2574,0.0532179982351741,2005-06-01
2134,3062,0.0559401325071061,2005-06-01
2135,3650,0.0421457009789251,2005-06-01
2136,4199,0.0282661140240518,2005-06-01
2137,5492,0.0231208437281143,2005-06-01
2138,5959,0.0271625090682142,2005-06-01
2139,7921,0.0317957861368224,2005-06-01
2140,7985,0.0252989820470361,2005-06-01
2141,8253,0.0283869383169421,2005-06-01
2142,10581,0.0267465753172634,2005-06-01
2143,11600,0.0634422738802342,2005-06-01
2144,14225,0.0345447430281153,2005-06-01
2145,29901,0.0588075318569246,2005-06-01
2146,60979,0.0281408145697154,2005-06-01
2147,66446,0.0524741808870509,2005-06-01
2148,143912,0.0351441472902344,2005-06-01
2149,146017,0.0240303426805075,2005-06-01
2150,160893,0.0380864617596605,2005-06-01
2151,1230,0.029934832853838,2005-09-01
2152,1598,0.0259111856406308,2005-09-01
2153,2574,0.0414775154400811,2005-09-01
2154,3062,0.0290302547772085,2005-09-01
2155,3863,0.0305328472132883,2005-09-01
2156,7921,0.0257856281587046,2005-09-01
2157,7985,0.0277511960200631,2005-09-01
2158,8253,0.0329621070472825,2005-09-01
2159,9225,0.0374302313709334,2005-09-01
2160,9778,0.0277511960200631,2005-09-01
2161,9882,0.0318363470448788,2005-09-01
2162,10867,0.028066618633258,2005-09-01
2163,11600,0.0482219338276756,2005-09-01
2164,14225,0.0370500892697189,2005-09-01
2165,24617,0.0356431774819626,2005-09-01
2166,28590,0.0294374233098863,2005-09-01
2167,29901,0.0322193173202941,2005-09-01
2168,60979,0.0368384709630536,2005-09-01
2169,66446,0.0409941824456292,2005-09-01
2170,1230,0.0596199701406983,2005-12-01
2171,1598,0.0384668076306892,2005-12-01
2172,2574,0.0474934151217985,2005-12-01
2173,3062,0.0549494876498481,2005-12-01
2174,3650,0.0423180734021431,2005-12-01
2175,5959,0.0360744419547344,2005-12-01
2176,6994,0.04510660769357,2005-12-01
2177,7085,0.0425538285183183,2005-12-01
2178,9882,0.0383563425148519,2005-12-01
2179,10581,0.0361121304208776,2005-12-01
2180,10867,0.0384033471715664,2005-12-01
2181,11600,0.0557709121281983,2005-12-01
2182,14225,0.0528564201703588,2005-12-01
2183,24617,0.0518452905209767,2005-12-01
2184,29901,0.0452107701531024,2005-12-01
2185,60979,0.0336168992740587,2005-12-01
2186,66446,0.0365196492071041,2005-12-01
2187,143912,0.0466897126563051,2005-12-01
2188,163036,0.0389045108744084,2005-12-01
2189,1230,0.0420379229899595,2006-03-01
2190,1598,0.0322729859287316,2006-03-01
2191,2574,0.0454757205558148,2006-03-01
2192,3062,0.0514088086747817,2006-03-01
2193,3650,0.0370625273818344,2006-03-01
2194,3863,0.0366889821733409,2006-03-01
2195,6994,0.0382603736769694,2006-03-01
2196,7085,0.0371358924527723,2006-03-01
2197,8253,0.031916627976632,2006-03-01
2198,9225,0.0314228660532155,2006-03-01
2199,10581,0.0448385109632673,2006-03-01
2200,10867,0.0314782104533619,2006-03-01
2201,11600,0.0550745927356265,2006-03-01
2202,14225,0.0480669403545238,2006-03-01
2203,24617,0.0442209145628975,2006-03-01
2204,29901,0.0406684726496698,2006-03-01
2205,60979,0.0407695524557528,2006-03-01
2206,66446,0.0423080618397026,2006-03-01
2207,143912,0.0457134086828837,2006-03-01
2208,1230,0.0268410462886095,2006-06-01
2209,1300,0.0257662404328584,2006-06-01
2210,2285,0.0311975385993719,2006-06-01
2211,2574,0.0349258482456207,2006-06-01
2212,2817,0.0265369080007076,2006-06-01
2213,3062,0.0430700667202472,2006-06-01
2214,3835,0.0358610115945339,2006-06-01
2215,3863,0.0303526856005191,2006-06-01
2216,4199,0.0268976930528879,2006-06-01
2217,6268,0.0347333848476409,2006-06-01
2218,7085,0.0273169092833995,2006-06-01
2219,8253,0.0317506045103073,2006-06-01
2220,10519,0.0279865246266126,2006-06-01
2221,10581,0.0286771412938833,2006-06-01
2222,10867,0.0293777771294116,2006-06-01
2223,11600,0.0437909476459026,2006-06-01
2224,14477,0.0256885886192321,2006-06-01
2225,29901,0.0451114736497402,2006-06-01
2226,66446,0.072497472167015,2006-06-01
2227,146017,0.0273043680936098,2006-06-01
2228,1045,0.0320263542234897,2006-09-01
2229,1598,0.0363284796476364,2006-09-01
2230,2574,0.0439039766788482,2006-09-01
2231,2817,0.0303270388394594,2006-09-01
2232,3835,0.0445982739329338,2006-09-01
2233,5047,0.031089249998331,2006-09-01
2234,5860,0.0335124097764492,2006-09-01
2235,5959,0.0322556346654892,2006-09-01
2236,7085,0.0363105572760105,2006-09-01
2237,7921,0.0337964333593845,2006-09-01
2238,8402,0.0334564186632633,2006-09-01
2239,8463,0.0364722460508346,2006-09-01
2240,10016,0.0354220233857631,2006-09-01
2241,10867,0.0306478720158338,2006-09-01
2242,24617,0.0445157289505004,2006-09-01
2243,29901,0.045398574322462,2006-09-01
2244,60979,0.0357673987746238,2006-09-01
2245,66446,0.0341365858912467,2006-09-01
2246,143912,0.0478505119681358,2006-09-01
2247,163036,0.0699936300516128,2006-09-01
2248,1598,0.0369892446967643,2006-12-01
2249,2312,0.0319911616739122,2006-12-01
2250,2574,0.0514700074273132,2006-12-01
2251,3062,0.0504185350738683,2006-12-01
2252,3863,0.0305694566790873,2006-12-01
2253,4108,0.0325111992860516,2006-12-01
2254,5860,0.0336811478421621,2006-12-01
2255,5959,0.0322568463186491,2006-12-01
2256,7085,0.0369167834038721,2006-12-01
2257,8463,0.0344748220403524,2006-12-01
2258,9225,0.0502561900004768,2006-12-01
2259,9882,0.030245685949084,2006-12-01
2260,10867,0.0325253185086252,2006-12-01
2261,14225,0.0393231345500554,2006-12-01
2262,24617,0.0553817814822252,2006-12-01
2263,60979,0.0449595984116529,2006-12-01
2264,66446,0.0311138390860912,2006-12-01
2265,112168,0.0316951510106086,2006-12-01
2266,143912,0.0520745496606822,2006-12-01
2267,163036,0.0453168033785187,2006-12-01
2268,1230,0.0409835278987884,2007-03-01
2269,2574,0.054335780441761,2007-03-01
2270,3062,0.0458568669855594,2007-03-01
2271,4494,0.0406111516058445,2007-03-01
2272,5256,0.0442010685801506,2007-03-01
2273,5783,0.0393220521509647,2007-03-01
2274,5878,0.0382908098399639,2007-03-01
2275,7923,0.0394383408129215,2007-03-01
2276,8463,0.0387218929827213,2007-03-01
2277,10581,0.038796741515398,2007-03-01
2278,11600,0.04414863884449,2007-03-01
2279,14225,0.0458568669855594,2007-03-01
2280,15267,0.039401788264513,2007-03-01
2281,24617,0.0477513186633586,2007-03-01
2282,29901,0.0505689568817615,2007-03-01
2283,60979,0.0409115701913833,2007-03-01
2284,62823,0.0402838252484798,2007-03-01
2285,66065,0.0514214076101779,2007-03-01
2286,163036,0.041122306138277,2007-03-01
2287,165123,0.0406626537442207,2007-03-01
2288,1230,0.0433800779956202,2007-06-01
2289,2574,0.0345186333774519,2007-06-01
2290,3062,0.0398589685928777,2007-06-01
2291,3851,0.0401338125125052,2007-06-01
2292,5256,0.0308040125139171,2007-06-01
2293,5860,0.0306407215299347,2007-06-01
2294,6216,0.0308040125139171,2007-06-01
2295,7085,0.0343329604875365,2007-06-01
2296,7923,0.0305870665160815,2007-06-01
2297,8358,0.0305870665160815,2007-06-01
2298,9299,0.0305870665160815,2007-06-01
2299,10519,0.0308040125139171,2007-06-01
2300,11600,0.0395567173019333,2007-06-01
2301,24617,0.0359767928392646,2007-06-01
2302,29901,0.036472961848512,2007-06-01
2303,143912,0.0463707040915684,2007-06-01
2304,146017,0.0308040125139171,2007-06-01
2305,148349,0.0335395124026443,2007-06-01
2306,160893,0.0316486664514402,2007-06-01
2307,176928,0.0306127316144623,2007-06-01
2308,1045,0.0320031400036023,2007-09-04
2309,1230,0.0645720160012859,2007-09-04
2310,2574,0.0519318063748023,2007-09-04
2311,3062,0.0335930722403594,2007-09-04
2312,3851,0.0489368220443226,2007-09-04
2313,5860,0.0322544199513321,2007-09-04
2314,7085,0.0436424697016474,2007-09-04
2315,8463,0.034545971007221,2007-09-04
2316,9299,0.0327135928116098,2007-09-04
2317,9882,0.0321916433171487,2007-09-04
2318,10581,0.0377769842276997,2007-09-04
2319,11600,0.041480717701195,2007-09-04
2320,14225,0.03774466026254,2007-09-04
2321,24617,0.0566818631107164,2007-09-04
2322,29901,0.0549941809906948,2007-09-04
2323,60979,0.0395790235101522,2007-09-04
2324,66065,0.03409799293527,2007-09-04
2325,148349,0.0362707880150022,2007-09-04
2326,163036,0.0523700234429975,2007-09-04
2327,176928,0.0596379693035973,2007-09-04
2328,177983,0.0520536304515243,2007-09-04
2329,1045,0.0388271876678559,2007-12-03
2330,1230,0.0363985598908149,2007-12-03
2331,2312,0.0354713498919911,2007-12-03
2332,2574,0.0604108500705929,2007-12-03
2333,3062,0.0432561333330004,2007-12-03
2334,3278,0.0415203766090482,2007-12-03
2335,3835,0.0452954489238775,2007-12-03
2336,3851,0.0369902287664978,2007-12-03
2337,6268,0.0575518878440456,2007-12-03
2338,6994,0.0352287411882044,2007-12-03
2339,9203,0.0452954489238775,2007-12-03
2340,9225,0.0395900415430191,2007-12-03
2341,9882,0.0497094306661505,2007-12-03
2342,14225,0.0435739867543849,2007-12-03
2343,24617,0.0529839727847785,2007-12-03
2344,29901,0.0490031407849077,2007-12-03
2345,60979,0.0343153577868119,2007-12-03
2346,65609,0.035279014801425,2007-12-03
2347,163036,0.0543055873879993,2007-12-03
2348,165123,0.041890812666041,2007-12-03
2349,177983,0.0442546623630963,2007-12-03
2350,1230,0.0369422957301139,2008-03-03
2351,1300,0.0334459282457828,2008-03-03
2352,2574,0.0369630344212055,2008-03-03
2353,3062,0.0369630344212055,2008-03-03
2354,4598,0.0342900678515434,2008-03-03
2355,5046,0.0334459282457828,2008-03-03
2356,5256,0.0342122167348861,2008-03-03
2357,5764,0.0334459282457828,2008-03-03
2358,5878,0.0334459282457828,2008-03-03
2359,6994,0.0334459282457828,2008-03-03
2360,7921,0.0347193591296672,2008-03-03
2361,7923,0.0334459282457828,2008-03-03
2362,7985,0.0342900678515434,2008-03-03
2363,8358,0.0334459282457828,2008-03-03
2364,9299,0.0342900678515434,2008-03-03
2365,9778,0.0342900678515434,2008-03-03
2366,10016,0.0342900678515434,2008-03-03
2367,10519,0.0334459282457828,2008-03-03
2368,11600,0.0355634987354278,2008-03-03
2369,14225,0.0380386970937252,2008-03-03
2370,24617,0.0369630344212055,2008-03-03
2371,28590,0.0336076766252517,2008-03-03
2372,29901,0.0363746546208858,2008-03-03
2373,163036,0.045728862285614,2008-03-03
2374,1045,0.0551641955971717,2008-06-02
2375,1230,0.0422164276242256,2008-06-02
2376,2285,0.0333078280091285,2008-06-02
2377,2574,0.0335356332361698,2008-06-02
2378,3062,0.0365128703415393,2008-06-02
2379,3278,0.0401808433234691,2008-06-02
2380,3650,0.0333078280091285,2008-06-02
2381,3851,0.0581222102046012,2008-06-02
2382,4199,0.0333816073834896,2008-06-02
2383,4818,0.0333078280091285,2008-06-02
2384,5229,0.0333816073834896,2008-06-02
2385,5256,0.0333078280091285,2008-06-02
2386,5860,0.0333816073834896,2008-06-02
2387,6216,0.0333078280091285,2008-06-02
2388,6774,0.0333078280091285,2008-06-02
2389,7991,0.0333078280091285,2008-06-02
2390,9299,0.0333078280091285,2008-06-02
2391,9778,0.0333816073834896,2008-06-02
2392,11600,0.0333816073834896,2008-06-02
2393,24617,0.0334148369729518,2008-06-02
2394,28590,0.0333816073834896,2008-06-02
2395,146017,0.0333078280091285,2008-06-02
2396,160893,0.0333089344203472,2008-06-02
2397,163036,0.0363729298114776,2008-06-02
2398,180112,0.050229039043188,2008-06-02
2399,1230,0.0515892697349913,2008-09-02
2400,2574,0.0446836693904124,2008-09-02
2401,3062,0.061888887307243,2008-09-02
2402,3278,0.0588923014705997,2008-09-02
2403,3650,0.0368988280697268,2008-09-02
2404,4058,0.0374300523108461,2008-09-02
2405,4423,0.0364341183945721,2008-09-02
2406,5229,0.0365963474704216,2008-09-02
2407,5492,0.0362497374861665,2008-09-02
2408,5860,0.0383423742439657,2008-09-02
2409,5959,0.0364670068397574,2008-09-02
2410,6994,0.0397864004296613,2008-09-02
2411,8463,0.0385246068798599,2008-09-02
2412,11600,0.0445453265053862,2008-09-02
2413,24617,0.0690050164817178,2008-09-02
2414,28590,0.0378907620174239,2008-09-02
2415,29901,0.0534316348765432,2008-09-02
2416,146017,0.0366926321672544,2008-09-02
2417,148349,0.037012086370647,2008-09-02
2418,163036,0.0881195258382111,2008-09-02
2419,177983,0.0421737406046699,2008-09-02
2420,1045,0.038075003772974,2008-12-01
2421,1230,0.0383750014007091,2008-12-01
2422,1598,0.0299923326820135,2008-12-01
2423,2312,0.0299923326820135,2008-12-01
2424,2574,0.0337438993155956,2008-12-01
2425,3278,0.038075003772974,2008-12-01
2426,3650,0.0299923326820135,2008-12-01
2427,3851,0.0394283346831798,2008-12-01
2428,4423,0.0299923326820135,2008-12-01
2429,4494,0.0299923326820135,2008-12-01
2430,4598,0.0299923326820135,2008-12-01
2431,4818,0.0299923326820135,2008-12-01
2432,5229,0.0413974039256572,2008-12-01
2433,5783,0.0299923326820135,2008-12-01
2434,5860,0.0299923326820135,2008-12-01
2435,5959,0.0337438993155956,2008-12-01
2436,6216,0.0299923326820135,2008-12-01
2437,6994,0.0337438993155956,2008-12-01
2438,7921,0.0299923326820135,2008-12-01
2439,7991,0.0299923326820135,2008-12-01
2440,8253,0.0299923326820135,2008-12-01
2441,8402,0.0343795754015445,2008-12-01
2442,8463,0.0299923326820135,2008-12-01
2443,9299,0.0310104601085186,2008-12-01
2444,10519,0.0310104601085186,2008-12-01
2445,10581,0.0337438993155956,2008-12-01
2446,10867,0.0299923326820135,2008-12-01
2447,14225,0.031940821558237,2008-12-01
2448,15267,0.0299923326820135,2008-12-01
2449,24617,0.0337438993155956,2008-12-01
2450,28590,0.0299923326820135,2008-12-01
2451,60979,0.0299923326820135,2008-12-01
2452,62823,0.0299923326820135,2008-12-01
2453,63527,0.0299923326820135,2008-12-01
2454,65609,0.0299923326820135,2008-12-01
2455,112168,0.0299923326820135,2008-12-01
2456,148349,0.0299923326820135,2008-12-01
2457,160893,0.0337438993155956,2008-12-01
2458,163036,0.0422319658100605,2008-12-01
2459,179657,0.0299923326820135,2008-12-01
2460,1045,0.0399360805749893,2009-03-02
2461,1230,0.0256465356796979,2009-03-02
2462,1598,0.025582306087017,2009-03-02
2463,2312,0.025582306087017,2009-03-02
2464,2574,0.0284347720444202,2009-03-02
2465,3062,0.0320735238492488,2009-03-02
2466,3278,0.030127702280879,2009-03-02
2467,3851,0.0260594245046377,2009-03-02
2468,5047,0.026282088831067,2009-03-02
2469,5229,0.0281776078045368,2009-03-02
2470,5256,0.0671138539910316,2009-03-02
2471,5860,0.025582306087017,2009-03-02
2472,7085,0.02913180552423,2009-03-02
2473,7991,0.0434062704443931,2009-03-02
2474,8253,0.025582306087017,2009-03-02
2475,8463,0.025582306087017,2009-03-02
2476,10519,0.0274141170084476,2009-03-02
2477,14225,0.0298059247434139,2009-03-02
2478,24617,0.0307023711502552,2009-03-02
2479,29901,0.0297974050045013,2009-03-02
2480,60979,0.025582306087017,2009-03-02
2481,66065,0.034945361316204,2009-03-02
2482,143912,0.0579740777611732,2009-03-02
2483,160893,0.025582306087017,2009-03-02
2484,163036,0.0307103972882032,2009-03-02
2485,177983,0.0273249205201864,2009-03-02
2486,180112,0.0608227886259555,2009-03-02
2487,1045,0.0640056561501496,2009-06-01
2488,1230,0.0570385604752578,2009-06-01
2489,2574,0.0434287088230553,2009-06-01
2490,2817,0.0374212892560203,2009-06-01
2491,3278,0.0529079638490766,2009-06-01
2492,3835,0.0396415191295715,2009-06-01
2493,3851,0.0394121261188691,2009-06-01
2494,4058,0.0383008839818856,2009-06-01
2495,5229,0.0372466628767027,2009-06-01
2496,5492,0.0366774096608639,2009-06-01
2497,6216,0.0360395226191129,2009-06-01
2498,6994,0.0605047628583228,2009-06-01
2499,7085,0.0433249516454604,2009-06-01
2500,7921,0.0343627304320695,2009-06-01
2501,9882,0.0445167956403277,2009-06-01
2502,10519,0.0524480040925806,2009-06-01
2503,11600,0.0581892974636276,2009-06-01
2504,29901,0.0485992778826359,2009-06-01
2505,66065,0.066089928765692,2009-06-01
2506,143912,0.0937112683266502,2009-06-01
2507,163036,0.0806694826146901,2009-06-01
2508,1045,0.0732822991984709,2009-09-01
2509,1230,0.0732822991984709,2009-09-01
2510,2574,0.0372309741813662,2009-09-01
2511,3062,0.0876054375723256,2009-09-01
2512,3278,0.0461013967071098,2009-09-01
2513,3851,0.0732822991984709,2009-09-01
2514,5046,0.0387980700738024,2009-09-01
2515,5229,0.0542065421362302,2009-09-01
2516,6994,0.0598397321538039,2009-09-01
2517,8253,0.0420477693834871,2009-09-01
2518,8358,0.0382747585679963,2009-09-01
2519,9225,0.0409616263504577,2009-09-01
2520,10920,0.0415377743913234,2009-09-01
2521,11600,0.0396539464732554,2009-09-01
2522,14225,0.0413622352908177,2009-09-01
2523,65609,0.0376034151013268,2009-09-01
2524,66065,0.0547299579270395,2009-09-01
2525,143912,0.0954198547660497,2009-09-01
2526,163036,0.0730038123925677,2009-09-01
2527,176928,0.0396988565841344,2009-09-01
2528,180112,0.073070844545817,2009-09-01
2529,1045,0.0203651838213171,2009-12-01
2530,1230,0.0205408678673493,2009-12-01
2531,1598,0.0143882813252333,2009-12-01
2532,2312,0.0146226580379976,2009-12-01
2533,2574,0.0257971129799719,2009-12-01
2534,3062,0.0340834098973848,2009-12-01
2535,5229,0.0176760316620696,2009-12-01
2536,6994,0.0144605878250898,2009-12-01
2537,7085,0.0216606733309288,2009-12-01
2538,8463,0.0158197684456824,2009-12-01
2539,9225,0.0212512801241846,2009-12-01
2540,9882,0.012907024553231,2009-12-01
2541,11600,0.0324716044917075,2009-12-01
2542,14225,0.0260852765612565,2009-12-01
2543,24617,0.0324719202053462,2009-12-01
2544,29901,0.027189341000588,2009-12-01
2545,66065,0.0161879263831757,2009-12-01
2546,143912,0.0285632095636717,2009-12-01
2547,163036,0.024245382557265,2009-12-01
2548,177983,0.0161117903651683,2009-12-01
2549,180112,0.0192257610232926,2009-12-01
2550,1045,0.0158567409962415,2010-03-01
2551,1230,0.0076052630320191,2010-03-01
2552,1598,0.0084805889055132,2010-03-01
2553,2285,0.0074070924893021,2010-03-01
2554,2574,0.0181467775255441,2010-03-01
2555,3062,0.0192135702818632,2010-03-01
2556,4423,0.0106997853145003,2010-03-01
2557,5046,0.020877132192254,2010-03-01
2558,5229,0.0104079768061637,2010-03-01
2559,5959,0.0084805889055132,2010-03-01
2560,6774,0.018814168870449,2010-03-01
2561,8402,0.0084453737363219,2010-03-01
2562,8463,0.0084805889055132,2010-03-01
2563,8606,0.0156721919775009,2010-03-01
2564,9225,0.0176490619778633,2010-03-01
2565,11600,0.0091958660632371,2010-03-01
2566,24617,0.0184161122888326,2010-03-01
2567,29901,0.0186224021017551,2010-03-01
2568,60979,0.0084453737363219,2010-03-01
2569,66446,0.007439533714205,2010-03-01
2570,143912,0.0144353713840246,2010-03-01
2571,180652,0.0266293473541736,2010-03-01
2572,2312,0.0218772804824117,2010-06-01
2573,2574,0.0300807135984678,2010-06-01
2574,3062,0.0515266641809438,2010-06-01
2575,5229,0.0330291191655476,2010-06-01
2576,6268,0.0210112805258839,2010-06-01
2577,7085,0.0257761618105557,2010-06-01
2578,7991,0.0229853661533599,2010-06-01
2579,8463,0.0194495076101795,2010-06-01
2580,9225,0.0371833114367847,2010-06-01
2581,9882,0.0221791960639739,2010-06-01
2582,11600,0.0313200137375963,2010-06-01
2583,14225,0.0249283604755305,2010-06-01
2584,24617,0.0233260890167855,2010-06-01
2585,29901,0.0453400939546242,2010-06-01
2586,66446,0.0208935345802342,2010-06-01
2587,143912,0.0468860379620031,2010-06-01
2588,160893,0.0190708133252153,2010-06-01
2589,163036,0.0539268751166899,2010-06-01
2590,176928,0.0203824254972225,2010-06-01
2591,177983,0.0212958356627618,2010-06-01
2592,180112,0.0316495446402468,2010-06-01
2593,183736,0.0251897047596638,2010-06-01
2594,2574,0.0338763306748961,2010-09-01
2595,3062,0.0641431858051032,2010-09-01
2596,5229,0.0280787865848811,2010-09-01
2597,6268,0.0271653932376118,2010-09-01
2598,7085,0.039721979892459,2010-09-01
2599,7991,0.0300907791093988,2010-09-01
2600,9225,0.0390918674543259,2010-09-01
2601,9882,0.0305765988961361,2010-09-01
2602,10581,0.0279640421281313,2010-09-01
2603,11600,0.0533270642149123,2010-09-01
2604,14225,0.0292958874246788,2010-09-01
2605,24617,0.0318201698103727,2010-09-01
2606,28590,0.0282971760653771,2010-09-01
2607,29901,0.0555698290539296,2010-09-01
2608,66446,0.026047129916865,2010-09-01
2609,143912,0.0599101385134564,2010-09-01
2610,163036,0.0719541228266632,2010-09-01
2611,176928,0.0264555268671167,2010-09-01
2612,177983,0.0283016652646117,2010-09-01
2613,179657,0.0290630096218432,2010-09-01
2614,180112,0.032215356144902,2010-09-01
2615,183736,0.0348117393824995,2010-09-01
2616,1045,0.0328989328906093,2010-12-01
2617,1230,0.0284976551935224,2010-12-01
2618,2574,0.0307365904441672,2010-12-01
2619,3062,0.0489999757057571,2010-12-01
2620,5229,0.0363832727493479,2010-12-01
2621,5860,0.0327840126769314,2010-12-01
2622,6994,0.0298377129644167,2010-12-01
2623,7085,0.0457312793698904,2010-12-01
2624,8463,0.0279274699942055,2010-12-01
2625,9225,0.0309840208633369,2010-12-01
2626,9882,0.0380056316848633,2010-12-01
2627,11600,0.0463027318188527,2010-12-01
2628,14225,0.0292518822773547,2010-12-01
2629,24617,0.0332896540553637,2010-12-01
2630,29901,0.0365537443499883,2010-12-01
2631,66065,0.0331849963080214,2010-12-01
2632,66446,0.0313410507476318,2010-12-01
2633,143912,0.0442152528784653,2010-12-01
2634,163036,0.0541529151304335,2010-12-01
2635,165123,0.0278341531692555,2010-12-01
2636,180112,0.0377345530931122,2010-12-01
2637,183736,0.0378438135873009,2010-12-01
2638,2312,0.0272035859525203,2011-03-01
2639,2574,0.0294692032039165,2011-03-01
2640,3062,0.0498299598693847,2011-03-01
2641,3863,0.0272035859525203,2011-03-01
2642,4108,0.0326750874519348,2011-03-01
2643,5046,0.0438585951924324,2011-03-01
2644,5229,0.0498299598693847,2011-03-01
2645,5256,0.0468299239873886,2011-03-01
2646,5860,0.0272035859525203,2011-03-01
2647,5959,0.0272035859525203,2011-03-01
2648,6268,0.0272035859525203,2011-03-01
2649,6774,0.0438585951924324,2011-03-01
2650,6994,0.0272035859525203,2011-03-01
2651,7985,0.0438585951924324,2011-03-01
2652,8253,0.0272035859525203,2011-03-01
2653,8463,0.0272035859525203,2011-03-01
2654,9225,0.0283599905669689,2011-03-01
2655,9882,0.0294692032039165,2011-03-01
2656,10519,0.0272035859525203,2011-03-01
2657,10581,0.0272035859525203,2011-03-01
2658,11600,0.0294692032039165,2011-03-01
2659,14225,0.0283599905669689,2011-03-01
2660,14477,0.0272035859525203,2011-03-01
2661,24617,0.0294692032039165,2011-03-01
2662,28590,0.0272035859525203,2011-03-01
2663,29901,0.0288002341985702,2011-03-01
2664,60979,0.0272035859525203,2011-03-01
2665,66065,0.028471240773797,2011-03-01
2666,66446,0.0272035859525203,2011-03-01
2667,112168,0.0272035859525203,2011-03-01
2668,143912,0.077665701508522,2011-03-01
2669,163036,0.077665701508522,2011-03-01
2670,165123,0.0272035859525203,2011-03-01
2671,176928,0.0272035859525203,2011-03-01
2672,177983,0.0283599905669689,2011-03-01
2673,179657,0.0272035859525203,2011-03-01
2674,180112,0.0283599905669689,2011-03-01
2675,183736,0.0294692032039165,2011-03-01
2676,1230,0.0251874402165412,2011-06-01
2677,2574,0.0251874402165412,2011-06-01
2678,3062,0.0251874402165412,2011-06-01
2679,5047,0.0277340430766344,2011-06-01
2680,5229,0.0282665789127349,2011-06-01
2681,5860,0.0251874402165412,2011-06-01
2682,5959,0.0251874402165412,2011-06-01
2683,6268,0.0251874402165412,2011-06-01
2684,7085,0.0251874402165412,2011-06-01
2685,7991,0.0251874402165412,2011-06-01
2686,8463,0.0251874402165412,2011-06-01
2687,9882,0.0251874402165412,2011-06-01
2688,10519,0.0251874402165412,2011-06-01
2689,10581,0.0251874402165412,2011-06-01
2690,11600,0.0251874402165412,2011-06-01
2691,14477,0.0251874402165412,2011-06-01
2692,24617,0.0251874402165412,2011-06-01
2693,28590,0.0251874402165412,2011-06-01
2694,29901,0.0282665789127349,2011-06-01
2695,66065,0.0251874402165412,2011-06-01
2696,66446,0.0251874402165412,2011-06-01
2697,112168,0.0251874402165412,2011-06-01
2698,143912,0.0406624227762222,2011-06-01
2699,148349,0.0256370194256305,2011-06-01
2700,165123,0.0251874402165412,2011-06-01
2701,177983,0.0251874402165412,2011-06-01
2702,179657,0.0251874402165412,2011-06-01
2703,180112,0.0251874402165412,2011-06-01
2704,183736,0.0251874402165412,2011-06-01
2705,186310,0.0263750255107879,2011-06-01
2706,1230,0.0413626000672104,2011-09-01
2707,1891,0.0245762133514092,2011-09-01
2708,2574,0.0305428657784123,2011-09-01
2709,3062,0.0287473099249953,2011-09-01
2710,4423,0.0284408761406768,2011-09-01
2711,5229,0.0396233118016205,2011-09-01
2712,6216,0.0252267761516147,2011-09-01
2713,6268,0.0289672774180341,2011-09-01
2714,7085,0.0276633113193484,2011-09-01
2715,8253,0.0289672774180341,2011-09-01
2716,8358,0.0662964370966679,2011-09-01
2717,8606,0.0247954350170771,2011-09-01
2718,9882,0.0276887113390713,2011-09-01
2719,11600,0.027614159702708,2011-09-01
2720,14477,0.0297610081529194,2011-09-01
2721,24617,0.0305428657784123,2011-09-01
2722,29901,0.0258250935042558,2011-09-01
2723,60979,0.0284408761406768,2011-09-01
2724,143912,0.0438552986599844,2011-09-01
2725,160893,0.0289672774180341,2011-09-01
2726,163036,0.1021118029982327,2011-09-01
2727,180112,0.0593383752273259,2011-09-01
2728,1230,0.0289703011512756,2011-12-01
2729,1598,0.0289703011512756,2011-12-01
2730,2574,0.0289703011512756,2011-12-01
2731,3062,0.0289703011512756,2011-12-01
2732,3278,0.0305154956877231,2011-12-01
2733,3650,0.0549105443060398,2011-12-01
2734,3863,0.0289703011512756,2011-12-01
2735,4108,0.0289703011512756,2011-12-01
2736,5229,0.03679159283638,2011-12-01
2737,5256,0.0364704579114913,2011-12-01
2738,5492,0.0289703011512756,2011-12-01
2739,5860,0.0289703011512756,2011-12-01
2740,5959,0.0289703011512756,2011-12-01
2741,6268,0.0289703011512756,2011-12-01
2742,6994,0.0289703011512756,2011-12-01
2743,7085,0.0289703011512756,2011-12-01
2744,7991,0.0305154956877231,2011-12-01
2745,8253,0.0289703011512756,2011-12-01
2746,8463,0.0289703011512756,2011-12-01
2747,9299,0.0310651063919067,2011-12-01
2748,9882,0.0289703011512756,2011-12-01
2749,10519,0.0289703011512756,2011-12-01
2750,10581,0.0289703011512756,2011-12-01
2751,11600,0.0289703011512756,2011-12-01
2752,14477,0.0289703011512756,2011-12-01
2753,24617,0.0289703011512756,2011-12-01
2754,28590,0.0289703011512756,2011-12-01
2755,62823,0.0310651063919067,2011-12-01
2756,66446,0.0289703011512756,2011-12-01
2757,112168,0.0289703011512756,2011-12-01
2758,143912,0.0289703011512756,2011-12-01
2759,160893,0.0289703011512756,2011-12-01
2760,163036,0.03679159283638,2011-12-01
2761,165123,0.0289703011512756,2011-12-01
2762,176928,0.0289703011512756,2011-12-01
2763,177983,0.0289703011512756,2011-12-01
2764,179657,0.0289703011512756,2011-12-01
2765,183736,0.0289703011512756,2011-12-01
2766,186278,0.0289703011512756,2011-12-01
2767,189491,0.0368494056165218,2011-12-01
2768,1230,0.0462229282491983,2012-03-01
2769,2817,0.0786419511875361,2012-03-01
2770,3278,0.0431837799731377,2012-03-01
2771,3650,0.0786419511875361,2012-03-01
2772,4108,0.0643442360101137,2012-03-01
2773,5046,0.0841022413837637,2012-03-01
2774,5229,0.0371383109083357,2012-03-01
2775,5256,0.0786419511875361,2012-03-01
2776,6268,0.0342947427583912,2012-03-01
2777,6774,0.0839405993932728,2012-03-01
2778,7435,0.078803593178027,2012-03-01
2779,7985,0.0839405993932728,2012-03-01
2780,7991,0.0377506464433812,2012-03-01
2781,8253,0.0350290580918919,2012-03-01
2782,8463,0.0373362441634607,2012-03-01
2783,10867,0.078803593178027,2012-03-01
2784,11600,0.0353121267777195,2012-03-01
2785,66446,0.0355415601660614,2012-03-01
2786,112168,0.0345206466221695,2012-03-01
2787,143912,0.0508023381640454,2012-03-01
2788,163036,0.1094288852607656,2012-03-01
2789,183736,0.0373690325827,2012-03-01
2790,2574,0.0283592931987742,2012-06-01
2791,3062,0.0339651429123624,2012-06-01
2792,4598,0.0901212488289185,2012-06-01
2793,5229,0.0519965381193265,2012-06-01
2794,5959,0.0367753149451465,2012-06-01
2795,6216,0.0371793358015541,2012-06-01
2796,6268,0.0350472607501461,2012-06-01
2797,7985,0.0293525441278809,2012-06-01
2798,7991,0.0365275114388216,2012-06-01
2799,8463,0.0277574360482228,2012-06-01
2800,9882,0.030270921398442,2012-06-01
2801,10920,0.0305161246314007,2012-06-01
2802,11600,0.0519377158867353,2012-06-01
2803,24617,0.0317516172265253,2012-06-01
2804,66446,0.0277813592354267,2012-06-01
2805,112168,0.035782099153906,2012-06-01
2806,148349,0.0516548898702762,2012-06-01
2807,163036,0.1483586889196078,2012-06-01
2808,165123,0.0325024363859546,2012-06-01
2809,179657,0.0294667819499252,2012-06-01
2810,183736,0.0552921822640045,2012-06-01
2811,189491,0.0293754822559477,2012-06-01
2812,1045,0.0330775524861696,2012-09-04
2813,2574,0.0353880477297932,2012-09-04
2814,3062,0.0371780926971444,2012-09-04
2815,3851,0.0396969667898864,2012-09-04
2816,5959,0.027999185038603,2012-09-04
2817,6268,0.0364275167754253,2012-09-04
2818,7085,0.030141069102267,2012-09-04
2819,7991,0.030921832771763,2012-09-04
2820,8606,0.0284496311878284,2012-09-04
2821,9882,0.0386380263458482,2012-09-04
2822,11600,0.0387846552978867,2012-09-04
2823,28590,0.0353686189618555,2012-09-04
2824,29901,0.0276784769899228,2012-09-04
2825,66446,0.0265663493623415,2012-09-04
2826,143912,0.0318901371149733,2012-09-04
2827,144066,0.0341842084895948,2012-09-04
2828,163036,0.0346784760254153,2012-09-04
2829,165123,0.0333842674096387,2012-09-04
2830,176928,0.0285088456581947,2012-09-04
2831,179657,0.0285337373417435,2012-09-04
2832,180112,0.0348769113913496,2012-09-04
2833,189491,0.0300321279214014,2012-09-04
2834,1045,0.0337613083741502,2012-12-03
2835,1230,0.0316172858122689,2012-12-03
2836,2574,0.037504447814088,2012-12-03
2837,3062,0.0360364236805427,2012-12-03
2838,3278,0.0324212197436053,2012-12-03
2839,3851,0.0416269355447043,2012-12-03
2840,5959,0.0291577612416574,2012-12-03
2841,6268,0.0395434301036942,2012-12-03
2842,6994,0.031094175565224,2012-12-03
2843,7085,0.0293655804338942,2012-12-03
2844,7991,0.0375206310769454,2012-12-03
2845,8606,0.033271528923737,2012-12-03
2846,9882,0.0431456970828639,2012-12-03
2847,11600,0.0403162743775517,2012-12-03
2848,28590,0.0378036347098456,2012-12-03
2849,29901,0.0309141539392938,2012-12-03
2850,143912,0.0300892678777574,2012-12-03
2851,144066,0.0322197663395505,2012-12-03
2852,163036,0.0384935181795454,2012-12-03
2853,165123,0.0384392481484566,2012-12-03
2854,180112,0.0416965418188771,2012-12-03
2855,189491,0.0297538906436471,2012-12-03
2856,1045,0.0325451985251559,2013-03-01
2857,1230,0.0306058082300945,2013-03-01
2858,2285,0.0309023215034133,2013-03-01
2859,2574,0.0397486897687159,2013-03-01
2860,3062,0.0410246271122814,2013-03-01
2861,3278,0.034499438315709,2013-03-01
2862,5860,0.0305602306794961,2013-03-01
2863,5959,0.0325435653705782,2013-03-01
2864,6268,0.0346090361746192,2013-03-01
2865,7985,0.0334800475376467,2013-03-01
2866,8606,0.0445879999720911,2013-03-01
2867,9225,0.0320358972044852,2013-03-01
2868,9882,0.033613002892742,2013-03-01
2869,11600,0.0370630292543792,2013-03-01
2870,28590,0.0381597138968645,2013-03-01
2871,29901,0.033512406097353,2013-03-01
2872,143912,0.0314014473912558,2013-03-01
2873,144066,0.038046221917077,2013-03-01
2874,163036,0.0392390249985978,2013-03-01
2875,165123,0.0426090792853121,2013-03-01
2876,180112,0.0478333965295068,2013-03-01
2877,186310,0.0339573257650304,2013-03-01
2878,1045,0.033023538353305,2013-06-03
2879,2574,0.0357078061224375,2013-06-03
2880,3062,0.0343147006089323,2013-06-03
2881,3851,0.030808826089316,2013-06-03
2882,6268,0.0230094094767914,2013-06-03
2883,7085,0.025823612913953,2013-06-03
2884,7991,0.022367439748663,2013-06-03
2885,8606,0.0304628324890681,2013-06-03
2886,9225,0.0294990885608011,2013-06-03
2887,9882,0.0374640375085352,2013-06-03
2888,11600,0.0280110309379463,2013-06-03
2889,28590,0.0301571666739429,2013-06-03
2890,29901,0.0294566544355939,2013-06-03
2891,143912,0.0232530658880298,2013-06-03
2892,144066,0.0345449541836995,2013-06-03
2893,163036,0.0389193905002298,2013-06-03
2894,165123,0.0233233628162919,2013-06-03
2895,177983,0.0226252116117646,2013-06-03
2896,179657,0.0257193988183979,2013-06-03
2897,180112,0.0432638975932398,2013-06-03
2898,186310,0.0230081882636985,2013-06-03
2899,189491,0.0234573407077822,2013-06-03
2900,1045,0.0308333803756949,2013-09-03
2901,2574,0.0351773261420567,2013-09-03
2902,3062,0.0402332031961796,2013-09-03
2903,3851,0.0307982158869032,2013-09-03
2904,6268,0.0304847627119621,2013-09-03
2905,6994,0.0339052408887689,2013-09-03
2906,7085,0.0339766071301332,2013-09-03
2907,7991,0.0426011136978475,2013-09-03
2908,8606,0.0360864285328209,2013-09-03
2909,9882,0.0316560631478943,2013-09-03
2910,10519,0.035747359722987,2013-09-03
2911,11600,0.0343161763459782,2013-09-03
2912,28590,0.0438342150347437,2013-09-03
2913,29901,0.0526054364899627,2013-09-03
2914,66446,0.0386190225494179,2013-09-03
2915,112168,0.0314822808481807,2013-09-03
2916,144066,0.0544064422271874,2013-09-03
2917,163036,0.0569066247124915,2013-09-03
2918,165123,0.0336341539202269,2013-09-03
2919,179657,0.0409661651018996,2013-09-03
2920,180112,0.0414721232804268,2013-09-03
2921,189491,0.0332158267046853,2013-09-03
2922,1045,0.0333692113493193,2013-12-02
2923,2285,0.0329021626745121,2013-12-02
2924,2574,0.034085709760827,2013-12-02
2925,3062,0.0359894288955677,2013-12-02
2926,6994,0.036981176734706,2013-12-02
2927,7085,0.0441520246346396,2013-12-02
2928,7991,0.0320583599749364,2013-12-02
2929,8606,0.0426575497609243,2013-12-02
2930,9225,0.0359879937467274,2013-12-02
2931,9299,0.0323989244346292,2013-12-02
2932,9882,0.0409263967671216,2013-12-02
2933,11600,0.0351879340526479,2013-12-02
2934,14225,0.0328048640173872,2013-12-02
2935,29901,0.0409805179097067,2013-12-02
2936,65609,0.0344114136225537,2013-12-02
2937,144066,0.0429774787484315,2013-12-02
2938,148349,0.0341249808695825,2013-12-02
2939,163036,0.049455484697049,2013-12-02
2940,177983,0.0337085102669212,2013-12-02
2941,179657,0.0370714303194756,2013-12-02
2942,180112,0.0438111000126967,2013-12-02
2943,186310,0.0323714209645944,2013-12-02
2944,316056,0.0346990050184656,2013-12-02
2945,1891,0.0364513993263244,2014-03-03
2946,2574,0.0364670418202877,2014-03-03
2947,3062,0.0364670418202877,2014-03-03
2948,3851,0.0406118035316467,2014-03-03
2949,4321,0.0498002879321575,2014-03-03
2950,6774,0.0495022684335708,2014-03-03
2951,6994,0.0364670418202877,2014-03-03
2952,7085,0.0364670418202877,2014-03-03
2953,8253,0.0364670418202877,2014-03-03
2954,8402,0.0364513993263244,2014-03-03
2955,8606,0.0364670418202877,2014-03-03
2956,9225,0.0364670418202877,2014-03-03
2957,9882,0.0364670418202877,2014-03-03
2958,11600,0.0364670418202877,2014-03-03
2959,14225,0.0364670418202877,2014-03-03
2960,14477,0.0364513993263244,2014-03-03
2961,24617,0.0364670418202877,2014-03-03
2962,28590,0.0427158921957016,2014-03-03
2963,29901,0.0370313040912151,2014-03-03
2964,112168,0.0364670418202877,2014-03-03
2965,143912,0.0364670418202877,2014-03-03
2966,144066,0.0457726940512657,2014-03-03
2967,165123,0.0364670418202877,2014-03-03
2968,177983,0.0364670418202877,2014-03-03
2969,179657,0.0364670418202877,2014-03-03
2970,183736,0.0364513993263244,2014-03-03
2971,2574,0.0380352064789741,2014-06-02
2972,3062,0.0400636922213301,2014-06-02
2973,5492,0.0373494885504649,2014-06-02
2974,6774,0.0389949352381378,2014-06-02
2975,6994,0.0435554494300712,2014-06-02
2976,7085,0.0424692237178937,2014-06-02
2977,7991,0.033628404278358,2014-06-02
2978,8606,0.0376769921838683,2014-06-02
2979,10920,0.0324303868177267,2014-06-02
2980,11600,0.0452865906995061,2014-06-02
2981,20116,0.0519723648192162,2014-06-02
2982,28590,0.0590468972187117,2014-06-02
2983,29901,0.0493933129938868,2014-06-02
2984,65609,0.0324758515661115,2014-06-02
2985,143912,0.0357934705864738,2014-06-02
2986,144066,0.0510329064728559,2014-06-02
2987,148349,0.0413353284959399,2014-06-02
2988,163036,0.0450690837424778,2014-06-02
2989,165123,0.0447196742708165,2014-06-02
2990,177983,0.0415602220272116,2014-06-02
2991,179657,0.0468605772163027,2014-06-02
2992,180112,0.058193543077686,2014-06-02
2993,316056,0.0411342627829722,2014-06-02
2994,1891,0.032685812066502,2014-09-02
2995,2285,0.0333674003716477,2014-09-02
2996,2817,0.0334719400614967,2014-09-02
2997,3062,0.0351130907903391,2014-09-02
2998,5492,0.0345205368464561,2014-09-02
2999,6774,0.040222693803445,2014-09-02
3000,6994,0.0377884825869394,2014-09-02
3001,7085,0.0403125923760004,2014-09-02
3002,7923,0.0325450767972224,2014-09-02
3003,11600,0.0426225814744956,2014-09-02
3004,14225,0.033397404057256,2014-09-02
3005,28590,0.0339207310413568,2014-09-02
3006,29901,0.0425257603810055,2014-09-02
3007,144066,0.0516286535618364,2014-09-02
3008,163036,0.0472015968100481,2014-09-02
3009,165123,0.0460480428244336,2014-09-02
3010,176928,0.0326031559795772,2014-09-02
3011,177983,0.0335263661746042,2014-09-02
3012,179657,0.0408843880072349,2014-09-02
3013,180112,0.0561126916205307,2014-09-02
3014,183736,0.033665309831375,2014-09-02
3015,186310,0.0350883989088984,2014-09-02
3016,316056,0.0356177512947391,2014-09-02
3017,1230,0.0395659692939956,2014-12-01
3018,2574,0.0499271421244433,2014-12-01
3019,3062,0.0426388464405723,2014-12-01
3020,5046,0.0397347073678002,2014-12-01
3021,6216,0.040754450333289,2014-12-01
3022,6994,0.0489744661991138,2014-12-01
3023,7085,0.0542869449315045,2014-12-01
3024,7991,0.0512590983631737,2014-12-01
3025,8606,0.0437318872970903,2014-12-01
3026,9203,0.0415427786200758,2014-12-01
3027,10920,0.0429316283258329,2014-12-01
3028,11600,0.0449272251116574,2014-12-01
3029,28590,0.0450541256732959,2014-12-01
3030,29901,0.0413668862011822,2014-12-01
3031,65609,0.0413832094058703,2014-12-01
3032,144066,0.0573396246594454,2014-12-01
3033,163036,0.0545289812719715,2014-12-01
3034,177983,0.0420269396104443,2014-12-01
3035,179657,0.0477280239536547,2014-12-01
3036,180112,0.0561005876955341,2014-12-01
3037,186310,0.0452285986808691,2014-12-01
3038,189491,0.0406942320161924,2014-12-01
3039,316056,0.0402107224480338,2014-12-01
3040,2285,0.041232072358418,2015-03-02
3041,2817,0.0392678892002161,2015-03-02
3042,3278,0.0400966949930231,2015-03-02
3043,5046,0.0430034486204066,2015-03-02
3044,5256,0.0403778990018442,2015-03-02
3045,5860,0.0395248913285804,2015-03-02
3046,6216,0.0362981819372034,2015-03-02
3047,6994,0.0395044945129829,2015-03-02
3048,7085,0.0400762981774255,2015-03-02
3049,7985,0.0430034486204066,2015-03-02
3050,7991,0.0376222343388338,2015-03-02
3051,8606,0.0395044945129829,2015-03-02
3052,10920,0.0400966949930231,2015-03-02
3053,28590,0.0362194673805592,2015-03-02
3054,65609,0.0400966949930231,2015-03-02
3055,66446,0.0381700015418851,2015-03-02
3056,148349,0.0488769764893291,2015-03-02
3057,163036,0.0393429452792296,2015-03-02
3058,179657,0.0395044945129829,2015-03-02
3059,180112,0.1326889426001652,2015-03-02
3060,183736,0.0413102259209314,2015-03-02
3061,186310,0.0392678892002161,2015-03-02
3062,316056,0.0395248913285804,2015-03-02
3063,1045,0.0421667347921079,2015-06-01
3064,2574,0.04378307710453,2015-06-01
3065,2817,0.0504621859699092,2015-06-01
3066,3062,0.0440807552674537,2015-06-01
3067,3278,0.0453660283920358,2015-06-01
3068,3650,0.041571946675448,2015-06-01
3069,5046,0.0421398972936254,2015-06-01
3070,5492,0.041594728558472,2015-06-01
3071,5878,0.0411689025401718,2015-06-01
3072,6994,0.0457433655656925,2015-06-01
3073,7985,0.0399372690326913,2015-06-01
3074,7991,0.0587738179269097,2015-06-01
3075,8358,0.0437106066135075,2015-06-01
3076,8606,0.0396611416383242,2015-06-01
3077,9203,0.0399003736511705,2015-06-01
3078,9225,0.0397366911573745,2015-06-01
3079,14477,0.0386964108098274,2015-06-01
3080,29901,0.044431470204715,2015-06-01
3081,144066,0.0408926549866414,2015-06-01
3082,163036,0.0517697158499387,2015-06-01
3083,179657,0.042457406534555,2015-06-01
3084,180112,0.0520183570205755,2015-06-01
3085,186310,0.0409358787552784,2015-06-01
3086,1045,0.0467542683026979,2015-09-01
3087,2285,0.0409756606853024,2015-09-01
3088,2574,0.051282164628391,2015-09-01
3089,2817,0.0431121736455294,2015-09-01
3090,3278,0.0512076992307815,2015-09-01
3091,5046,0.0456743063799434,2015-09-01
3092,5492,0.0461522030672986,2015-09-01
3093,5860,0.0469812869817597,2015-09-01
3094,5878,0.0441739291167633,2015-09-01
3095,6774,0.0473771739960565,2015-09-01
3096,6994,0.0487120504962425,2015-09-01
3097,7985,0.0485114448269427,2015-09-01
3098,7991,0.0575271362032831,2015-09-01
3099,8606,0.0423099714124707,2015-09-01
3100,9882,0.0408892942809003,2015-09-01
3101,28590,0.0473251989357318,2015-09-01
3102,29901,0.044979191318076,2015-09-01
3103,144066,0.0507526301988299,2015-09-01
3104,165123,0.05052266319646,2015-09-01
3105,176928,0.0421706459450651,2015-09-01
3106,179657,0.0447642047352348,2015-09-01
3107,180112,0.0550367644676602,2015-09-01
3108,186310,0.0525273458820963,2015-09-01
3109,1045,0.0516530772512263,2015-12-01
3110,1230,0.046766692141175,2015-12-01
3111,2285,0.0507300623471896,2015-12-01
3112,2574,0.0506773406445138,2015-12-01
3113,3278,0.0553966170409051,2015-12-01
3114,3851,0.051773178934464,2015-12-01
3115,4321,0.044047423981183,2015-12-01
3116,5860,0.0429707697154058,2015-12-01
3117,5878,0.046222412179703,2015-12-01
3118,6268,0.0484671651631976,2015-12-01
3119,6774,0.044451853032552,2015-12-01
3120,6994,0.0493577329915234,2015-12-01
3121,7985,0.0427546500910257,2015-12-01
3122,7991,0.050855826373256,2015-12-01
3123,9203,0.0456326851840317,2015-12-01
3124,9882,0.0442771137867944,2015-12-01
3125,10920,0.0432361060453685,2015-12-01
3126,66065,0.0443222515449629,2015-12-01
3127,144066,0.0496972419020629,2015-12-01
3128,165123,0.0444529876434838,2015-12-01
3129,180112,0.0484975839350792,2015-12-01
3130,186310,0.0526398137836137,2015-12-01
3131,316056,0.0478588153572849,2015-12-01
3132,1045,0.0629893466830253,2016-03-01
3133,1230,0.0389417298138141,2016-03-01
3134,1300,0.036871314048767,2016-03-01
3135,2285,0.0373099297285079,2016-03-01
3136,2574,0.0336401611566543,2016-03-01
3137,2817,0.0336401611566543,2016-03-01
3138,3278,0.0336401611566543,2016-03-01
3139,3650,0.035606887191534,2016-03-01
3140,3851,0.0336401611566543,2016-03-01
3141,3863,0.0336401611566543,2016-03-01
3142,4199,0.0336401611566543,2016-03-01
3143,4598,0.0424566939473152,2016-03-01
3144,5046,0.0372386872768402,2016-03-01
3145,5256,0.035606887191534,2016-03-01
3146,5959,0.0336401611566543,2016-03-01
3147,6216,0.0430449061095714,2016-03-01
3148,6774,0.035606887191534,2016-03-01
3149,7435,0.035606887191534,2016-03-01
3150,7985,0.035606887191534,2016-03-01
3151,7991,0.056162092834711,2016-03-01
3152,8253,0.0336401611566543,2016-03-01
3153,8606,0.0336401611566543,2016-03-01
3154,9299,0.0433349125087261,2016-03-01
3155,9778,0.035606887191534,2016-03-01
3156,9882,0.0336401611566543,2016-03-01
3157,10016,0.0372386872768402,2016-03-01
3158,10519,0.0336401611566543,2016-03-01
3159,10867,0.0336401611566543,2016-03-01
3160,10920,0.0336401611566543,2016-03-01
3161,11600,0.0336401611566543,2016-03-01
3162,62823,0.0415497571229934,2016-03-01
3163,66446,0.056162092834711,2016-03-01
3164,148349,0.037873052060604,2016-03-01
3165,160893,0.0336401611566543,2016-03-01
3166,165123,0.0336401611566543,2016-03-01
3167,180112,0.203358456492424,2016-03-01
3168,186310,0.035606887191534,2016-03-01
3169,189491,0.0336401611566543,2016-03-01
3170,1045,0.0337035544216632,2016-06-01
3171,1230,0.0337035544216632,2016-06-01
3172,3062,0.0351792424917221,2016-06-01
3173,3278,0.034209668636322,2016-06-01
3174,3650,0.0337035544216632,2016-06-01
3175,3835,0.0362410731613636,2016-06-01
3176,3851,0.0337035544216632,2016-06-01
3177,3863,0.0337035544216632,2016-06-01
3178,4598,0.033937994390726,2016-06-01
3179,5046,0.0337035544216632,2016-06-01
3180,6216,0.0425134450197219,2016-06-01
3181,6994,0.0483593940734863,2016-06-01
3182,7921,0.0337035544216632,2016-06-01
3183,7923,0.0337035544216632,2016-06-01
3184,7985,0.0337035544216632,2016-06-01
3185,7991,0.034209668636322,2016-06-01
3186,8253,0.034209668636322,2016-06-01
3187,9299,0.0337035544216632,2016-06-01
3188,9882,0.0337035544216632,2016-06-01
3189,10581,0.034209668636322,2016-06-01
3190,11600,0.034209668636322,2016-06-01
3191,29901,0.034209668636322,2016-06-01
3192,62823,0.0399165973067283,2016-06-01
3193,66065,0.0337035544216632,2016-06-01
3194,66446,0.046475201845169,2016-06-01
3195,148349,0.0351924523711204,2016-06-01
3196,180112,0.0592961572110652,2016-06-01
3197,186310,0.0337035544216632,2016-06-01
3198,1045,0.0284066703170537,2016-09-01
3199,1230,0.0284066703170537,2016-09-01
3200,2285,0.0284066703170537,2016-09-01
3201,2312,0.0284066703170537,2016-09-01
3202,2574,0.0293906293809413,2016-09-01
3203,3062,0.029225954785943,2016-09-01
3204,3650,0.0284066703170537,2016-09-01
3205,3835,0.0286046173423528,2016-09-01
3206,3851,0.0284066703170537,2016-09-01
3207,3863,0.0284066703170537,2016-09-01
3208,4199,0.0284066703170537,2016-09-01
3209,4598,0.0284066703170537,2016-09-01
3210,5046,0.0284066703170537,2016-09-01
3211,5959,0.0284066703170537,2016-09-01
3212,6994,0.0463328622281551,2016-09-01
3213,7921,0.0284066703170537,2016-09-01
3214,7923,0.0284066703170537,2016-09-01
3215,7991,0.0284268297255039,2016-09-01
3216,8253,0.0284268297255039,2016-09-01
3217,8606,0.0293906293809413,2016-09-01
3218,9225,0.029225954785943,2016-09-01
3219,9299,0.0284066703170537,2016-09-01
3220,9882,0.0284066703170537,2016-09-01
3221,10016,0.0284066703170537,2016-09-01
3222,10519,0.0284066703170537,2016-09-01
3223,10581,0.0293906293809413,2016-09-01
3224,10983,0.0284066703170537,2016-09-01
3225,11600,0.0293906293809413,2016-09-01
3226,14225,0.029225954785943,2016-09-01
3227,29901,0.029225954785943,2016-09-01
3228,62823,0.0284066703170537,2016-09-01
3229,66065,0.0284066703170537,2016-09-01
3230,66446,0.0471319891512393,2016-09-01
3231,143912,0.029225954785943,2016-09-01
3232,160893,0.0284066703170537,2016-09-01
3233,176928,0.0284066703170537,2016-09-01
3234,177983,0.029225954785943,2016-09-01
3235,179657,0.0293906293809413,2016-09-01
3236,180112,0.0971616506576538,2016-09-01
3237,1230,0.0303043378040472,2016-12-01
3238,2285,0.0312486687661916,2016-12-01
3239,2312,0.0301375516588532,2016-12-01
3240,2574,0.0324378446375679,2016-12-01
3241,3278,0.0312600621293496,2016-12-01
3242,4108,0.0314358988918596,2016-12-01
3243,5046,0.0301798802582262,2016-12-01
3244,5860,0.0324378446375679,2016-12-01
3245,5959,0.0303043378040472,2016-12-01
3246,6774,0.0293754489445424,2016-12-01
3247,6994,0.0469651796633928,2016-12-01
3248,7923,0.0297484214022749,2016-12-01
3249,7985,0.0301798802582262,2016-12-01
3250,8253,0.0304702512376044,2016-12-01
3251,8606,0.0324378446375679,2016-12-01
3252,9299,0.0288564891870465,2016-12-01
3253,9778,0.0293754489445424,2016-12-01
3254,10983,0.0303043378040472,2016-12-01
3255,29901,0.0324378446375679,2016-12-01
3256,66065,0.0298580049882118,2016-12-01
3257,148349,0.0561307898196733,2016-12-01
3258,179657,0.0326062424714849,2016-12-01
3259,186310,0.0293754489445424,2016-12-01
3260,1045,0.0293519690627014,2017-03-01
3261,2285,0.0309018600847217,2017-03-01
3262,2574,0.0365967436440535,2017-03-01
3263,3278,0.0394167422703938,2017-03-01
3264,3650,0.0284765835779237,2017-03-01
3265,4598,0.0298116438621607,2017-03-01
3266,5878,0.0326702036749899,2017-03-01
3267,6994,0.0285203207628798,2017-03-01
3268,7435,0.0295350213061804,2017-03-01
3269,7985,0.0286206497136369,2017-03-01
3270,7991,0.0357812360496666,2017-03-01
3271,9225,0.0283882229912836,2017-03-01
3272,10016,0.0281108368522722,2017-03-01
3273,10581,0.0367025499770147,2017-03-01
3274,10920,0.0410247108041369,2017-03-01
3275,11600,0.0408521323124212,2017-03-01
3276,28192,0.0504940491559191,2017-03-01
3277,66065,0.0290280289988842,2017-03-01
3278,163036,0.0429024367188904,2017-03-01
3279,177983,0.02921593751486,2017-03-01
3280,180112,0.036316167349777,2017-03-01
3281,186278,0.0284872691399992,2017-03-01
3282,186310,0.0407904048474698,2017-03-01
3283,1045,0.024995632469654,2017-06-01
3284,2574,0.0262862928211689,2017-06-01
3285,3062,0.0262862928211689,2017-06-01
3286,3278,0.0257058497518301,2017-06-01
3287,3650,0.024995632469654,2017-06-01
3288,3835,0.024995632469654,2017-06-01
3289,3851,0.024995632469654,2017-06-01
3290,3863,0.024995632469654,2017-06-01
3291,4598,0.024995632469654,2017-06-01
3292,6268,0.024995632469654,2017-06-01
3293,6994,0.0264144409447908,2017-06-01
3294,7985,0.024995632469654,2017-06-01
3295,7991,0.024995632469654,2017-06-01
3296,8606,0.0278162397444248,2017-06-01
3297,9225,0.0261130221188068,2017-06-01
3298,10016,0.024995632469654,2017-06-01
3299,10983,0.024995632469654,2017-06-01
3300,11600,0.0264144409447908,2017-06-01
3301,14225,0.0261130221188068,2017-06-01
3302,28192,0.0264144409447908,2017-06-01
3303,29901,0.0262862928211689,2017-06-01
3304,143912,0.0262862928211689,2017-06-01
3305,163036,0.0262862928211689,2017-06-01
3306,177983,0.0262862928211689,2017-06-01
3307,1045,0.0337717581175674,2017-09-01
3308,1230,0.0333334433671685,2017-09-01
3309,2574,0.0413070702890221,2017-09-01
3310,3278,0.0331169973544653,2017-09-01
3311,3650,0.0305187704116123,2017-09-01
3312,4818,0.0355711455229722,2017-09-01
3313,5878,0.0316352069098337,2017-09-01
3314,7435,0.0325391916846932,2017-09-01
3315,8358,0.0324366833172332,2017-09-01
3316,8606,0.0318900829012534,2017-09-01
3317,9203,0.0365713371548082,2017-09-01
3318,9225,0.0307537470276428,2017-09-01
3319,10920,0.0319491002081319,2017-09-01
3320,10983,0.0328489989835535,2017-09-01
3321,11600,0.0453521181967925,2017-09-01
3322,14225,0.0322005750583521,2017-09-01
3323,28192,0.0313735465523634,2017-09-01
3324,28590,0.0328214421238608,2017-09-01
3325,148349,0.0312948452252859,2017-09-01
3326,163036,0.0443183361997861,2017-09-01
3327,176928,0.0413974606011922,2017-09-01
3328,180112,0.033175195367812,2017-09-01
3329,186310,0.0401207021290864,2017-09-01
3330,1045,0.0345725633268232,2017-12-01
3331,1230,0.0401877651347283,2017-12-01
3332,1598,0.033753433758479,2017-12-01
3333,2285,0.0313999653589955,2017-12-01
3334,2574,0.0382612145722997,2017-12-01
3335,3278,0.0407101013058638,2017-12-01
3336,4199,0.0340450179879537,2017-12-01
3337,4321,0.0333245200016226,2017-12-01
3338,4598,0.0405422792149962,2017-12-01
3339,4818,0.0335527032427297,2017-12-01
3340,5256,0.0324085874859253,2017-12-01
3341,5878,0.0346335915561934,2017-12-01
3342,7435,0.0320734934425264,2017-12-01
3343,7923,0.0342183721707856,2017-12-01
3344,7985,0.0362511374463131,2017-12-01
3345,8606,0.0322713050424751,2017-12-01
3346,10867,0.0392414081416832,2017-12-01
3347,10920,0.0341719502486847,2017-12-01
3348,10983,0.0339248696705705,2017-12-01
3349,11600,0.0380174872561903,2017-12-01
3350,65609,0.0308036741366447,2017-12-01
3351,163036,0.0457623460739669,2017-12-01
3352,186310,0.0359366436478345,2017-12-01
3353,1230,0.0438393386403944,2018-03-01
3354,1300,0.0384329229719485,2018-03-01
3355,2574,0.0416126111360449,2018-03-01
3356,3278,0.0414384893102732,2018-03-01
3357,4058,0.0386390420964063,2018-03-01
3358,4598,0.0478281130121574,2018-03-01
3359,5878,0.0454288257546491,2018-03-01
3360,5959,0.0387935198195448,2018-03-01
3361,7435,0.0420586384146066,2018-03-01
3362,7985,0.0416869503470086,2018-03-01
3363,7991,0.0480205221315384,2018-03-01
3364,9203,0.0397663199438936,2018-03-01
3365,9299,0.0424704587318207,2018-03-01
3366,10867,0.041422926260626,2018-03-01
3367,10920,0.0412058342863414,2018-03-01
3368,10983,0.0396773126363847,2018-03-01
3369,11600,0.0507399864130204,2018-03-01
3370,28192,0.0541223536431003,2018-03-01
3371,28590,0.0399045212115598,2018-03-01
3372,163036,0.0447194186565951,2018-03-01
3373,180112,0.0443246332932822,2018-03-01
3374,183736,0.0425075135684675,2018-03-01
3375,186310,0.0398312780529368,2018-03-01
3376,1230,0.0353249008274796,2018-06-01
3377,2285,0.0293197333843412,2018-06-01
3378,2312,0.0294335492276995,2018-06-01
3379,2574,0.0364165835072911,2018-06-01
3380,3278,0.0362135271176542,2018-06-01
3381,3851,0.0331027396104636,2018-06-01
3382,4598,0.0359005217569846,2018-06-01
3383,4818,0.0401428011103367,2018-06-01
3384,6994,0.0388291998663989,2018-06-01
3385,7435,0.0298611055270601,2018-06-01
3386,7923,0.0325848883720613,2018-06-01
3387,7991,0.0425087623048842,2018-06-01
3388,8358,0.0317798611733329,2018-06-01
3389,8606,0.0403531580237011,2018-06-01
3390,9203,0.0301402101570175,2018-06-01
3391,9225,0.0282536408082196,2018-06-01
3392,9299,0.0368725650318578,2018-06-01
3393,9882,0.0276095092677418,2018-06-01
3394,10920,0.0334451440752619,2018-06-01
3395,11600,0.0284245217497228,2018-06-01
3396,14477,0.0284458157167854,2018-06-01
3397,23546,0.0356433812248763,2018-06-01
3398,65609,0.0324142965100784,2018-06-01
3399,163036,0.0414380984804843,2018-06-01
3400,1045,0.0321353152394294,2018-09-04
3401,1300,0.0228421967476606,2018-09-04
3402,1891,0.0228421967476606,2018-09-04
3403,2574,0.0229432247579097,2018-09-04
3404,2817,0.0228421967476606,2018-09-04
3405,3278,0.0232588239014148,2018-09-04
3406,3835,0.0228421967476606,2018-09-04
3407,4058,0.0228421967476606,2018-09-04
3408,5046,0.0228421967476606,2018-09-04
3409,5256,0.0228421967476606,2018-09-04
3410,5492,0.0228421967476606,2018-09-04
3411,5764,0.0228421967476606,2018-09-04
3412,5878,0.0228421967476606,2018-09-04
3413,6774,0.0228421967476606,2018-09-04
3414,6994,0.0250665936619043,2018-09-04
3415,7085,0.0228863563388586,2018-09-04
3416,7435,0.0228421967476606,2018-09-04
3417,7985,0.0228421967476606,2018-09-04
3418,7991,0.0236924272030591,2018-09-04
3419,8402,0.0228421967476606,2018-09-04
3420,8606,0.0237492956221103,2018-09-04
3421,9203,0.0228421967476606,2018-09-04
3422,9225,0.0229432247579097,2018-09-04
3423,9299,0.0244284439831972,2018-09-04
3424,10867,0.0228421967476606,2018-09-04
3425,10920,0.0228421967476606,2018-09-04
3426,10983,0.0228421967476606,2018-09-04
3427,11600,0.0237492956221103,2018-09-04
3428,14477,0.0228421967476606,2018-09-04
3429,28192,0.0250665936619043,2018-09-04
3430,29901,0.0282117929309606,2018-09-04
3431,65609,0.0228421967476606,2018-09-04
3432,144066,0.0261018592864274,2018-09-04
3433,163036,0.0237492956221103,2018-09-04
3434,177983,0.0229432247579097,2018-09-04
3435,180112,0.0240593999624252,2018-09-04
3436,186310,0.0228421967476606,2018-09-04
3437,1045,0.0343382925811988,2018-12-03
3438,2285,0.0430114953810021,2018-12-03
3439,2574,0.0314158750707608,2018-12-03
3440,3863,0.0310445361544308,2018-12-03
3441,4058,0.031195819447082,2018-12-03
3442,5047,0.0307079632639451,2018-12-03
3443,5764,0.0317653372307344,2018-12-03
3444,5878,0.0308106710264159,2018-12-03
3445,6268,0.0366942985778076,2018-12-03
3446,6994,0.0442291487051498,2018-12-03
3447,7435,0.0308106710264159,2018-12-03
3448,7991,0.0333304854512317,2018-12-03
3449,8253,0.0336484136611729,2018-12-03
3450,8606,0.0306455715724031,2018-12-03
3451,9203,0.0328979478060211,2018-12-03
3452,9225,0.0308688910750248,2018-12-03
3453,9299,0.0394972279054075,2018-12-03
3454,10581,0.0314565691656061,2018-12-03
3455,11600,0.03116038461615,2018-12-03
3456,28192,0.031775093481932,2018-12-03
3457,29901,0.0349926829266754,2018-12-03
3458,66446,0.0383412981009534,2018-12-03
3459,163036,0.0338317081514293,2018-12-03
3460,177983,0.033955397590562,2018-12-03
3461,1045,0.0954717406404429,2019-03-01
3462,1300,0.0395634097118432,2019-03-01
3463,2285,0.1093735638360589,2019-03-01
3464,2574,0.0504197683044667,2019-03-01
3465,3278,0.0447980538752815,2019-03-01
3466,4058,0.0387416536805631,2019-03-01
3467,4818,0.0610306916041575,2019-03-01
3468,6268,0.0568718284857658,2019-03-01
3469,6994,0.0731001802733619,2019-03-01
3470,7085,0.0371299714178113,2019-03-01
3471,7991,0.0453250701821418,2019-03-01
3472,8253,0.0431523909759133,2019-03-01
3473,8606,0.0672689846042697,2019-03-01
3474,9225,0.0381589853187356,2019-03-01
3475,9299,0.0797827087069076,2019-03-01
3476,10581,0.0475364658780452,2019-03-01
3477,11600,0.0397603700878795,2019-03-01
3478,28192,0.041637661834096,2019-03-01
3479,66446,0.0477713057834885,2019-03-01
3480,177983,0.0379059971130673,2019-03-01
3481,180112,0.1358031460569152,2019-03-01
3482,183736,0.0387114675694691,2019-03-01
3483,316056,0.03743559113044,2019-03-01
3484,1045,0.0724414582317368,2019-06-03
3485,2285,0.1149554809526344,2019-06-03
3486,2574,0.0328773110018406,2019-06-03
3487,3278,0.0574916787013512,2019-06-03
3488,3863,0.0341699149142617,2019-06-03
3489,4818,0.0612870139789789,2019-06-03
3490,5878,0.0327078632605272,2019-06-03
3491,6994,0.1264279271653716,2019-06-03
3492,7085,0.1241724458850866,2019-06-03
3493,7435,0.0383378756541428,2019-06-03
3494,7991,0.0473477515989494,2019-06-03
3495,8606,0.0487827290284819,2019-06-03
3496,9225,0.0360474716212262,2019-06-03
3497,9299,0.0819484311722848,2019-06-03
3498,10581,0.0342794000085917,2019-06-03
3499,11600,0.0390319822177403,2019-06-03
3500,14225,0.0361110130354337,2019-06-03
3501,28192,0.0481608762399644,2019-06-03
3502,29901,0.032391542262275,2019-06-03
3503,60979,0.0392580966763449,2019-06-03
3504,65609,0.0334095256710051,2019-06-03
3505,163036,0.0519811634987469,2019-06-03
3506,176928,0.0329612051198133,2019-06-03
3507,177983,0.0325344046406584,2019-06-03
3508,1045,0.0881055000757116,2019-09-03
3509,1230,0.0365320190193844,2019-09-03
3510,2285,0.055794124614657,2019-09-03
3511,2312,0.0389879904503955,2019-09-03
3512,2574,0.0369026449510108,2019-09-03
3513,3278,0.0353636458607852,2019-09-03
3514,4321,0.0344080641038591,2019-09-03
3515,4494,0.0367440435735718,2019-09-03
3516,4818,0.034585014705012,2019-09-03
3517,6216,0.0349236904679827,2019-09-03
3518,6994,0.0838207266677033,2019-09-03
3519,7991,0.0390694912696875,2019-09-03
3520,8463,0.0376783377157763,2019-09-03
3521,8606,0.1547193416542612,2019-09-03
3522,9225,0.0392483926504188,2019-09-03
3523,9299,0.0993432243195687,2019-09-03
3524,9882,0.0371730353528238,2019-09-03
3525,11600,0.0348802879974708,2019-09-03
3526,14225,0.0378295281562515,2019-09-03
3527,28192,0.042768005936886,2019-09-03
3528,35077,0.044091965426765,2019-09-03
3529,65609,0.0488647281436874,2019-09-03
3530,148349,0.0404520964329357,2019-09-03
3531,163036,0.0413412489454356,2019-09-03
3532,1045,0.0565501620508616,2019-12-02
3533,1230,0.0408894345347996,2019-12-02
3534,2285,0.0392994184161635,2019-12-02
3535,2312,0.0391508650791202,2019-12-02
3536,2574,0.0380967334330672,2019-12-02
3537,3278,0.0660635563373782,2019-12-02
3538,3851,0.0406373318710315,2019-12-02
3539,4199,0.0381068271721662,2019-12-02
3540,4321,0.0410911351334752,2019-12-02
3541,5047,0.0384960906771851,2019-12-02
3542,5860,0.0389022363971483,2019-12-02
3543,6994,0.0639957403266365,2019-12-02
3544,7991,0.0414463103878686,2019-12-02
3545,8463,0.0383613991927254,2019-12-02
3546,8606,0.0834477292679101,2019-12-02
3547,9225,0.0401353525414467,2019-12-02
3548,9299,0.0438348702416905,2019-12-02
3549,9882,0.0392328715548341,2019-12-02
3550,10581,0.0386944348578132,2019-12-02
3551,11600,0.04193493645774,2019-12-02
3552,66065,0.039358462161404,2019-12-02
3553,160893,0.0381963537238576,2019-12-02
3554,163036,0.0434582185963057,2019-12-02
3555,179657,0.0437542773820572,2019-12-02
3556,1230,0.0456571280956268,2020-03-02
3557,1891,0.0421594008803367,2020-03-02
3558,2285,0.0492551513016223,2020-03-02
3559,2312,0.0421594008803367,2020-03-02
3560,2574,0.0427406169474124,2020-03-02
3561,3278,0.0454812534153461,2020-03-02
3562,3851,0.0454812534153461,2020-03-02
3563,3863,0.045535247772932,2020-03-02
3564,4321,0.0421594008803367,2020-03-02
3565,4494,0.0421594008803367,2020-03-02
3566,5878,0.0421594008803367,2020-03-02
3567,6774,0.0421594008803367,2020-03-02
3568,6994,0.0533274859189987,2020-03-02
3569,7435,0.0421594008803367,2020-03-02
3570,8253,0.0456143170595169,2020-03-02
3571,8463,0.0421594008803367,2020-03-02
3572,8606,0.0443902313709259,2020-03-02
3573,9203,0.0421594008803367,2020-03-02
3574,9225,0.0427406169474124,2020-03-02
3575,9299,0.0500837042927742,2020-03-02
3576,9882,0.0421594008803367,2020-03-02
3577,10519,0.0456571280956268,2020-03-02
3578,10920,0.0421594008803367,2020-03-02
3579,14477,0.0421594008803367,2020-03-02
3580,20116,0.0421594008803367,2020-03-02
3581,23546,0.0421594008803367,2020-03-02
3582,28590,0.0421594008803367,2020-03-02
3583,35077,0.0421594008803367,2020-03-02
3584,66446,0.0456143170595169,2020-03-02
3585,148349,0.0459454581141471,2020-03-02
3586,176928,0.0421594008803367,2020-03-02
3587,180112,0.0732177570462226,2020-03-02
3588,180652,0.0421594008803367,2020-03-02
3589,183736,0.0421594008803367,2020-03-02
3590,316056,0.0421594008803367,2020-03-02
3591,1045,0.0396478772163391,2020-06-01
3592,1230,0.034693356603384,2020-06-01
3593,1598,0.032240055501461,2020-06-01
3594,2285,0.0358750037848949,2020-06-01
3595,2312,0.032787088304758,2020-06-01
3596,3278,0.0391056574881076,2020-06-01
3597,4108,0.0345803350210189,2020-06-01
3598,5860,0.0322959944605827,2020-06-01
3599,6216,0.0345803350210189,2020-06-01
3600,6268,0.0349350236356258,2020-06-01
3601,6994,0.0481768026947975,2020-06-01
3602,7991,0.0346318036317825,2020-06-01
3603,8606,0.0647454932332038,2020-06-01
3604,9299,0.0351000018417835,2020-06-01
3605,10581,0.0336846411228179,2020-06-01
3606,11600,0.0337714105844497,2020-06-01
3607,28192,0.0344291217625141,2020-06-01
3608,35077,0.0349623374640941,2020-06-01
3609,63527,0.0349623374640941,2020-06-01
3610,66065,0.0349220260977745,2020-06-01
3611,66446,0.0324265919625759,2020-06-01
3612,146017,0.0326658524572849,2020-06-01
3613,160893,0.0322444662451744,2020-06-01
3614,179657,0.0345803350210189,2020-06-01
3615,1045,0.032503854483366,2020-09-01
3616,1891,0.0298912674188613,2020-09-01
3617,2312,0.0298912674188613,2020-09-01
3618,2574,0.0298912674188613,2020-09-01
3619,4321,0.0298912674188613,2020-09-01
3620,4494,0.0298912674188613,2020-09-01
3621,4598,0.0300212409347295,2020-09-01
3622,5046,0.0319133140146732,2020-09-01
3623,5878,0.0298912674188613,2020-09-01
3624,6216,0.0371966548264026,2020-09-01
3625,6774,0.0301499683409929,2020-09-01
3626,7085,0.0301499683409929,2020-09-01
3627,7435,0.0298912674188613,2020-09-01
3628,7985,0.0377260185778141,2020-09-01
3629,8402,0.0298912674188613,2020-09-01
3630,8463,0.0298912674188613,2020-09-01
3631,9203,0.0298912674188613,2020-09-01
3632,9225,0.0298912674188613,2020-09-01
3633,10519,0.0356131680309772,2020-09-01
3634,10581,0.0312297623604536,2020-09-01
3635,10920,0.0312297623604536,2020-09-01
3636,11600,0.03005993925035,2020-09-01
3637,14225,0.0298912674188613,2020-09-01
3638,14477,0.0298912674188613,2020-09-01
3639,20116,0.0298912674188613,2020-09-01
3640,22703,0.0419346168637275,2020-09-01
3641,23546,0.0298912674188613,2020-09-01
3642,36190,0.0307900980114936,2020-09-01
3643,36191,0.0298912674188613,2020-09-01
3644,66446,0.0307374726980924,2020-09-01
3645,146017,0.0303062796592712,2020-09-01
3646,163036,0.0340218730270862,2020-09-01
3647,176928,0.0301499683409929,2020-09-01
3648,180112,0.0314379148185253,2020-09-01
3649,180652,0.0298912674188613,2020-09-01
3650,183736,0.0298912674188613,2020-09-01
3651,189491,0.0298912674188613,2020-09-01
3652,316056,0.0298912674188613,2020-09-01
3653,1045,0.0472053619165009,2020-12-01
3654,1230,0.0330337073058932,2020-12-01
3655,1891,0.0303544148595649,2020-12-01
3656,2285,0.0472053619165009,2020-12-01
3657,2312,0.0303544148595649,2020-12-01
3658,2574,0.0303544148595649,2020-12-01
3659,3278,0.0472053619165009,2020-12-01
3660,3650,0.031264083027443,2020-12-01
3661,3851,0.0330337073058932,2020-12-01
3662,4108,0.030398613165914,2020-12-01
3663,4494,0.0303544148595649,2020-12-01
3664,4598,0.0303647612725773,2020-12-01
3665,5878,0.0303544148595649,2020-12-01
3666,5959,0.0303647612725773,2020-12-01
3667,6268,0.0304843200509554,2020-12-01
3668,6774,0.0303544148595649,2020-12-01
3669,6994,0.0472053619165009,2020-12-01
3670,7435,0.031264083027443,2020-12-01
3671,8463,0.0303544148595649,2020-12-01
3672,9203,0.0303544148595649,2020-12-01
3673,9225,0.0303544148595649,2020-12-01
3674,9299,0.0451269571741247,2020-12-01
3675,10016,0.0313122523103037,2020-12-01
3676,10581,0.0452099873441976,2020-12-01
3677,10920,0.0303544148595649,2020-12-01
3678,14477,0.0303544148595649,2020-12-01
3679,20116,0.0303544148595649,2020-12-01
3680,28192,0.0303544148595649,2020-12-01
3681,35077,0.0330337073058932,2020-12-01
3682,63527,0.0330337073058932,2020-12-01
3683,66065,0.0313122523103037,2020-12-01
3684,66446,0.030398613165914,2020-12-01
3685,148349,0.0303544148595649,2020-12-01
3686,163036,0.033672269922818,2020-12-01
3687,176928,0.0303544148595649,2020-12-01
3688,177983,0.030398613165914,2020-12-01
3689,179657,0.0330337073058932,2020-12-01
3690,180652,0.0303544148595649,2020-12-01
3691,186278,0.0304067975582494,2020-12-01
3692,189491,0.0303544148595649,2020-12-01
3693,316056,0.0303544148595649,2020-12-01
3694,1045,0.0454937238954701,2021-03-01
3695,1230,0.0308170488420206,2021-03-01
3696,2285,0.0288485862880925,2021-03-01
3697,2312,0.0282220481183055,2021-03-01
3698,2574,0.0334996704464695,2021-03-01
3699,3278,0.0444501729175367,2021-03-01
3700,3851,0.036083918624024,2021-03-01
3701,3863,0.0343229642214869,2021-03-01
3702,4818,0.0390489702309043,2021-03-01
3703,7085,0.0291705679149446,2021-03-01
3704,8463,0.0295365712269561,2021-03-01
3705,9225,0.026632518785006,2021-03-01
3706,9882,0.0323385129611203,2021-03-01
3707,10519,0.0365400655752323,2021-03-01
3708,11600,0.0311598711624414,2021-03-01
3709,23546,0.0330559010639716,2021-03-01
3710,35077,0.0293209326090705,2021-03-01
3711,36191,0.0345734617218149,2021-03-01
3712,65609,0.0298249251721067,2021-03-01
3713,148349,0.0298521239462552,2021-03-01
3714,163036,0.0430272575937153,2021-03-01
3715,165123,0.0294172205327097,2021-03-01
3716,179657,0.0360971283005922,2021-03-01
3717,180112,0.0382247990151514,2021-03-01
3718,1230,0.0310497245315941,2021-06-01
3719,2574,0.0244885803041214,2021-06-01
3720,3851,0.0248130803250648,2021-06-01
3721,3863,0.0238202092923982,2021-06-01
3722,4598,0.0237006620895866,2021-06-01
3723,5860,0.030550366024834,2021-06-01
3724,5878,0.023921764039075,2021-06-01
3725,6994,0.0242991115024225,2021-06-01
3726,7085,0.023977433101058,2021-06-01
3727,7991,0.0316821724909524,2021-06-01
3728,8463,0.0237354956147274,2021-06-01
3729,9225,0.0242517486472793,2021-06-01
3730,9299,0.0240915557776933,2021-06-01
3731,10581,0.0241976314501577,2021-06-01
3732,10920,0.0253758242275166,2021-06-01
3733,11600,0.0242515515084199,2021-06-01
3734,23546,0.0250875001613081,2021-06-01
3735,35077,0.0250875001613081,2021-06-01
3736,36191,0.023977433101058,2021-06-01
3737,65609,0.0241545542285148,2021-06-01
3738,66446,0.0241976314501577,2021-06-01
3739,160893,0.0241976314501577,2021-06-01
3740,165123,0.0251679047857701,2021-06-01
3741,177983,0.0241976314501577,2021-06-01
3742,186310,0.0237006620895866,2021-06-01
3743,1045,0.0349409468472003,2021-09-01
3744,2312,0.0278410613536834,2021-09-01
3745,2574,0.0291490480303764,2021-09-01
3746,3062,0.0278410613536834,2021-09-01
3747,4321,0.0278410613536834,2021-09-01
3748,4818,0.0299671739339828,2021-09-01
3749,5046,0.0294304173439741,2021-09-01
3750,7085,0.0278410613536834,2021-09-01
3751,7921,0.030648685991764,2021-09-01
3752,8402,0.0285541769117116,2021-09-01
3753,8463,0.0278410613536834,2021-09-01
3754,9225,0.0278410613536834,2021-09-01
3755,10581,0.0278410613536834,2021-09-01
3756,14225,0.0423117578029632,2021-09-01
3757,24617,0.0423117578029632,2021-09-01
3758,26590,0.0278410613536834,2021-09-01
3759,29901,0.0423117578029632,2021-09-01
3760,36191,0.0278410613536834,2021-09-01
3761,65609,0.0278410613536834,2021-09-01
3762,66446,0.0278880205005407,2021-09-01
3763,163036,0.0279715154320001,2021-09-01
3764,165123,0.0278410613536834,2021-09-01
3765,179657,0.0278410613536834,2021-09-01
3766,180112,0.0299671739339828,2021-09-01
3767,1045,0.0528735119398934,2021-12-01
3768,1230,0.0308282789444296,2021-12-01
3769,2285,0.0329464086165213,2021-12-01
3770,2574,0.0401324169266048,2021-12-01
3771,3278,0.0306680759610018,2021-12-01
3772,3851,0.0474828526449304,2021-12-01
3773,4818,0.0431520232153144,2021-12-01
3774,6994,0.0540912808175021,2021-12-01
3775,7085,0.0395432225668145,2021-12-01
3776,7991,0.037777830544989,2021-12-01
3777,8606,0.0308589941014837,2021-12-01
3778,9225,0.0341409628148707,2021-12-01
3779,9882,0.0344496374858921,2021-12-01
3780,10581,0.0302560694265083,2021-12-01
3781,11600,0.0340744979239999,2021-12-01
3782,14225,0.0340931998230801,2021-12-01
3783,20116,0.035648644178313,2021-12-01
3784,23546,0.0400268244724738,2021-12-01
3785,28590,0.0331429268708841,2021-12-01
3786,35077,0.0368370758720513,2021-12-01
3787,148349,0.0323553362695584,2021-12-01
3788,179657,0.0404831024318193,2021-12-01
3789,180112,0.050237369016601,2021-12-01
3790,189491,0.0318076771277724,2021-12-01
3791,1230,0.0294154398143291,2022-03-01
3792,1891,0.0291281454265117,2022-03-01
3793,2574,0.0291281454265117,2022-03-01
3794,3863,0.0291281454265117,2022-03-01
3795,4598,0.0292905569076538,2022-03-01
3796,4818,0.0378680564463138,2022-03-01
3797,5047,0.0354864262044429,2022-03-01
3798,5959,0.0291281454265117,2022-03-01
3799,6994,0.0322481580078601,2022-03-01
3800,7085,0.0291281454265117,2022-03-01
3801,7923,0.0296432469040155,2022-03-01
3802,9299,0.029568450525403,2022-03-01
3803,9882,0.0294154398143291,2022-03-01
3804,14477,0.0291281454265117,2022-03-01
3805,20116,0.0294283162802457,2022-03-01
3806,28192,0.0291281454265117,2022-03-01
3807,28590,0.0291281454265117,2022-03-01
3808,36191,0.0291281454265117,2022-03-01
3809,66065,0.0299305412918329,2022-03-01
3810,112168,0.0291281454265117,2022-03-01
3811,143912,0.0292570553719997,2022-03-01
3812,165123,0.0291281454265117,2022-03-01
3813,176928,0.0291281454265117,2022-03-01
3814,179657,0.0291281454265117,2022-03-01
3815,180112,0.0322481580078601,2022-03-01
3816,316056,0.0291281454265117,2022-03-01
3817,1045,0.033038530498743,2022-06-01
3818,1230,0.0340842716395854,2022-06-01
3819,2285,0.0327566526830196,2022-06-01
3820,2574,0.0313286706805229,2022-06-01
3821,3851,0.0340842716395854,2022-06-01
3822,4423,0.0313286706805229,2022-06-01
3823,4598,0.0313286706805229,2022-06-01
3824,4818,0.0318147726356983,2022-06-01
3825,5256,0.0313286706805229,2022-06-01
3826,5959,0.0313286706805229,2022-06-01
3827,6994,0.0323140956461429,2022-06-01
3828,7085,0.0319896563887596,2022-06-01
3829,7435,0.0313286706805229,2022-06-01
3830,7923,0.0313286706805229,2022-06-01
3831,8606,0.0336626395583152,2022-06-01
3832,9299,0.0313286706805229,2022-06-01
3833,9882,0.0318147726356983,2022-06-01
3834,10016,0.0313286706805229,2022-06-01
3835,10867,0.0313286706805229,2022-06-01
3836,10920,0.0313286706805229,2022-06-01
3837,14477,0.0313286706805229,2022-06-01
3838,20116,0.0318147726356983,2022-06-01
3839,23546,0.0318147726356983,2022-06-01
3840,28192,0.0313286706805229,2022-06-01
3841,28590,0.0313286706805229,2022-06-01
3842,36191,0.0313286706805229,2022-06-01
3843,66065,0.0318147726356983,2022-06-01
3844,163036,0.0320543609559536,2022-06-01
3845,165123,0.0313286706805229,2022-06-01
3846,176928,0.0313286706805229,2022-06-01
3847,179657,0.0313286706805229,2022-06-01
3848,180652,0.0313286706805229,2022-06-01
3849,316056,0.0313286706805229,2022-06-01
3850,1045,0.0506627932263182,2022-09-01
3851,1230,0.0352465679832975,2022-09-01
3852,1891,0.0348108992952166,2022-09-01
3853,2574,0.0348493670346823,2022-09-01
3854,3863,0.0348129114895943,2022-09-01
3855,4108,0.0363900243167067,2022-09-01
3856,4598,0.0352288469116926,2022-09-01
3857,5047,0.0385131128505585,2022-09-01
3858,6994,0.0439627760043778,2022-09-01
3859,7435,0.0351391521199213,2022-09-01
3860,7923,0.0351391521199213,2022-09-01
3861,9882,0.0361910115395517,2022-09-01
3862,10016,0.0350038635714,2022-09-01
3863,10920,0.0352024711900542,2022-09-01
3864,14477,0.0351006843804556,2022-09-01
3865,20116,0.036143710501194,2022-09-01
3866,23546,0.0367333930297337,2022-09-01
3867,28192,0.0348493670346823,2022-09-01
3868,28590,0.0348165283489941,2022-09-01
3869,35077,0.0423140302106713,2022-09-01
3870,36191,0.0348493670346823,2022-09-01
3871,66065,0.0350353196212865,2022-09-01
3872,165123,0.0351617470519342,2022-09-01
3873,176928,0.0351656143502832,2022-09-01
3874,316056,0.0348108992952166,2022-09-01
3875,1045,0.0730639806364767,2022-12-01
3876,1891,0.0330112586077121,2022-12-01
3877,2285,0.0484201863568155,2022-12-01
3878,2574,0.0327064791646068,2022-12-01
3879,3863,0.0408431175175361,2022-12-01
3880,4108,0.0335947229480237,2022-12-01
3881,4321,0.0341272756598469,2022-12-01
3882,5047,0.0456914313933528,2022-12-01
3883,5860,0.0332192038910878,2022-12-01
3884,6994,0.0473583593549001,2022-12-01
3885,7921,0.0346397834488494,2022-12-01
3886,8253,0.0331418320805926,2022-12-01
3887,8606,0.044559817576262,2022-12-01
3888,9882,0.0326759887296567,2022-12-01
3889,23546,0.0353088645470269,2022-12-01
3890,28192,0.0327064791646068,2022-12-01
3891,35077,0.0484201863568155,2022-12-01
3892,36191,0.0327064791646068,2022-12-01
3893,143912,0.0329125794137856,2022-12-01
3894,163036,0.0380922514795545,2022-12-01
3895,176928,0.0327064791646068,2022-12-01
3896,180112,0.0490969795375579,2022-12-01
3897,186278,0.0390783234490444,2022-12-01
3898,316056,0.0327064791646068,2022-12-01
3899,1045,0.0481381118297576,2023-03-01
3900,1230,0.0271083489060401,2023-03-01
3901,1300,0.0304344240576028,2023-03-01
3902,1891,0.0271083489060401,2023-03-01
3903,2285,0.0525430738925933,2023-03-01
3904,2574,0.0271083489060401,2023-03-01
3905,3863,0.0303943548351526,2023-03-01
3906,4108,0.0274739004671573,2023-03-01
3907,4423,0.0271083489060401,2023-03-01
3908,6216,0.0279312394559383,2023-03-01
3909,7921,0.0286403708159923,2023-03-01
3910,8358,0.0271083489060401,2023-03-01
3911,9882,0.0271083489060401,2023-03-01
3912,10983,0.0273514166474342,2023-03-01
3913,11600,0.0278087556362152,2023-03-01
3914,14225,0.0283999368548393,2023-03-01
3915,14477,0.0271083489060401,2023-03-01
3916,20116,0.0271083489060401,2023-03-01
3917,23546,0.0271083489060401,2023-03-01
3918,24617,0.0283999368548393,2023-03-01
3919,28192,0.0271083489060401,2023-03-01
3920,29901,0.0286403708159923,2023-03-01
3921,36191,0.0271083489060401,2023-03-01
3922,112168,0.0271083489060401,2023-03-01
3923,143912,0.0286403708159923,2023-03-01
3924,165123,0.0271083489060401,2023-03-01
3925,176928,0.0271083489060401,2023-03-01
3926,180112,0.0302306748926639,2023-03-01
3927,180652,0.0271083489060401,2023-03-01
3928,189491,0.0286403708159923,2023-03-01
3929,316056,0.0271083489060401,2023-03-01
3930,1045,0.0505790002644062,2023-06-01
3931,1230,0.0280976369976997,2023-06-01
3932,1598,0.0280976369976997,2023-06-01
3933,2285,0.0284705590456724,2023-06-01
3934,2312,0.0280976369976997,2023-06-01
3935,2574,0.0280976369976997,2023-06-01
3936,3851,0.0280976369976997,2023-06-01
3937,3863,0.0505790002644062,2023-06-01
3938,4058,0.0280976369976997,2023-06-01
3939,4423,0.0280976369976997,2023-06-01
3940,4494,0.0280976369976997,2023-06-01
3941,4818,0.0280976369976997,2023-06-01
3942,5492,0.0284556876868009,2023-06-01
3943,5764,0.0280976369976997,2023-06-01
3944,5783,0.0280976369976997,2023-06-01
3945,5959,0.0280976369976997,2023-06-01
3946,6216,0.0293909832835197,2023-06-01
3947,7085,0.0280976369976997,2023-06-01
3948,7435,0.0280976369976997,2023-06-01
3949,7923,0.0280976369976997,2023-06-01
3950,7991,0.0280976369976997,2023-06-01
3951,8463,0.0280976369976997,2023-06-01
3952,8606,0.0647397637367248,2023-06-01
3953,9225,0.0280976369976997,2023-06-01
3954,9299,0.0280976369976997,2023-06-01
3955,9882,0.0280976369976997,2023-06-01
3956,10016,0.0280976369976997,2023-06-01
3957,10519,0.0280976369976997,2023-06-01
3958,10581,0.0280976369976997,2023-06-01
3959,10867,0.0280976369976997,2023-06-01
3960,10920,0.0280976369976997,2023-06-01
3961,10983,0.0284556876868009,2023-06-01
3962,11600,0.0293909832835197,2023-06-01
3963,14477,0.0280976369976997,2023-06-01
3964,15267,0.0280976369976997,2023-06-01
3965,20116,0.0280976369976997,2023-06-01
3966,23546,0.0280976369976997,2023-06-01
3967,26590,0.0280976369976997,2023-06-01
3968,28192,0.0280976369976997,2023-06-01
3969,28590,0.0280976369976997,2023-06-01
3970,29901,0.0361215993762016,2023-06-01
3971,35077,0.0284705590456724,2023-06-01
3972,36191,0.0280976369976997,2023-06-01
3973,60979,0.0280976369976997,2023-06-01
3974,63527,0.0280976369976997,2023-06-01
3975,65609,0.0280976369976997,2023-06-01
3976,112168,0.0280976369976997,2023-06-01
3977,160893,0.0280976369976997,2023-06-01
3978,163036,0.0280976369976997,2023-06-01
3979,165123,0.0280976369976997,2023-06-01
3980,176928,0.0280976369976997,2023-06-01
3981,179657,0.0284556876868009,2023-06-01
3982,180112,0.0293909832835197,2023-06-01
3983,180652,0.0280976369976997,2023-06-01
3984,183736,0.0280976369976997,2023-06-01
3985,186278,0.0293909832835197,2023-06-01
3986,186310,0.0293909832835197,2023-06-01
3987,316056,0.0280976369976997,2023-06-01
3988,1045,0.0383756833835562,2023-09-01
3989,2285,0.0272555701024481,2023-09-01
3990,2312,0.025340908785259,2023-09-01
3991,2817,0.0256121004959053,2023-09-01
3992,3835,0.0256121004959053,2023-09-01
3993,3863,0.0383756833835562,2023-09-01
3994,4494,0.025340908785259,2023-09-01
3995,4598,0.025340908785259,2023-09-01
3996,4818,0.0279270297301981,2023-09-01
3997,5046,0.0256121004959053,2023-09-01
3998,5492,0.0273594844984501,2023-09-01
3999,6216,0.0273594844984501,2023-09-01
4000,6268,0.0275519952202442,2023-09-01
4001,6774,0.0256121004959053,2023-09-01
4002,7923,0.025340908785259,2023-09-01
4003,7985,0.0256121004959053,2023-09-01
4004,8606,0.0342006177526404,2023-09-01
4005,10920,0.025340908785259,2023-09-01
4006,10983,0.0273594844984501,2023-09-01
4007,15267,0.025340908785259,2023-09-01
4008,20116,0.0261125630602597,2023-09-01
4009,35077,0.0279270297301981,2023-09-01
4010,177983,0.0258360659072435,2023-09-01
4011,179657,0.0273594844984501,2023-09-01
4012,180652,0.025340908785259,2023-09-01
4013,186310,0.0256121004959053,2023-09-01
4014,316056,0.025340908785259,2023-09-01
4015,1045,0.0559988893217308,2023-12-01
4016,1230,0.0473320562988307,2023-12-01
4017,2312,0.0351648949432674,2023-12-01
4018,2574,0.0333112873642432,2023-12-01
4019,3278,0.0371078693081282,2023-12-01
4020,3650,0.0282407398384679,2023-12-01
4021,3851,0.0424807812898357,2023-12-01
4022,3863,0.0505679293843935,2023-12-01
4023,4818,0.042118157928921,2023-12-01
4024,6994,0.0485230361252593,2023-12-01
4025,7085,0.0328622476585869,2023-12-01
4026,7991,0.0401489178340108,2023-12-01
4027,8606,0.0411822107645098,2023-12-01
4028,9299,0.0394858146205448,2023-12-01
4029,9882,0.040021209788175,2023-12-01
4030,10581,0.0380784062521217,2023-12-01
4031,14225,0.0294647034815403,2023-12-01
4032,28192,0.0319313999857963,2023-12-01
4033,28590,0.0308326033345785,2023-12-01
4034,29901,0.0322359582787615,2023-12-01
4035,65609,0.0294739403949173,2023-12-01
4036,146017,0.032938104825256,2023-12-01
4037,160893,0.0373472957681649,2023-12-01
4038,165123,0.0349553868015165,2023-12-01
4039,180112,0.0296507786558329,2023-12-01
4040,1045,0.0357209675582226,2024-03-01
4041,2312,0.0243301620586969,2024-03-01
4042,3580,0.0236865848379243,2024-03-01
4043,4494,0.0243301620586969,2024-03-01
4044,4818,0.0236865848379243,2024-03-01
4045,5047,0.0247458033459417,2024-03-01
4046,6268,0.0262538177831619,2024-03-01
4047,6994,0.0238090852082081,2024-03-01
4048,9882,0.0253485782824784,2024-03-01
4049,10983,0.0249013632728236,2024-03-01
4050,11600,0.0243301620586969,2024-03-01
4051,15267,0.0243301620586969,2024-03-01
4052,22703,0.0291939825409042,2024-03-01
4053,24617,0.0237599819481717,2024-03-01
4054,26590,0.0237732185270565,2024-03-01
4055,29901,0.0242051800313222,2024-03-01
4056,36191,0.0243301620586969,2024-03-01
4057,65609,0.0235996439509117,2024-03-01
4058,143912,0.024991070928392,2024-03-01
4059,146017,0.0243301620586969,2024-03-01
4060,148349,0.0245579098398195,2024-03-01
4061,179657,0.0262538177831619,2024-03-01
4062,180112,0.0348014119922291,2024-03-01
4063,186278,0.0249013632728236,2024-03-01
4064,316056,0.0235996439509117,2024-03-01
4065,1045,0.0399037674069404,2024-06-03
4066,1230,0.020244862884283,2024-06-03
4067,1598,0.020244862884283,2024-06-03
4068,2285,0.020244862884283,2024-06-03
4069,2312,0.020244862884283,2024-06-03
4070,2574,0.020244862884283,2024-06-03
4071,3278,0.020244862884283,2024-06-03
4072,3851,0.020244862884283,2024-06-03
4073,3863,0.0232523698359727,2024-06-03
4074,4818,0.020244862884283,2024-06-03
4075,5783,0.020244862884283,2024-06-03
4076,7085,0.020244862884283,2024-06-03
4077,7991,0.020244862884283,2024-06-03
4078,8463,0.020244862884283,2024-06-03
4079,8606,0.0523700639605522,2024-06-03
4080,9225,0.020244862884283,2024-06-03
4081,9299,0.020244862884283,2024-06-03
4082,9882,0.020244862884283,2024-06-03
4083,10016,0.020244862884283,2024-06-03
4084,10519,0.020244862884283,2024-06-03
4085,10581,0.020244862884283,2024-06-03
4086,10920,0.020244862884283,2024-06-03
4087,11600,0.020244862884283,2024-06-03
4088,14477,0.020244862884283,2024-06-03
4089,22703,0.0215958748012781,2024-06-03
4090,23546,0.020244862884283,2024-06-03
4091,26590,0.020244862884283,2024-06-03
4092,28192,0.020244862884283,2024-06-03
4093,28590,0.020244862884283,2024-06-03
4094,35077,0.020244862884283,2024-06-03
4095,36191,0.020244862884283,2024-06-03
4096,43197,0.020244862884283,2024-06-03
4097,60979,0.020244862884283,2024-06-03
4098,65609,0.020244862884283,2024-06-03
4099,112168,0.020244862884283,2024-06-03
4100,163036,0.020244862884283,2024-06-03
4101,165123,0.020244862884283,2024-06-03
4102,176928,0.020244862884283,2024-06-03
4103,183736,0.020244862884283,2024-06-03
4104,316056,0.020244862884283,2024-06-03
4105,1045,0.0355899222195148,2024-09-03
4106,1230,0.0230865776538848,2024-09-03
4107,1300,0.0230865776538848,2024-09-03
4108,1598,0.0230865776538848,2024-09-03
4109,1891,0.0230865776538848,2024-09-03
4110,2285,0.0230865776538848,2024-09-03
4111,2312,0.0230865776538848,2024-09-03
4112,2574,0.0230865776538848,2024-09-03
4113,2817,0.0233266502618789,2024-09-03
4114,3062,0.0230865776538848,2024-09-03
4115,3278,0.0230865776538848,2024-09-03
4116,3580,0.0230865776538848,2024-09-03
4117,3650,0.0230865776538848,2024-09-03
4118,3835,0.0235424898564815,2024-09-03
4119,3851,0.0230865776538848,2024-09-03
4120,3863,0.0269302781671285,2024-09-03
4121,4058,0.0230865776538848,2024-09-03
4122,4108,0.0235424898564815,2024-09-03
4123,4199,0.0230865776538848,2024-09-03
4124,4321,0.0230865776538848,2024-09-03
4125,4423,0.0230865776538848,2024-09-03
4126,4598,0.0230865776538848,2024-09-03
4127,4818,0.0230865776538848,2024-09-03
4128,5046,0.0235424898564815,2024-09-03
4129,5256,0.0230865776538848,2024-09-03
4130,5492,0.0230865776538848,2024-09-03
4131,5764,0.0230865776538848,2024-09-03
4132,5783,0.0230865776538848,2024-09-03
4133,5860,0.0230865776538848,2024-09-03
4134,5878,0.0230865776538848,2024-09-03
4135,5959,0.0230865776538848,2024-09-03
4136,6774,0.027569904923439,2024-09-03
4137,6994,0.041157953441143,2024-09-03
4138,7085,0.0230865776538848,2024-09-03
4139,7435,0.0230865776538848,2024-09-03
4140,7921,0.0230865776538848,2024-09-03
4141,7923,0.0230865776538848,2024-09-03
4142,7985,0.0230865776538848,2024-09-03
4143,7991,0.0230865776538848,2024-09-03
4144,8253,0.0235424898564815,2024-09-03
4145,8358,0.0230865776538848,2024-09-03
4146,8402,0.0233266502618789,2024-09-03
4147,8463,0.0230865776538848,2024-09-03
4148,8606,0.0554536767303943,2024-09-03
4149,9203,0.0230865776538848,2024-09-03
4150,9225,0.0230865776538848,2024-09-03
4151,9299,0.0230865776538848,2024-09-03
4152,9882,0.0230865776538848,2024-09-03
4153,10016,0.0230865776538848,2024-09-03
4154,10519,0.0230865776538848,2024-09-03
4155,10581,0.0230865776538848,2024-09-03
4156,10867,0.0230865776538848,2024-09-03
4157,10920,0.0230865776538848,2024-09-03
4158,10983,0.0235424898564815,2024-09-03
4159,11600,0.0230865776538848,2024-09-03
4160,14477,0.0230865776538848,2024-09-03
4161,15267,0.0230865776538848,2024-09-03
4162,20116,0.0230865776538848,2024-09-03
4163,22703,0.0341587550938129,2024-09-03
4164,26590,0.0230865776538848,2024-09-03
4165,28192,0.0230865776538848,2024-09-03
4166,28590,0.0230865776538848,2024-09-03
4167,35077,0.0230865776538848,2024-09-03
4168,36190,0.0233266502618789,2024-09-03
4169,36191,0.0230865776538848,2024-09-03
4170,43197,0.0230865776538848,2024-09-03
4171,45169,0.0235424898564815,2024-09-03
4172,60979,0.0230865776538848,2024-09-03
4173,62823,0.0233266502618789,2024-09-03
4174,65609,0.0230865776538848,2024-09-03
4175,66065,0.0230865776538848,2024-09-03
4176,66446,0.0235424898564815,2024-09-03
4177,112168,0.0230865776538848,2024-09-03
4178,146017,0.0230865776538848,2024-09-03
4179,148349,0.0230865776538848,2024-09-03
4180,160893,0.0230865776538848,2024-09-03
4181,163036,0.0230865776538848,2024-09-03
4182,165123,0.0230865776538848,2024-09-03
4183,176928,0.0230865776538848,2024-09-03
4184,179657,0.0230865776538848,2024-09-03
4185,180652,0.0230865776538848,2024-09-03
4186,183736,0.0230865776538848,2024-09-03
4187,186310,0.0230865776538848,2024-09-03
4188,189491,0.0230865776538848,2024-09-03
4189,316056,0.0230865776538848,2024-09-03
4190,1230,0.0195836964994668,2024-12-02
4191,1300,0.0195836964994668,2024-12-02
4192,1598,0.0195836964994668,2024-12-02
4193,1891,0.0195836964994668,2024-12-02
4194,2285,0.0270758122205734,2024-12-02
4195,2312,0.0195836964994668,2024-12-02
4196,2574,0.0195836964994668,2024-12-02
4197,3062,0.0195836964994668,2024-12-02
4198,3278,0.027926618233323,2024-12-02
4199,3580,0.0195836964994668,2024-12-02
4200,3650,0.0195836964994668,2024-12-02
4201,3851,0.0195836964994668,2024-12-02
4202,4058,0.0195836964994668,2024-12-02
4203,4199,0.0195836964994668,2024-12-02
4204,4423,0.0195836964994668,2024-12-02
4205,4598,0.0195836964994668,2024-12-02
4206,4818,0.0195836964994668,2024-12-02
4207,5256,0.0195836964994668,2024-12-02
4208,5764,0.0195836964994668,2024-12-02
4209,5783,0.0195836964994668,2024-12-02
4210,5878,0.0195836964994668,2024-12-02
4211,5959,0.0195836964994668,2024-12-02
4212,6774,0.0242210570722818,2024-12-02
4213,6994,0.0357865057885646,2024-12-02
4214,7085,0.0195836964994668,2024-12-02
4215,7435,0.0195836964994668,2024-12-02
4216,7923,0.0195836964994668,2024-12-02
4217,7985,0.0195836964994668,2024-12-02
4218,7991,0.0195836964994668,2024-12-02
4219,8358,0.0195836964994668,2024-12-02
4220,8463,0.0195836964994668,2024-12-02
4221,9203,0.0195836964994668,2024-12-02
4222,9225,0.0195836964994668,2024-12-02
4223,9299,0.0195836964994668,2024-12-02
4224,9882,0.0195836964994668,2024-12-02
4225,10016,0.0195836964994668,2024-12-02
4226,10519,0.0195836964994668,2024-12-02
4227,10581,0.0195836964994668,2024-12-02
4228,10867,0.0195836964994668,2024-12-02
4229,10920,0.0195836964994668,2024-12-02
4230,11600,0.0195836964994668,2024-12-02
4231,14225,0.0195836964994668,2024-12-02
4232,14477,0.0195836964994668,2024-12-02
4233,15267,0.0195836964994668,2024-12-02
4234,20116,0.0195836964994668,2024-12-02
4235,22703,0.0203666724264621,2024-12-02
4236,23546,0.0195836964994668,2024-12-02
4237,24617,0.0195836964994668,2024-12-02
4238,26590,0.0195836964994668,2024-12-02
4239,28192,0.0195836964994668,2024-12-02
4240,28590,0.0195836964994668,2024-12-02
4241,29901,0.0195836964994668,2024-12-02
4242,35077,0.0195836964994668,2024-12-02
4243,36191,0.0195836964994668,2024-12-02
4244,43197,0.0195836964994668,2024-12-02
4245,50688,0.0307633504271507,2024-12-02
4246,60979,0.0195836964994668,2024-12-02
4247,65609,0.0195836964994668,2024-12-02
4248,66065,0.0195836964994668,2024-12-02
4249,112168,0.0195836964994668,2024-12-02
4250,143912,0.0242210570722818,2024-12-02
4251,146017,0.0195836964994668,2024-12-02
4252,148349,0.0195836964994668,2024-12-02
4253,160893,0.0195836964994668,2024-12-02
4254,163036,0.0195836964994668,2024-12-02
4255,165123,0.0195836964994668,2024-12-02
4256,176928,0.0195836964994668,2024-12-02
4257,179657,0.0259267166256904,2024-12-02
4258,180652,0.0195836964994668,2024-12-02
4259,183736,0.0195836964994668,2024-12-02
4260,186310,0.0195836964994668,2024-12-02
4261,189491,0.0195836964994668,2024-12-02
4262,316056,0.0195836964994668,2024-12-02
4263,2184,0.050487049486363,2001-03-01
4264,5125,0.0358290980058953,2001-03-01
4265,5680,0.1010266645115564,2001-03-01
4266,6733,0.0611022515499479,2001-03-01
4267,9611,0.04987529267575,2001-03-01
4268,13498,0.0617345872803311,2001-03-01
4269,15520,0.0529656240414479,2001-03-01
4270,25434,0.046498501579639,2001-03-01
4271,28191,0.0910051696608635,2001-03-01
4272,28742,0.0547847658482225,2001-03-01
4273,29736,0.0492764811570701,2001-03-01
4274,30259,0.0464132305082911,2001-03-01
4275,63643,0.0383136580706719,2001-03-01
4276,64768,0.0673630329610015,2001-03-01
4277,114524,0.0725465012601402,2001-03-01
4278,141459,0.068036527342918,2001-03-01
4279,2269,0.0304097272455692,2001-06-01
4280,4839,0.0300057046115398,2001-06-01
4281,6669,0.0305737741291522,2001-06-01
4282,7906,0.0304097272455692,2001-06-01
4283,8823,0.0276039857417345,2001-06-01
4284,9063,0.0269535686820745,2001-06-01
4285,11672,0.0289760995656251,2001-06-01
4286,12689,0.0305737741291522,2001-06-01
4287,15520,0.0259243696928024,2001-06-01
4288,24032,0.0397236049175262,2001-06-01
4289,25340,0.0278048459440469,2001-06-01
4290,28742,0.0274399388581514,2001-06-01
4291,31846,0.0332594886422157,2001-06-01
4292,64768,0.0470320023596286,2001-06-01
4293,140541,0.0295356418937444,2001-06-01
4294,141459,0.0454697348177433,2001-06-01
4295,2436,0.0395576572015019,2001-09-04
4296,6669,0.030621888307207,2001-09-04
4297,6829,0.0322718398557294,2001-09-04
4298,7154,0.0294203875198914,2001-09-04
4299,7922,0.031529964105558,2001-09-04
4300,8823,0.0345476857698189,2001-09-04
4301,11584,0.0312979650246033,2001-09-04
4302,12689,0.0358525395756079,2001-09-04
4303,13498,0.0300696610326216,2001-09-04
4304,25434,0.0330314572985058,2001-09-04
4305,30259,0.0588865562196984,2001-09-04
4306,31846,0.0316494122767694,2001-09-04
4307,61420,0.0405005984170788,2001-09-04
4308,114524,0.0552663550726182,2001-09-04
4309,140541,0.0395535173905008,2001-09-04
4310,141459,0.0561826888029756,2001-09-04
4311,2436,0.0430166849963599,2001-12-03
4312,6669,0.0648047150655664,2001-12-03
4313,6733,0.0482319018442792,2001-12-03
4314,8823,0.0635025420153298,2001-12-03
4315,9248,0.0511801312416608,2001-12-03
4316,11584,0.042047006285395,2001-12-03
4317,11672,0.039078881361162,2001-12-03
4318,12689,0.0588362702552901,2001-12-03
4319,15520,0.0439710238996091,2001-12-03
4320,25340,0.0666335326765131,2001-12-03
4321,28742,0.0380707752190036,2001-12-03
4322,29150,0.0459925545015433,2001-12-03
4323,29736,0.0657168497023911,2001-12-03
4324,30259,0.0603477415889102,2001-12-03
4325,61420,0.0470432615082083,2001-12-03
4326,65417,0.0519103224973833,2001-12-03
4327,2184,0.0549845701464064,2002-03-01
4328,4839,0.0417263515996677,2002-03-01
4329,6669,0.045012882097022,2002-03-01
4330,6829,0.0509472555516535,2002-03-01
4331,8823,0.0615013670244843,2002-03-01
4332,9248,0.0710767811665052,2002-03-01
4333,11672,0.0635201259954148,2002-03-01
4334,12459,0.0459431518479573,2002-03-01
4335,15520,0.0455947496051682,2002-03-01
4336,25340,0.0427427672902913,2002-03-01
4337,28118,0.0409316174228933,2002-03-01
4338,29736,0.0743617710798819,2002-03-01
4339,30259,0.0540895503867411,2002-03-01
4340,31846,0.0530718404452965,2002-03-01
4341,65417,0.0576473338817183,2002-03-01
4342,140541,0.0564423002742826,2002-03-01
4343,145049,0.0505040092771811,2002-03-01
4344,2269,0.0367599204637357,2002-06-03
4345,4839,0.0413494330494529,2002-06-03
4346,6669,0.0759093203613335,2002-06-03
4347,6829,0.0334607900893655,2002-06-03
4348,7906,0.039414228946203,2002-06-03
4349,8823,0.042724623556702,2002-06-03
4350,9248,0.0411339949424586,2002-06-03
4351,9611,0.0339034625981917,2002-06-03
4352,11672,0.0375322509890604,2002-06-03
4353,12459,0.0509386064593203,2002-06-03
4354,12689,0.0560557596433611,2002-06-03
4355,23809,0.0514848272033633,2002-06-03
4356,25340,0.0559434889758665,2002-06-03
4357,31846,0.070694893261501,2002-06-03
4358,64891,0.0473340012735759,2002-06-03
4359,65417,0.0536975706049107,2002-06-03
4360,140541,0.0607280213332968,2002-06-03
4361,2436,0.0495583274582428,2002-09-03
4362,4839,0.053567474855322,2002-09-03
4363,6669,0.0808060148186036,2002-09-03
4364,8823,0.0626436209243909,2002-09-03
4365,9063,0.0601380285541185,2002-09-03
4366,9248,0.0654961115580713,2002-09-03
4367,11672,0.0476944190986359,2002-09-03
4368,12459,0.0452764686170832,2002-09-03
4369,12689,0.0604413600269464,2002-09-03
4370,23809,0.0525486402245418,2002-09-03
4371,25340,0.0677504499216818,2002-09-03
4372,29736,0.075144804952581,2002-09-03
4373,31846,0.0432959743481199,2002-09-03
4374,61420,0.0488269085302342,2002-09-03
4375,64410,0.0432327533941445,2002-09-03
4376,65417,0.0446414064834912,2002-09-03
4377,140541,0.0576261250059512,2002-09-03
4378,2436,0.0645001243547412,2002-12-02
4379,6669,0.0704909185501888,2002-12-02
4380,6829,0.0413835608304503,2002-12-02
4381,8823,0.0601525696859569,2002-12-02
4382,9063,0.0677701462913311,2002-12-02
4383,9248,0.0674831457345076,2002-12-02
4384,11584,0.0493026564679139,2002-12-02
4385,11672,0.0510808464373707,2002-12-02
4386,12459,0.054323077552784,2002-12-02
4387,12689,0.0609768273842794,2002-12-02
4388,13498,0.0397846876864545,2002-12-02
4389,14418,0.0527646254080152,2002-12-02
4390,25340,0.0662776661256019,2002-12-02
4391,29736,0.0750235141572512,2002-12-02
4392,61420,0.0612304975765073,2002-12-02
4393,65417,0.0621784846752339,2002-12-02
4394,145977,0.0554262160912065,2002-12-02
4395,2436,0.0744609828542965,2003-03-03
4396,5680,0.070628305063006,2003-03-03
4397,6669,0.0869547499889716,2003-03-03
4398,6829,0.0721386955125168,2003-03-03
4399,8823,0.0880862754275783,2003-03-03
4400,9063,0.0860700484855413,2003-03-03
4401,9248,0.0826291317249494,2003-03-03
4402,11584,0.0710346978298817,2003-03-03
4403,11672,0.0685299793263356,2003-03-03
4404,12459,0.0782188076836964,2003-03-03
4405,12689,0.0631208411192043,2003-03-03
4406,23809,0.0606396396693764,2003-03-03
4407,29736,0.0933801501510092,2003-03-03
4408,31846,0.0748252321143828,2003-03-03
4409,64410,0.0672774887029615,2003-03-03
4410,65417,0.0865817803282031,2003-03-03
4411,145049,0.081572824841569,2003-03-03
4412,2269,0.0679457480987416,2003-06-02
4413,2290,0.0659257935961626,2003-06-02
4414,5234,0.0452102943343959,2003-06-02
4415,6669,0.0784504420885867,2003-06-02
4416,7906,0.0536806981578091,2003-06-02
4417,8823,0.0560954096154296,2003-06-02
4418,9063,0.0957342767305956,2003-06-02
4419,11672,0.0963800307012306,2003-06-02
4420,12689,0.0791518959781588,2003-06-02
4421,15520,0.0705798465232281,2003-06-02
4422,23809,0.0673389667622109,2003-06-02
4423,25340,0.0605157514377793,2003-06-02
4424,28742,0.0489769010346578,2003-06-02
4425,29015,0.076346269508844,2003-06-02
4426,31846,0.0547549989273844,2003-06-02
4427,64891,0.0621880990936995,2003-06-02
4428,65417,0.0620109421026895,2003-06-02
4429,2436,0.044456316099125,2003-09-02
4430,4839,0.0674966077572774,2003-09-02
4431,6669,0.0754328878754704,2003-09-02
4432,8823,0.0634932018989766,2003-09-02
4433,9063,0.0706766074998519,2003-09-02
4434,9248,0.0614733051418714,2003-09-02
4435,11672,0.0442929922366565,2003-09-02
4436,12459,0.0670920139192199,2003-09-02
4437,12689,0.0705316395808608,2003-09-02
4438,23809,0.0447503621747198,2003-09-02
4439,25340,0.0649032522057292,2003-09-02
4440,29015,0.0531592951407093,2003-09-02
4441,29736,0.0809389673261777,2003-09-02
4442,30259,0.0509134850052583,2003-09-02
4443,31846,0.0480323804191561,2003-09-02
4444,65417,0.0413615875756162,2003-09-02
4445,145977,0.0536509839069122,2003-09-02
4446,2436,0.0650676784518163,2003-12-01
4447,4839,0.0566743273051417,2003-12-01
4448,6669,0.062475617360358,2003-12-01
4449,8823,0.0602971157423749,2003-12-01
4450,9063,0.0695474263395178,2003-12-01
4451,9248,0.057330478898317,2003-12-01
4452,11060,0.0536064977666794,2003-12-01
4453,11672,0.0530721203366589,2003-12-01
4454,12459,0.0698102525875941,2003-12-01
4455,12689,0.063110416984167,2003-12-01
4456,25340,0.0626609885578421,2003-12-01
4457,28742,0.0473928147822769,2003-12-01
4458,29736,0.0688210604474587,2003-12-01
4459,30259,0.0632351048769501,2003-12-01
4460,31846,0.0499054908716836,2003-12-01
4461,65417,0.0487651556783061,2003-12-01
4462,145049,0.0668547543065531,2003-12-01
4463,2184,0.0549313838994279,2004-03-01
4464,2436,0.0321032768555394,2004-03-01
4465,5680,0.0367078996856021,2004-03-01
4466,6733,0.0450743156804124,2004-03-01
4467,6829,0.0413085815042272,2004-03-01
4468,9063,0.0328864297816617,2004-03-01
4469,9248,0.0388627730453535,2004-03-01
4470,11584,0.0420749043552069,2004-03-01
4471,11672,0.0479747831732229,2004-03-01
4472,15520,0.036603297293277,2004-03-01
4473,25119,0.0336558543127412,2004-03-01
4474,28742,0.0353223236766924,2004-03-01
4475,29015,0.0537885012112069,2004-03-01
4476,29736,0.0762755560782596,2004-03-01
4477,30259,0.0449420986148492,2004-03-01
4478,63643,0.0346776303390437,2004-03-01
4479,145049,0.0593380477711183,2004-03-01
4480,2269,0.0260244361105448,2004-06-01
4481,3964,0.0261535207023109,2004-06-01
4482,4839,0.0583428265111535,2004-06-01
4483,5234,0.0373517015769489,2004-06-01
4484,6669,0.038186457308755,2004-06-01
4485,7906,0.0409510058889831,2004-06-01
4486,8823,0.033959931300108,2004-06-01
4487,11060,0.0273685676433016,2004-06-01
4488,12459,0.0273866975880503,2004-06-01
4489,12689,0.0564899227633305,2004-06-01
4490,25340,0.0478541827375027,2004-06-01
4491,28742,0.0419687933241154,2004-06-01
4492,29015,0.0328501486396343,2004-06-01
4493,30259,0.0247911421285525,2004-06-01
4494,31846,0.0722106712376787,2004-06-01
4495,64768,0.031836206640973,2004-06-01
4496,145977,0.0255790297891582,2004-06-01
4497,4839,0.0454727466597005,2004-09-01
4498,5234,0.0446581025439669,2004-09-01
4499,6829,0.0495299956189563,2004-09-01
4500,7906,0.0415393134985688,2004-09-01
4501,11584,0.0472634082100676,2004-09-01
4502,11672,0.0604785433360758,2004-09-01
4503,12689,0.0424291045476687,2004-09-01
4504,23809,0.0539663040579078,2004-09-01
4505,25340,0.0476760130597817,2004-09-01
4506,25434,0.0621869186433593,2004-09-01
4507,28742,0.0425982981846437,2004-09-01
4508,29015,0.0626084508329188,2004-09-01
4509,29736,0.0636095146990693,2004-09-01
4510,30259,0.0500600963399804,2004-09-01
4511,64410,0.044169824072034,2004-09-01
4512,64768,0.0489565121955086,2004-09-01
4513,140541,0.0505433320435694,2004-09-01
4514,4839,0.0425306223332881,2004-12-01
4515,5234,0.040375106036663,2004-12-01
4516,6669,0.0512889251112937,2004-12-01
4517,6829,0.0433116927742958,2004-12-01
4518,7906,0.0538463741540908,2004-12-01
4519,8823,0.0465794466435909,2004-12-01
4520,11300,0.0551030449569225,2004-12-01
4521,11584,0.0417014546692371,2004-12-01
4522,11672,0.0529805049300193,2004-12-01
4523,12689,0.0512889251112937,2004-12-01
4524,13498,0.0435437746345996,2004-12-01
4525,25340,0.0460613369941711,2004-12-01
4526,29015,0.075423814356327,2004-12-01
4527,29736,0.0407256335020065,2004-12-01
4528,30259,0.0399447679519653,2004-12-01
4529,65417,0.0412414446473121,2004-12-01
4530,145977,0.0433116927742958,2004-12-01
4531,2184,0.0512533090925148,2005-03-01
4532,2436,0.0688740092441013,2005-03-01
4533,3964,0.0615419312699041,2005-03-01
4534,4839,0.0567841078489872,2005-03-01
4535,5234,0.0528740219618305,2005-03-01
4536,6733,0.0708393928041702,2005-03-01
4537,7116,0.0455825066724414,2005-03-01
4538,9063,0.0644524151708585,2005-03-01
4539,9248,0.0565427401250233,2005-03-01
4540,11584,0.0703479005199109,2005-03-01
4541,11672,0.062517855009183,2005-03-01
4542,28742,0.0476694576643909,2005-03-01
4543,29015,0.0638582933161407,2005-03-01
4544,29736,0.0789744810253408,2005-03-01
4545,31846,0.0690442864094287,2005-03-01
4546,64768,0.074980228238125,2005-03-01
4547,145049,0.0861478695941806,2005-03-01
4548,2269,0.0405336666236381,2005-06-01
4549,3964,0.0428232696921179,2005-06-01
4550,4839,0.0554061490458461,2005-06-01
4551,5234,0.0507404438587623,2005-06-01
4552,6669,0.0372904863970718,2005-06-01
4553,7906,0.0448520583396071,2005-06-01
4554,9248,0.0402336505883381,2005-06-01
4555,9611,0.0394097079514439,2005-06-01
4556,11672,0.0430118721879324,2005-06-01
4557,12689,0.0411946255247237,2005-06-01
4558,25340,0.0431137799257988,2005-06-01
4559,28742,0.0405414532688449,2005-06-01
4560,29015,0.0486983936374241,2005-06-01
4561,31846,0.0509120246930678,2005-06-01
4562,64410,0.041384168717918,2005-06-01
4563,64768,0.0494478901049452,2005-06-01
4564,145049,0.0414283875576911,2005-06-01
4565,2436,0.0354920998215675,2005-09-01
4566,3964,0.0354920998215675,2005-09-01
4567,6669,0.0358294360339641,2005-09-01
4568,6829,0.0362354554235935,2005-09-01
4569,8823,0.0422535389661788,2005-09-01
4570,11300,0.0358294360339641,2005-09-01
4571,11672,0.0363750979304313,2005-09-01
4572,12459,0.0358294360339641,2005-09-01
4573,12689,0.0358294360339641,2005-09-01
4574,23809,0.0358294360339641,2005-09-01
4575,25119,0.0358294360339641,2005-09-01
4576,25340,0.0422535389661788,2005-09-01
4577,28742,0.0353624857962131,2005-09-01
4578,29015,0.0599827729165554,2005-09-01
4579,114524,0.0381563901901245,2005-09-01
4580,119314,0.0404007397592067,2005-09-01
4581,141459,0.0361069776117801,2005-09-01
4582,2436,0.0491054000203471,2005-12-01
4583,4839,0.0497293953239201,2005-12-01
4584,5234,0.058595877344469,2005-12-01
4585,6669,0.046595347841635,2005-12-01
4586,9063,0.0693829696718654,2005-12-01
4587,9248,0.0544410657135755,2005-12-01
4588,11060,0.0455999625581621,2005-12-01
4589,11584,0.0556002652187329,2005-12-01
4590,11672,0.0596853023748456,2005-12-01
4591,12689,0.0465264561811819,2005-12-01
4592,25340,0.0467925049314265,2005-12-01
4593,29015,0.0685213837338821,2005-12-01
4594,29736,0.0600211528564085,2005-12-01
4595,64410,0.0505264078695548,2005-12-01
4596,119314,0.053592775674268,2005-12-01
4597,141459,0.0458818528913198,2005-12-01
4598,165052,0.0663590436315844,2005-12-01
4599,2436,0.0465290894384342,2006-03-01
4600,3964,0.0727575061099392,2006-03-01
4601,4839,0.0512641740554019,2006-03-01
4602,5234,0.0566457169347117,2006-03-01
4603,6733,0.0617797897159562,2006-03-01
4604,6829,0.0494312907990952,2006-03-01
4605,8823,0.0601572250424934,2006-03-01
4606,9063,0.0662146692481513,2006-03-01
4607,9248,0.0678313497153485,2006-03-01
4608,11584,0.064497539028693,2006-03-01
4609,11672,0.0631956438409974,2006-03-01
4610,12459,0.0514214822980692,2006-03-01
4611,29015,0.0774628400810432,2006-03-01
4612,29736,0.0726803262330778,2006-03-01
4613,30259,0.0479567129023048,2006-03-01
4614,31846,0.0494810240410648,2006-03-01
4615,145049,0.0736502519786783,2006-03-01
4616,165914,0.1004333172204742,2006-03-01
4617,3964,0.047500623622016,2006-06-01
4618,4839,0.0422419734556793,2006-06-01
4619,5234,0.0390632079698956,2006-06-01
4620,6669,0.0539520186047198,2006-06-01
4621,7906,0.0368254309572335,2006-06-01
4622,9063,0.0363683687616332,2006-06-01
4623,9248,0.0418932092477546,2006-06-01
4624,9611,0.0412074471684374,2006-06-01
4625,11584,0.0343596213659537,2006-06-01
4626,11672,0.0351571986918933,2006-06-01
4627,12689,0.0504879808553963,2006-06-01
4628,25340,0.052698057632595,2006-06-01
4629,29015,0.0440926307966273,2006-06-01
4630,30259,0.041203082324449,2006-06-01
4631,31846,0.042492407793537,2006-06-01
4632,64410,0.0523104061640621,2006-06-01
4633,64768,0.0408466370771003,2006-06-01
4634,165914,0.0445554122473651,2006-06-01
4635,2444,0.0419424035643332,2006-09-01
4636,5234,0.0452113360551681,2006-09-01
4637,5680,0.0450009934324415,2006-09-01
4638,6669,0.046547264942448,2006-09-01
4639,8823,0.0640042802665343,2006-09-01
4640,9063,0.0487172836335047,2006-09-01
4641,9248,0.0457234551210148,2006-09-01
4642,11672,0.0423067750780056,2006-09-01
4643,12459,0.0552983409589035,2006-09-01
4644,12689,0.0474948256227745,2006-09-01
4645,13498,0.042010265769214,2006-09-01
4646,25340,0.0614446597397236,2006-09-01
4647,29015,0.0457033823680346,2006-09-01
4648,29736,0.0597737894547913,2006-09-01
4649,30259,0.0439104076557528,2006-09-01
4650,64410,0.0468646532128063,2006-09-01
4651,145977,0.0419897270660615,2006-09-01
4652,165914,0.0505777483702048,2006-09-01
4653,2436,0.0472299096717179,2006-12-01
4654,3964,0.0448058712980708,2006-12-01
4655,6669,0.0392490732143359,2006-12-01
4656,7116,0.0429863268376589,2006-12-01
4657,8823,0.04183025280993,2006-12-01
4658,9063,0.058724005161701,2006-12-01
4659,9248,0.0492670169017602,2006-12-01
4660,11584,0.0447475995120522,2006-12-01
4661,11672,0.0504246415923935,2006-12-01
4662,12459,0.0511053175386508,2006-12-01
4663,12689,0.0389265501028159,2006-12-01
4664,25340,0.0635588122854923,2006-12-01
4665,29015,0.0598147731236053,2006-12-01
4666,29736,0.0599688220156894,2006-12-01
4667,30259,0.05387202472076,2006-12-01
4668,165052,0.0458460964105079,2006-12-01
4669,165914,0.0597002713580135,2006-12-01
4670,175319,0.0653694608779374,2006-12-01
4671,3964,0.0648319183449067,2007-03-01
4672,4839,0.0538467873010952,2007-03-01
4673,6733,0.0590176347057873,2007-03-01
4674,8823,0.055222607427252,2007-03-01
4675,9063,0.0563282826029778,2007-03-01
4676,9248,0.072813729045035,2007-03-01
4677,11584,0.0724278913086595,2007-03-01
4678,11672,0.0610204446541997,2007-03-01
4679,12459,0.0568005736790737,2007-03-01
4680,29015,0.0571045548331792,2007-03-01
4681,29736,0.0720531388539289,2007-03-01
4682,30259,0.0516300220111313,2007-03-01
4683,31846,0.0497126789445268,2007-03-01
4684,64768,0.0516899109732762,2007-03-01
4685,145049,0.0748257946646644,2007-03-01
4686,165052,0.0475697132585598,2007-03-01
4687,165914,0.0585889569662479,2007-03-01
4688,175319,0.0611784410680345,2007-03-01
4689,7906,0.0286319460719823,2007-06-01
4690,9248,0.0372443571686744,2007-06-01
4691,9611,0.0286851972341537,2007-06-01
4692,11060,0.0289430487900972,2007-06-01
4693,11300,0.0306160040199756,2007-06-01
4694,12459,0.0450935512781143,2007-06-01
4695,23809,0.0407166071236133,2007-06-01
4696,25434,0.036081027239561,2007-06-01
4697,28742,0.0343170650303363,2007-06-01
4698,29015,0.0696843788027763,2007-06-01
4699,29736,0.0311082415282726,2007-06-01
4700,30259,0.0378796011209487,2007-06-01
4701,31846,0.0401956252753734,2007-06-01
4702,64768,0.0532046891748905,2007-06-01
4703,64891,0.0318246372044086,2007-06-01
4704,145049,0.0286851972341537,2007-06-01
4705,165052,0.0304465759545564,2007-06-01
4706,175319,0.0532046891748905,2007-06-01
4707,2436,0.0384660633928497,2007-09-04
4708,3964,0.045992467113196,2007-09-04
4709,4839,0.0576031953126538,2007-09-04
4710,5680,0.0353082114531968,2007-09-04
4711,6733,0.0481544855936763,2007-09-04
4712,7906,0.0309056185798846,2007-09-04
4713,9063,0.0403362424338981,2007-09-04
4714,9248,0.0540403585830393,2007-09-04
4715,11672,0.0339314877359806,2007-09-04
4716,12459,0.0343502132448075,2007-09-04
4717,25434,0.0309876730763069,2007-09-04
4718,29015,0.0387575504898195,2007-09-04
4719,29736,0.0610708436785018,2007-09-04
4720,30259,0.0310817637855261,2007-09-04
4721,64410,0.0321011337892638,2007-09-04
4722,64768,0.0358827402899651,2007-09-04
4723,165914,0.0467417143922229,2007-09-04
4724,175319,0.042834211266352,2007-09-04
4725,2436,0.0588168792048202,2007-12-03
4726,2444,0.043321039002408,2007-12-03
4727,3964,0.0432137734514854,2007-12-03
4728,5234,0.0415905328935873,2007-12-03
4729,5680,0.0434336479905353,2007-12-03
4730,6649,0.0392700902808514,2007-12-03
4731,6733,0.0389570936908507,2007-12-03
4732,9063,0.0654505281194731,2007-12-03
4733,9248,0.0622940620196238,2007-12-03
4734,11672,0.0486609404812908,2007-12-03
4735,12459,0.0562564868924575,2007-12-03
4736,14624,0.0412000259060847,2007-12-03
4737,24032,0.0408964818539235,2007-12-03
4738,25434,0.0392479270758766,2007-12-03
4739,29015,0.0486786569178497,2007-12-03
4740,29736,0.0601004682881803,2007-12-03
4741,165914,0.0528834017298106,2007-12-03
4742,175319,0.0495632997646858,2007-12-03
4743,3964,0.0712457373738288,2008-03-03
4744,4839,0.0622976049780845,2008-03-03
4745,6669,0.0760723277926445,2008-03-03
4746,6733,0.0597771815955638,2008-03-03
4747,8823,0.0518812574446201,2008-03-03
4748,9063,0.0515540950000286,2008-03-03
4749,9248,0.0605962499976158,2008-03-03
4750,9611,0.0493864901363849,2008-03-03
4751,11672,0.0605962499976158,2008-03-03
4752,12459,0.0498148202896118,2008-03-03
4753,12689,0.0977461487054824,2008-03-03
4754,25119,0.0538354665040969,2008-03-03
4755,25434,0.054501362144947,2008-03-03
4756,29736,0.0554322004318237,2008-03-03
4757,30259,0.050193041563034,2008-03-03
4758,64768,0.0544729977846145,2008-03-03
4759,165914,0.0498068556189537,2008-03-03
4760,175319,0.0513021945953369,2008-03-03
4761,2290,0.0408966597090197,2008-06-02
4762,2436,0.036665749163095,2008-06-02
4763,4839,0.0428064107861412,2008-06-02
4764,5234,0.042519785759936,2008-06-02
4765,9063,0.0553410039805591,2008-06-02
4766,9248,0.0402615569875759,2008-06-02
4767,9611,0.0396422864816762,2008-06-02
4768,11672,0.0365197348038405,2008-06-02
4769,12459,0.0398617561718147,2008-06-02
4770,29015,0.0464443192914397,2008-06-02
4771,29736,0.0474994333807457,2008-06-02
4772,30259,0.0394860711075863,2008-06-02
4773,31846,0.0445859093616315,2008-06-02
4774,64768,0.0368348735483229,2008-06-02
4775,140541,0.0409343983329432,2008-06-02
4776,145977,0.0400595762628157,2008-06-02
4777,165914,0.0571897376854985,2008-06-02
4778,175319,0.0398174049711373,2008-06-02
4779,5234,0.0429566409125148,2008-09-02
4780,5680,0.05259985538879,2008-09-02
4781,6733,0.0408449401694078,2008-09-02
4782,8551,0.0388482439706246,2008-09-02
4783,9063,0.0576437136327657,2008-09-02
4784,9248,0.0506321739695607,2008-09-02
4785,11672,0.0506757755062122,2008-09-02
4786,25434,0.0469979772031846,2008-09-02
4787,29015,0.0511688169507086,2008-09-02
4788,29736,0.0621413302292629,2008-09-02
4789,30259,0.0544704120475201,2008-09-02
4790,64768,0.0424146011932886,2008-09-02
4791,114524,0.0445498671321171,2008-09-02
4792,140541,0.0425778592701695,2008-09-02
4793,141459,0.0480042565748802,2008-09-02
4794,145049,0.0442708948130896,2008-09-02
4795,165914,0.055479768873148,2008-09-02
4796,175319,0.0524806694796915,2008-09-02
4797,2436,0.0603219913706681,2008-12-01
4798,5234,0.0610557650184433,2008-12-01
4799,8551,0.0490225266359982,2008-12-01
4800,11672,0.04966718792297,2008-12-01
4801,15520,0.0516170811926794,2008-12-01
4802,28118,0.0482809682426283,2008-12-01
4803,28191,0.0484786026303078,2008-12-01
4804,29015,0.0602730081642444,2008-12-01
4805,29736,0.056939175149523,2008-12-01
4806,30259,0.0692279029126366,2008-12-01
4807,64410,0.058724785493458,2008-12-01
4808,114524,0.0657142269155205,2008-12-01
4809,141459,0.0599530497617665,2008-12-01
4810,145049,0.0719365188362398,2008-12-01
4811,165052,0.0522150356814814,2008-12-01
4812,165914,0.0696091898802154,2008-12-01
4813,175319,0.0552933266488239,2008-12-01
4814,178015,0.0530379666696354,2008-12-01
4815,2290,0.1041548624634742,2009-03-02
4816,2436,0.0517721362411975,2009-03-02
4817,3964,0.0517721362411975,2009-03-02
4818,6733,0.0483221188187599,2009-03-02
4819,9248,0.0476532727479934,2009-03-02
4820,9611,0.0469924099743366,2009-03-02
4821,11584,0.0623771101236343,2009-03-02
4822,11672,0.0539171695709228,2009-03-02
4823,12459,0.0477138459682464,2009-03-02
4824,28191,0.055446371436119,2009-03-02
4825,29015,0.0478357970714569,2009-03-02
4826,29736,0.0441864766180515,2009-03-02
4827,63643,0.0465360581874847,2009-03-02
4828,140541,0.0526959300041198,2009-03-02
4829,145049,0.0538462698459625,2009-03-02
4830,149318,0.0541940033435821,2009-03-02
4831,165914,0.0552140213549137,2009-03-02
4832,178704,0.0437758453190326,2009-03-02
4833,2269,0.0359705643887749,2009-06-01
4834,2290,0.0587742733889895,2009-06-01
4835,2436,0.0921489471626216,2009-06-01
4836,2444,0.0336833782090762,2009-06-01
4837,3964,0.04248471616802,2009-06-01
4838,6733,0.0767840509809147,2009-06-01
4839,9611,0.0935191500143018,2009-06-01
4840,12389,0.039121376390472,2009-06-01
4841,14418,0.0784226223168091,2009-06-01
4842,25340,0.0630178738246815,2009-06-01
4843,25434,0.0290223860034671,2009-06-01
4844,29015,0.0743678728688882,2009-06-01
4845,30259,0.0679920160018328,2009-06-01
4846,64768,0.0420472774395534,2009-06-01
4847,145049,0.0464374579720831,2009-06-01
4848,149318,0.0477034077725914,2009-06-01
4849,165914,0.0554726050987495,2009-06-01
4850,178704,0.0330079385392985,2009-06-01
4851,2436,0.0545460382903416,2009-09-01
4852,3964,0.1058802867392987,2009-09-01
4853,4839,0.0359884015629662,2009-09-01
4854,5234,0.0592034370726365,2009-09-01
4855,6733,0.0809674821212997,2009-09-01
4856,7875,0.0384704976899357,2009-09-01
4857,9611,0.0487323514269116,2009-09-01
4858,11584,0.0351061935822318,2009-09-01
4859,25340,0.058411240330247,2009-09-01
4860,29015,0.0350764511517698,2009-09-01
4861,29736,0.0390822892267648,2009-09-01
4862,30259,0.0744071849014366,2009-09-01
4863,63643,0.0458109209918939,2009-09-01
4864,114524,0.0500390518941521,2009-09-01
4865,141459,0.0384364446370736,2009-09-01
4866,145049,0.0408579619262347,2009-09-01
4867,165914,0.0834361210152985,2009-09-01
4868,178015,0.0360454729032788,2009-09-01
4869,2436,0.0054805977516935,2009-12-01
4870,4839,0.0326669579854244,2009-12-01
4871,6733,0.0123059318181375,2009-12-01
4872,7116,0.0099650935475338,2009-12-01
4873,9248,0.0209620642427545,2009-12-01
4874,9611,0.0376135967659409,2009-12-01
4875,11672,0.0194866860337791,2009-12-01
4876,25434,0.025484470448519,2009-12-01
4877,29015,0.0356197206199932,2009-12-01
4878,29736,0.0323431234947422,2009-12-01
4879,30259,0.0238016790055044,2009-12-01
4880,64410,0.0131294119176888,2009-12-01
4881,64768,0.023855664416044,2009-12-01
4882,114524,0.0240402840619299,2009-12-01
4883,141459,0.0100265794652752,2009-12-01
4884,145049,0.0488169490844497,2009-12-01
4885,165052,0.0421639118203291,2009-12-01
4886,165914,0.0325484131546338,2009-12-01
4887,175319,0.0164751702580558,2009-12-01
4888,2184,0.0075283263061095,2010-03-01
4889,4839,0.0213765934506319,2010-03-01
4890,6733,0.0205438630441976,2010-03-01
4891,9248,0.023119231013349,2010-03-01
4892,9611,0.0198049232635333,2010-03-01
4893,11584,0.0119215686183472,2010-03-01
4894,11672,0.0215310852090441,2010-03-01
4895,25340,0.0049371699264172,2010-03-01
4896,25434,0.0165330113271959,2010-03-01
4897,29015,0.0349761735325402,2010-03-01
4898,29736,0.0306185980408084,2010-03-01
4899,30259,0.0120441255372668,2010-03-01
4900,31846,0.0043764720232261,2010-03-01
4901,64410,0.0091106831846694,2010-03-01
4902,64768,0.0134829118204248,2010-03-01
4903,114524,0.032746934492442,2010-03-01
4904,145049,0.0615843698452269,2010-03-01
4905,165052,0.0419180848338705,2010-03-01
4906,165914,0.0291044055946474,2010-03-01
4907,2269,0.0265454115103168,2010-06-01
4908,2290,0.0154670574806638,2010-06-01
4909,4839,0.0630200206230151,2010-06-01
4910,5234,0.0277552442569798,2010-06-01
4911,6733,0.0109806193209618,2010-06-01
4912,8823,0.0077001559131671,2010-06-01
4913,9611,0.0429392958223474,2010-06-01
4914,23809,0.0150409986592368,2010-06-01
4915,25434,0.0118534483285397,2010-06-01
4916,29015,0.0200646535206265,2010-06-01
4917,29736,0.0147829964042273,2010-06-01
4918,30259,0.0291819434603794,2010-06-01
4919,31846,0.006027475762915,2010-06-01
4920,64410,0.0127173249150703,2010-06-01
4921,114524,0.0205822511983836,2010-06-01
4922,145049,0.0527257038925088,2010-06-01
4923,165052,0.0345700374214739,2010-06-01
4924,165914,0.0287322631817285,2010-06-01
4925,175319,0.011314707229566,2010-06-01
4926,2269,0.0308021599440668,2010-09-01
4927,2290,0.0403818212903291,2010-09-01
4928,2436,0.0390692071964583,2010-09-01
4929,4839,0.0859180928273269,2010-09-01
4930,5234,0.0476459526728231,2010-09-01
4931,6733,0.0378652537717323,2010-09-01
4932,7875,0.0308844887326566,2010-09-01
4933,8823,0.0394742928159773,2010-09-01
4934,9611,0.0651861238172393,2010-09-01
4935,12689,0.0495860511895942,2010-09-01
4936,14418,0.0683234271572831,2010-09-01
4937,25340,0.0330606257387728,2010-09-01
4938,29736,0.066932877983978,2010-09-01
4939,30259,0.040293054711944,2010-09-01
4940,64410,0.0318995875825806,2010-09-01
4941,145049,0.0651945491071738,2010-09-01
4942,165052,0.0299711937123624,2010-09-01
4943,175319,0.0565704787229935,2010-09-01
4944,184996,0.0332964424943727,2010-09-01
4945,2269,0.0354295638743342,2010-12-01
4946,2290,0.0290343742621528,2010-12-01
4947,2436,0.0412189463344495,2010-12-01
4948,4839,0.0771560764829386,2010-12-01
4949,5073,0.0290583663966553,2010-12-01
4950,5234,0.0708430871164098,2010-12-01
4951,7116,0.0264291352858554,2010-12-01
4952,8823,0.0611535006816031,2010-12-01
4953,9611,0.063252303183778,2010-12-01
4954,14418,0.0289965994481696,2010-12-01
4955,25340,0.0531640249661896,2010-12-01
4956,29015,0.0296973522375701,2010-12-01
4957,29736,0.0443563551543886,2010-12-01
4958,30259,0.0496997242923203,2010-12-01
4959,141459,0.032637098741739,2010-12-01
4960,145049,0.0798015110390406,2010-12-01
4961,165052,0.0291062220320869,2010-12-01
4962,175319,0.057332283453509,2010-12-01
4963,184996,0.0399874477752842,2010-12-01
4964,2269,0.0502345427771194,2011-03-01
4965,2290,0.0404552579978928,2011-03-01
4966,2436,0.0334186095692582,2011-03-01
4967,3964,0.0365840538229225,2011-03-01
4968,4839,0.0676203046345739,2011-03-01
4969,5234,0.0483061122990288,2011-03-01
4970,6733,0.0338803248007222,2011-03-01
4971,8823,0.0907573540202035,2011-03-01
4972,9611,0.071442800397656,2011-03-01
4973,11584,0.0385803154377936,2011-03-01
4974,14418,0.0423660887304836,2011-03-01
4975,14624,0.045736345165628,2011-03-01
4976,24032,0.0392319386358748,2011-03-01
4977,25340,0.0440051074407448,2011-03-01
4978,29736,0.0559490881614032,2011-03-01
4979,30259,0.0718033566371587,2011-03-01
4980,145049,0.1056601660604529,2011-03-01
4981,175319,0.055941488362874,2011-03-01
4982,184996,0.0527802409794543,2011-03-01
4983,2269,0.0460446203109756,2011-06-01
4984,2290,0.081452035142766,2011-06-01
4985,2436,0.0716319206195511,2011-06-01
4986,4839,0.0561768011033152,2011-06-01
4987,5073,0.0299905725164934,2011-06-01
4988,5234,0.0380025536500454,2011-06-01
4989,8823,0.0586213837467829,2011-06-01
4990,9611,0.0576691212341601,2011-06-01
4991,12689,0.0397996611693301,2011-06-01
4992,14418,0.0322909385712678,2011-06-01
4993,14624,0.0280710501182829,2011-06-01
4994,23809,0.0266034250184571,2011-06-01
4995,25340,0.0276587306640629,2011-06-01
4996,29736,0.0322493896017629,2011-06-01
4997,30259,0.029025915227067,2011-06-01
4998,145049,0.0696335199446057,2011-06-01
4999,165914,0.0287281929392527,2011-06-01
5000,175319,0.0511007998090635,2011-06-01
5001,184996,0.0467562286450268,2011-06-01
5002,2269,0.101397581398487,2011-09-01
5003,2290,0.0683567374944686,2011-09-01
5004,2436,0.0700976625084877,2011-09-01
5005,2444,0.0377058126032352,2011-09-01
5006,4839,0.0333566702902317,2011-09-01
5007,5073,0.0380639545619487,2011-09-01
5008,7875,0.0441686548292636,2011-09-01
5009,8823,0.0519229620695114,2011-09-01
5010,9611,0.0409371182322502,2011-09-01
5011,12689,0.0772022008895874,2011-09-01
5012,14418,0.0477620847523212,2011-09-01
5013,25340,0.0517565868794918,2011-09-01
5014,29015,0.0712188184261322,2011-09-01
5015,30259,0.0367483496665954,2011-09-01
5016,61420,0.0316685624420642,2011-09-01
5017,145049,0.0352221243083477,2011-09-01
5018,165914,0.0311768073588609,2011-09-01
5019,175319,0.0291156619787216,2011-09-01
5020,184996,0.0593271367251873,2011-09-01
5021,2290,0.1149871899467478,2011-12-01
5022,2436,0.1020451762021401,2011-12-01
5023,4839,0.0688785136312062,2011-12-01
5024,5073,0.0475935859445186,2011-12-01
5025,5234,0.0525437930423016,2011-12-01
5026,8823,0.098496229687892,2011-12-01
5027,9611,0.0628805158742506,2011-12-01
5028,12689,0.0874222890311364,2011-12-01
5029,14418,0.0865005123544455,2011-12-01
5030,14624,0.046828041927855,2011-12-01
5031,24032,0.0609656537314555,2011-12-01
5032,30259,0.054713822714199,2011-12-01
5033,64410,0.0486443773302142,2011-12-01
5034,118122,0.0644684717147471,2011-12-01
5035,141459,0.0485479561647633,2011-12-01
5036,145049,0.0673051392025226,2011-12-01
5037,165914,0.0607823629386306,2011-12-01
5038,175319,0.0837842591276728,2011-12-01
5039,184996,0.0862321019793851,2011-12-01
5040,2290,0.1635866165161132,2012-03-01
5041,2436,0.0801642090082168,2012-03-01
5042,3964,0.0810568481683731,2012-03-01
5043,4839,0.0619456395506858,2012-03-01
5044,7116,0.057951558381319,2012-03-01
5045,8823,0.0919831022620201,2012-03-01
5046,9611,0.0818958058953285,2012-03-01
5047,11584,0.0646581277251243,2012-03-01
5048,14418,0.1681320667266845,2012-03-01
5049,24032,0.0592910349369049,2012-03-01
5050,28191,0.0721615999937057,2012-03-01
5051,29015,0.0654972419142723,2012-03-01
5052,61420,0.0654281601309776,2012-03-01
5053,114524,0.0670288428664207,2012-03-01
5054,119314,0.0582408308982849,2012-03-01
5055,145049,0.1094249412417411,2012-03-01
5056,161844,0.0654356926679611,2012-03-01
5057,175319,0.1091547980904579,2012-03-01
5058,183366,0.0569429993629455,2012-03-01
5059,184996,0.2662111520767212,2012-03-01
5060,2269,0.0554697401821613,2012-06-01
5061,4839,0.0937138497829437,2012-06-01
5062,5234,0.1179128289222717,2012-06-01
5063,5518,0.0472787618637084,2012-06-01
5064,8823,0.0589562244713306,2012-06-01
5065,9611,0.054703950881958,2012-06-01
5066,12689,0.1404322981834411,2012-06-01
5067,14418,0.0810761749744415,2012-06-01
5068,25434,0.0438922308385372,2012-06-01
5069,29015,0.1072352454066276,2012-06-01
5070,29736,0.0532675348222255,2012-06-01
5071,119314,0.1089922785758972,2012-06-01
5072,141459,0.0653681233525276,2012-06-01
5073,145049,0.0663083791732788,2012-06-01
5074,149318,0.0529965385794639,2012-06-01
5075,165914,0.0768353193998336,2012-06-01
5076,175319,0.0911803916096687,2012-06-01
5077,178015,0.1222260072827339,2012-06-01
5078,183366,0.0507726147770881,2012-06-01
5079,184996,0.1488843709230423,2012-06-01
5080,2290,0.0871508111837057,2012-09-04
5081,4839,0.0487500732565992,2012-09-04
5082,5073,0.0405783235554742,2012-09-04
5083,5234,0.0445499808505175,2012-09-04
5084,11584,0.0393138623069853,2012-09-04
5085,14418,0.0687693500370657,2012-09-04
5086,29015,0.0742759124487463,2012-09-04
5087,29150,0.0459312711807025,2012-09-04
5088,29736,0.0404686432460771,2012-09-04
5089,30259,0.0509350269538625,2012-09-04
5090,64410,0.0508355310168015,2012-09-04
5091,64891,0.0411622891431077,2012-09-04
5092,118122,0.0401136987301575,2012-09-04
5093,119314,0.038295513967628,2012-09-04
5094,141459,0.0414383006514248,2012-09-04
5095,145049,0.0627999524942736,2012-09-04
5096,165914,0.0636244737801384,2012-09-04
5097,175319,0.0596669645772183,2012-09-04
5098,178015,0.0409576075046254,2012-09-04
5099,184996,0.0660092118733839,2012-09-04
5100,2184,0.0502965969653657,2012-12-03
5101,2290,0.0615648945302137,2012-12-03
5102,4839,0.0615169373130448,2012-12-03
5103,5234,0.0434280268365129,2012-12-03
5104,5518,0.039491100315255,2012-12-03
5105,11584,0.0441752267826776,2012-12-03
5106,14418,0.0772586616815364,2012-12-03
5107,29015,0.0627581124967643,2012-12-03
5108,29150,0.0456355953862765,2012-12-03
5109,64410,0.0413877956255586,2012-12-03
5110,64891,0.043322853339422,2012-12-03
5111,114524,0.0404483912047324,2012-12-03
5112,119314,0.0439363774410751,2012-12-03
5113,141459,0.0413740989922706,2012-12-03
5114,145049,0.0764320851367992,2012-12-03
5115,165914,0.0596907015191662,2012-12-03
5116,175319,0.0568744482905901,2012-12-03
5117,178015,0.0435252379998341,2012-12-03
5118,183366,0.0384662694967663,2012-12-03
5119,184996,0.085310360623727,2012-12-03
5120,2290,0.0507112216384035,2013-03-01
5121,4839,0.0673208375645566,2013-03-01
5122,5234,0.050492407544472,2013-03-01
5123,7906,0.0494098900753897,2013-03-01
5124,11584,0.0650116888165577,2013-03-01
5125,24032,0.0563785473349316,2013-03-01
5126,29015,0.0810848385335518,2013-03-01
5127,29150,0.0560030298764484,2013-03-01
5128,63643,0.053151726145399,2013-03-01
5129,64891,0.0491599260059455,2013-03-01
5130,119314,0.054175946853913,2013-03-01
5131,140541,0.0511422545810006,2013-03-01
5132,141459,0.0517532631934026,2013-03-01
5133,145049,0.0832990782839012,2013-03-01
5134,165914,0.0726526749189848,2013-03-01
5135,175319,0.0555531541332151,2013-03-01
5136,178015,0.0543518841431784,2013-03-01
5137,178704,0.0491250657912379,2013-03-01
5138,184996,0.0616435929208789,2013-03-01
5139,198058,0.0586830824214842,2013-03-01
5140,2290,0.0363475205274231,2013-06-03
5141,4839,0.0281453608960175,2013-06-03
5142,5518,0.0339582110039371,2013-06-03
5143,7906,0.0386969267367112,2013-06-03
5144,9248,0.0274761569536209,2013-06-03
5145,11584,0.0423292451834067,2013-06-03
5146,29015,0.0366785576522995,2013-06-03
5147,29150,0.0405255563739189,2013-06-03
5148,63643,0.0376908660467322,2013-06-03
5149,119314,0.0403122207755234,2013-06-03
5150,140541,0.0380694010272154,2013-06-03
5151,141459,0.0438391748256606,2013-06-03
5152,145049,0.036591811474271,2013-06-03
5153,149318,0.0335538897889452,2013-06-03
5154,165052,0.0327820457219249,2013-06-03
5155,165914,0.0644895427392828,2013-06-03
5156,178015,0.0389775870429532,2013-06-03
5157,178704,0.0292744941886932,2013-06-03
5158,184996,0.0398367039132211,2013-06-03
5159,198058,0.0437271295605198,2013-06-03
5160,2290,0.0384007681398586,2013-09-03
5161,4839,0.0361634313423704,2013-09-03
5162,5234,0.0368696681590999,2013-09-03
5163,7906,0.0407359508685066,2013-09-03
5164,9248,0.0337693829435281,2013-09-03
5165,11584,0.0386729452822165,2013-09-03
5166,11672,0.0387016458237353,2013-09-03
5167,29015,0.0365932649180332,2013-09-03
5168,29150,0.0499060042160037,2013-09-03
5169,29736,0.0429580146178452,2013-09-03
5170,64410,0.0388767032489364,2013-09-03
5171,119314,0.0388348018137146,2013-09-03
5172,140541,0.0419333027374087,2013-09-03
5173,141459,0.0440699588408279,2013-09-03
5174,145049,0.0342294403099496,2013-09-03
5175,165914,0.063757580113642,2013-09-03
5176,178015,0.038999054991893,2013-09-03
5177,178704,0.038418423044219,2013-09-03
5178,183366,0.0354586248349975,2013-09-03
5179,198058,0.0458383570819853,2013-09-03
5180,2269,0.0420178978918704,2013-12-02
5181,2436,0.0341657243976426,2013-12-02
5182,4839,0.0367628913939514,2013-12-02
5183,5234,0.04258123696729,2013-12-02
5184,6649,0.0341016432961346,2013-12-02
5185,9611,0.0337039031074796,2013-12-02
5186,11672,0.0420005381367947,2013-12-02
5187,14418,0.037271051699985,2013-12-02
5188,25340,0.0334361202533301,2013-12-02
5189,29150,0.0361540780514865,2013-12-02
5190,63643,0.0439216503536666,2013-12-02
5191,64410,0.0338201498715505,2013-12-02
5192,64891,0.0331043607330398,2013-12-02
5193,119314,0.0396938606888396,2013-12-02
5194,145049,0.0520569744687896,2013-12-02
5195,165914,0.0485215161136375,2013-12-02
5196,178015,0.0371788000422539,2013-12-02
5197,183366,0.0425145684326393,2013-12-02
5198,184996,0.0740291554169915,2013-12-02
5199,198058,0.0385614581673925,2013-12-02
5200,2184,0.050834844188493,2014-03-03
5201,3964,0.04477119825778,2014-03-03
5202,4839,0.075334900820109,2014-03-03
5203,5234,0.0526598382482527,2014-03-03
5204,6733,0.041008303505857,2014-03-03
5205,8823,0.0409109031341041,2014-03-03
5206,11584,0.0466493408633899,2014-03-03
5207,11672,0.0422969518964726,2014-03-03
5208,14418,0.0596894128127624,2014-03-03
5209,14624,0.055612714649103,2014-03-03
5210,24032,0.0436920917518075,2014-03-03
5211,29150,0.0546895893843624,2014-03-03
5212,30259,0.0747437141037801,2014-03-03
5213,119314,0.0420359187112319,2014-03-03
5214,145049,0.0817601891015461,2014-03-03
5215,165914,0.0525183551492627,2014-03-03
5216,178015,0.0417716942348374,2014-03-03
5217,178704,0.0503480535182945,2014-03-03
5218,184996,0.0540062757747107,2014-03-03
5219,198058,0.0427052305976245,2014-03-03
5220,2184,0.0524582758287736,2014-06-02
5221,3964,0.0402375084261355,2014-06-02
5222,4839,0.0555451342224242,2014-06-02
5223,5234,0.062765870048026,2014-06-02
5224,7116,0.049363357509374,2014-06-02
5225,9248,0.0409365098548628,2014-06-02
5226,11300,0.0425532329776426,2014-06-02
5227,11672,0.0453548524267929,2014-06-02
5228,12689,0.0465015200169338,2014-06-02
5229,14624,0.0433485508983682,2014-06-02
5230,29736,0.0433905211792123,2014-06-02
5231,63643,0.0542622765871033,2014-06-02
5232,64410,0.0436836461454859,2014-06-02
5233,114524,0.0434425504088894,2014-06-02
5234,145049,0.0637715449443289,2014-06-02
5235,149318,0.0484886377886454,2014-06-02
5236,165914,0.0498538076719815,2014-06-02
5237,178704,0.0409714342767193,2014-06-02
5238,184996,0.0563019848632041,2014-06-02
5239,198058,0.042897536659554,2014-06-02
5240,2269,0.0595650208514543,2014-12-01
5241,5234,0.0455948207741559,2014-12-01
5242,9611,0.0439443953289936,2014-12-01
5243,11672,0.0489556275280076,2014-12-01
5244,14418,0.0493548700571109,2014-12-01
5245,14624,0.0449884001526109,2014-12-01
5246,21808,0.0917391846599635,2014-12-01
5247,30259,0.0529095096597744,2014-12-01
5248,61420,0.0436919423549072,2014-12-01
5249,64410,0.044172388060236,2014-12-01
5250,65417,0.0450485133238292,2014-12-01
5251,119314,0.0502767589461284,2014-12-01
5252,140541,0.0451765983267828,2014-12-01
5253,145049,0.0536191177299786,2014-12-01
5254,149318,0.059009044922727,2014-12-01
5255,161844,0.0455781973287283,2014-12-01
5256,165914,0.0519802508404138,2014-12-01
5257,178015,0.0510566718493524,2014-12-01
5258,184996,0.0599070190798418,2014-12-01
5259,198058,0.045747993862772,2014-12-01
5260,2184,0.0466715436945068,2015-03-02
5261,2269,0.0540476392392101,2015-03-02
5262,5234,0.0474083033084548,2015-03-02
5263,6733,0.052935145883622,2015-03-02
5264,7116,0.046733500865676,2015-03-02
5265,11672,0.0490957477110303,2015-03-02
5266,14418,0.0649024595582448,2015-03-02
5267,14624,0.0574119229620505,2015-03-02
5268,21808,0.1102389592884375,2015-03-02
5269,30259,0.0549739976156895,2015-03-02
5270,119314,0.0490219761589386,2015-03-02
5271,140541,0.0504385936876008,2015-03-02
5272,145049,0.0736894446839553,2015-03-02
5273,149318,0.0503518574665201,2015-03-02
5274,165052,0.0474301349048643,2015-03-02
5275,165914,0.0519452695625013,2015-03-02
5276,178015,0.0509921931719553,2015-03-02
5277,183366,0.0520945573094109,2015-03-02
5278,184996,0.0535164083069329,2015-03-02
5279,198058,0.0534925622324025,2015-03-02
5280,2269,0.0403959891611556,2015-06-01
5281,3964,0.0408177319965657,2015-06-01
5282,4839,0.0499658818246301,2015-06-01
5283,7116,0.0517255361484769,2015-06-01
5284,9248,0.0366411241550708,2015-06-01
5285,11672,0.0396622276183272,2015-06-01
5286,14418,0.0359685208965643,2015-06-01
5287,21808,0.0907850980106497,2015-06-01
5288,23238,0.0710385119526732,2015-06-01
5289,29015,0.050797767246182,2015-06-01
5290,63643,0.0579965176989018,2015-06-01
5291,119314,0.0454052952784317,2015-06-01
5292,140541,0.0533546126459474,2015-06-01
5293,145049,0.0579205468736795,2015-06-01
5294,149318,0.0362727995882843,2015-06-01
5295,165914,0.0520382858163938,2015-06-01
5296,178704,0.0389512588428632,2015-06-01
5297,183366,0.0374789105286928,2015-06-01
5298,184996,0.0477117370582448,2015-06-01
5299,198058,0.0398027162091577,2015-06-01
5300,2184,0.0312740020453929,2015-09-01
5301,2269,0.0312740020453929,2015-09-01
5302,4839,0.0361822582781314,2015-09-01
5303,5073,0.0312740020453929,2015-09-01
5304,5234,0.0312740020453929,2015-09-01
5305,7116,0.0312740020453929,2015-09-01
5306,8823,0.0312740020453929,2015-09-01
5307,9611,0.0312740020453929,2015-09-01
5308,15520,0.033509038388729,2015-09-01
5309,21808,0.0357317738234996,2015-09-01
5310,23238,0.060114249587059,2015-09-01
5311,25340,0.0312740020453929,2015-09-01
5312,28118,0.033509038388729,2015-09-01
5313,29015,0.0312740020453929,2015-09-01
5314,29736,0.0312740020453929,2015-09-01
5315,104432,0.0316886603832244,2015-09-01
5316,114524,0.0312740020453929,2015-09-01
5317,140541,0.0312740020453929,2015-09-01
5318,141459,0.0316886603832244,2015-09-01
5319,165914,0.0554250627756118,2015-09-01
5320,175319,0.0312740020453929,2015-09-01
5321,178015,0.0476345457136631,2015-09-01
5322,183366,0.0316886603832244,2015-09-01
5323,198058,0.0476345457136631,2015-09-01
5324,245918,0.0411812327802181,2015-09-01
5325,4839,0.0291634872555732,2015-12-01
5326,7116,0.0283976476639509,2015-12-01
5327,8551,0.0282532423734664,2015-12-01
5328,11300,0.0302700921893119,2015-12-01
5329,11584,0.0337460711598396,2015-12-01
5330,13498,0.0282532423734664,2015-12-01
5331,14418,0.0290698427706956,2015-12-01
5332,23238,0.0545061938464641,2015-12-01
5333,28118,0.0316680595278739,2015-12-01
5334,28191,0.0282532423734664,2015-12-01
5335,29015,0.0398496389389038,2015-12-01
5336,63643,0.0320742912590503,2015-12-01
5337,64768,0.0282532423734664,2015-12-01
5338,104432,0.0282532423734664,2015-12-01
5339,114524,0.0297325868159532,2015-12-01
5340,119314,0.0285474732518196,2015-12-01
5341,140541,0.0297325868159532,2015-12-01
5342,141459,0.0295881815254688,2015-12-01
5343,165914,0.0371296778321266,2015-12-01
5344,178015,0.0351209565997123,2015-12-01
5345,183366,0.0282532423734664,2015-12-01
5346,198058,0.0365984328091144,2015-12-01
5347,2184,0.0286800973117351,2016-03-01
5348,2269,0.0309764668345451,2016-03-01
5349,2436,0.0286800973117351,2016-03-01
5350,2444,0.0286800973117351,2016-03-01
5351,3964,0.0286800973117351,2016-03-01
5352,4839,0.0357783362269401,2016-03-01
5353,5125,0.0286800973117351,2016-03-01
5354,5234,0.0286800973117351,2016-03-01
5355,6669,0.0286800973117351,2016-03-01
5356,7116,0.0287711396813392,2016-03-01
5357,7906,0.0286800973117351,2016-03-01
5358,7922,0.0286800973117351,2016-03-01
5359,8823,0.0291971508413553,2016-03-01
5360,9063,0.0286800973117351,2016-03-01
5361,9248,0.0286800973117351,2016-03-01
5362,9611,0.0286800973117351,2016-03-01
5363,11060,0.0286800973117351,2016-03-01
5364,11300,0.0353565216064453,2016-03-01
5365,11584,0.0356536544859409,2016-03-01
5366,11672,0.0286800973117351,2016-03-01
5367,12689,0.0312078315764665,2016-03-01
5368,14418,0.0291971508413553,2016-03-01
5369,15520,0.0357447043061256,2016-03-01
5370,23238,0.0319180190563201,2016-03-01
5371,25283,0.0286800973117351,2016-03-01
5372,25340,0.0286800973117351,2016-03-01
5373,25434,0.0286800973117351,2016-03-01
5374,28191,0.0291971508413553,2016-03-01
5375,29150,0.0286800973117351,2016-03-01
5376,31846,0.0286800973117351,2016-03-01
5377,64410,0.0286800973117351,2016-03-01
5378,64891,0.0286800973117351,2016-03-01
5379,65417,0.0286800973117351,2016-03-01
5380,114524,0.0286800973117351,2016-03-01
5381,140541,0.0286800973117351,2016-03-01
5382,145049,0.0321401804685592,2016-03-01
5383,149318,0.0286800973117351,2016-03-01
5384,161844,0.0286800973117351,2016-03-01
5385,165052,0.0286800973117351,2016-03-01
5386,175319,0.0286800973117351,2016-03-01
5387,178015,0.0356536544859409,2016-03-01
5388,183366,0.0291971508413553,2016-03-01
5389,198058,0.0356536544859409,2016-03-01
5390,245918,0.0316858142614364,2016-03-01
5391,2184,0.0292501840740442,2016-06-01
5392,2436,0.0292501840740442,2016-06-01
5393,5234,0.0340249203145504,2016-06-01
5394,6733,0.0290626138448715,2016-06-01
5395,7875,0.0351263545453548,2016-06-01
5396,8823,0.0285160280764102,2016-06-01
5397,9611,0.0285160280764102,2016-06-01
5398,11300,0.0330708026885986,2016-06-01
5399,11584,0.0360563285648822,2016-06-01
5400,15520,0.0344079732894897,2016-06-01
5401,21808,0.0292501840740442,2016-06-01
5402,23238,0.0493129976093769,2016-06-01
5403,23809,0.0292370151728391,2016-06-01
5404,25283,0.0292501840740442,2016-06-01
5405,28118,0.0341950058937072,2016-06-01
5406,28742,0.0292501840740442,2016-06-01
5407,29015,0.0597731210291385,2016-06-01
5408,29736,0.0285160280764102,2016-06-01
5409,63643,0.0292501840740442,2016-06-01
5410,114524,0.0366884469985961,2016-06-01
5411,175319,0.0285160280764102,2016-06-01
5412,198058,0.0349898003041744,2016-06-01
5413,245918,0.0327895320951938,2016-06-01
5414,2436,0.0290754251182079,2016-09-01
5415,3905,0.0290754251182079,2016-09-01
5416,5073,0.0290754251182079,2016-09-01
5417,6733,0.0266302060335874,2016-09-01
5418,9248,0.0261554364114999,2016-09-01
5419,9611,0.0301423501223325,2016-09-01
5420,11584,0.0283492300659418,2016-09-01
5421,11672,0.0261554364114999,2016-09-01
5422,12689,0.029621509835124,2016-09-01
5423,14418,0.0301423501223325,2016-09-01
5424,15520,0.0272184908390045,2016-09-01
5425,21808,0.0301423501223325,2016-09-01
5426,23238,0.0299980249255895,2016-09-01
5427,25340,0.0261554364114999,2016-09-01
5428,29015,0.0305099077522754,2016-09-01
5429,31846,0.0261554364114999,2016-09-01
5430,63643,0.0301423501223325,2016-09-01
5431,65417,0.0266302060335874,2016-09-01
5432,104432,0.0261554364114999,2016-09-01
5433,114524,0.0298430807888507,2016-09-01
5434,175319,0.0305099077522754,2016-09-01
5435,178015,0.0333587042987346,2016-09-01
5436,245918,0.0290754251182079,2016-09-01
5437,3964,0.0303801409900188,2016-12-01
5438,4839,0.0393653251230716,2016-12-01
5439,6733,0.0304401256144046,2016-12-01
5440,9063,0.0294649563729763,2016-12-01
5441,9611,0.0343756377696991,2016-12-01
5442,12459,0.0303369257599115,2016-12-01
5443,13498,0.0294649563729763,2016-12-01
5444,21808,0.0343756377696991,2016-12-01
5445,23238,0.0316089615225791,2016-12-01
5446,23809,0.0304401256144046,2016-12-01
5447,29015,0.0338424742221832,2016-12-01
5448,29736,0.0351985618472099,2016-12-01
5449,31846,0.0312930978834629,2016-12-01
5450,63643,0.0379982218146324,2016-12-01
5451,104432,0.0313131250441074,2016-12-01
5452,114524,0.0327897332608699,2016-12-01
5453,145049,0.0441751964390277,2016-12-01
5454,175319,0.0338424742221832,2016-12-01
5455,178015,0.030952489003539,2016-12-01
5456,184996,0.030939295887947,2016-12-01
5457,245918,0.0338424742221832,2016-12-01
5458,2184,0.0361011010116445,2017-03-01
5459,4839,0.0725748132616185,2017-03-01
5460,7116,0.0332268641408956,2017-03-01
5461,7922,0.0397683258030919,2017-03-01
5462,11584,0.0343504761649955,2017-03-01
5463,11672,0.0350477149984039,2017-03-01
5464,14624,0.0414681062455501,2017-03-01
5465,21808,0.0429371881982021,2017-03-01
5466,23238,0.0460502303635464,2017-03-01
5467,25283,0.0371786234153039,2017-03-01
5468,29015,0.0359054200154479,2017-03-01
5469,29150,0.0488204144250206,2017-03-01
5470,29736,0.0400045451420753,2017-03-01
5471,63643,0.0432777339467473,2017-03-01
5472,114524,0.0393783579988007,2017-03-01
5473,140541,0.0407044112682531,2017-03-01
5474,145049,0.0741679071731519,2017-03-01
5475,165914,0.0442892018456413,2017-03-01
5476,175319,0.0393196119712214,2017-03-01
5477,184996,0.0371893615693184,2017-03-01
5478,4839,0.0744642850987001,2017-06-01
5479,7116,0.0479863143121541,2017-06-01
5480,9611,0.0399314007755234,2017-06-01
5481,11672,0.0334178655164464,2017-06-01
5482,14624,0.0326860231484861,2017-06-01
5483,21808,0.0351338721687732,2017-06-01
5484,23238,0.03275035178242,2017-06-01
5485,28118,0.0472978051112401,2017-06-01
5486,29015,0.0431437582172896,2017-06-01
5487,29150,0.0352476230307988,2017-06-01
5488,29736,0.0497448425378419,2017-06-01
5489,63643,0.058402910815868,2017-06-01
5490,64891,0.0407206859294602,2017-06-01
5491,145049,0.0617001245963084,2017-06-01
5492,149318,0.0339360559303245,2017-06-01
5493,165052,0.0361466279391748,2017-06-01
5494,165914,0.0402073634927785,2017-06-01
5495,175319,0.0329822728538389,2017-06-01
5496,184996,0.0389983133313682,2017-06-01
5497,245918,0.0440390585787633,2017-06-01
5498,4839,0.0780157321044937,2017-09-01
5499,5680,0.0315806412885294,2017-09-01
5500,7116,0.0447361797402789,2017-09-01
5501,7922,0.0368413182974544,2017-09-01
5502,9248,0.0319727966064791,2017-09-01
5503,11672,0.0328212433066457,2017-09-01
5504,21808,0.0454793340850797,2017-09-01
5505,28118,0.098102768483997,2017-09-01
5506,29015,0.0474806822631733,2017-09-01
5507,29150,0.0454375397706602,2017-09-01
5508,29736,0.0523189560756589,2017-09-01
5509,63643,0.0436257456897002,2017-09-01
5510,140541,0.0348078549708567,2017-09-01
5511,145049,0.061659929364923,2017-09-01
5512,149318,0.0332841074231252,2017-09-01
5513,165052,0.0368195178292747,2017-09-01
5514,165914,0.0723379361721898,2017-09-01
5515,175319,0.0357096606019039,2017-09-01
5516,184996,0.0344445899939168,2017-09-01
5517,245918,0.0471757696579985,2017-09-01
5518,2184,0.0289169314291603,2017-12-01
5519,3964,0.0266559767102519,2017-12-01
5520,4839,0.0684296093442138,2017-12-01
5521,7116,0.0351071892204625,2017-12-01
5522,7922,0.0360471055570186,2017-12-01
5523,9611,0.031062389661525,2017-12-01
5524,11672,0.0380682745566923,2017-12-01
5525,14624,0.0399585956128624,2017-12-01
5526,28118,0.0751932129624406,2017-12-01
5527,29150,0.0277017284210079,2017-12-01
5528,29736,0.0390118182367411,2017-12-01
5529,30259,0.0431068971052467,2017-12-01
5530,63643,0.0285615874972148,2017-12-01
5531,114524,0.0286522335975133,2017-12-01
5532,140541,0.0297995696502023,2017-12-01
5533,145049,0.0700534085081339,2017-12-01
5534,149318,0.0308078150200931,2017-12-01
5535,165052,0.0318080430094953,2017-12-01
5536,165914,0.0662090067272355,2017-12-01
5537,175319,0.0424810750755623,2017-12-01
5538,4839,0.0703211843757082,2018-03-01
5539,5073,0.0331952569291394,2018-03-01
5540,7116,0.0447302678560783,2018-03-01
5541,7922,0.0326610319065133,2018-03-01
5542,9248,0.0312293281202858,2018-03-01
5543,9611,0.0343884433357467,2018-03-01
5544,11672,0.0358946355027487,2018-03-01
5545,12689,0.035167457999255,2018-03-01
5546,14418,0.0350122308084657,2018-03-01
5547,14624,0.0361617613160972,2018-03-01
5548,23238,0.0357611015280507,2018-03-01
5549,28118,0.0438254188106296,2018-03-01
5550,29736,0.0398642460000222,2018-03-01
5551,32930,0.0759807191141727,2018-03-01
5552,114524,0.0371511777251616,2018-03-01
5553,145049,0.0701056966993927,2018-03-01
5554,165914,0.0603546196071354,2018-03-01
5555,175319,0.0351878873542555,2018-03-01
5556,184996,0.0338243760373781,2018-03-01
5557,245918,0.0369001151316498,2018-03-01
5558,2269,0.0285852573195177,2018-06-01
5559,4839,0.0560548402970564,2018-06-01
5560,5518,0.0397903810794891,2018-06-01
5561,5680,0.0285252923305511,2018-06-01
5562,7116,0.041401666158757,2018-06-01
5563,7922,0.0285933495224543,2018-06-01
5564,9611,0.0280124088855208,2018-06-01
5565,11672,0.0290373558371189,2018-06-01
5566,14624,0.0387583545341431,2018-06-01
5567,23238,0.030915702879937,2018-06-01
5568,28118,0.0306454938415113,2018-06-01
5569,28180,0.0299162303753536,2018-06-01
5570,29015,0.0354203098697367,2018-06-01
5571,32930,0.0848083518938515,2018-06-01
5572,63643,0.0422993009499705,2018-06-01
5573,145049,0.0561426290108852,2018-06-01
5574,149318,0.0406876325127073,2018-06-01
5575,165914,0.0570899386937029,2018-06-01
5576,184996,0.0304160970509661,2018-06-01
5577,245918,0.0283497897729329,2018-06-01
5578,4839,0.0245223815021016,2018-09-04
5579,5234,0.025588490958982,2018-09-04
5580,7154,0.0291727582657674,2018-09-04
5581,7875,0.0304794762011175,2018-09-04
5582,8823,0.0318536242827746,2018-09-04
5583,11465,0.0782740871734697,2018-09-04
5584,13498,0.0255650260264347,2018-09-04
5585,14418,0.0314252447164435,2018-09-04
5586,15520,0.0629295426001798,2018-09-04
5587,23238,0.0557665269747793,2018-09-04
5588,23809,0.031154352030464,2018-09-04
5589,28118,0.0290910987033364,2018-09-04
5590,29015,0.025051057389705,2018-09-04
5591,32930,0.1321324945792874,2018-09-04
5592,63643,0.0346724699928431,2018-09-04
5593,65417,0.0320419851936217,2018-09-04
5594,145049,0.2035352397126033,2018-09-04
5595,165914,0.0314015708485931,2018-09-04
5596,184996,0.1092125799864067,2018-09-04
5597,245918,0.0237414584926984,2018-09-04
5598,2436,0.0372685744683897,2018-12-03
5599,5234,0.0276557736953211,2018-12-03
5600,7116,0.108689427103786,2018-12-03
5601,7154,0.030876073681362,2018-12-03
5602,7875,0.1320810776683856,2018-12-03
5603,8823,0.035222805870425,2018-12-03
5604,11465,0.1084130359995284,2018-12-03
5605,12459,0.0257602666578257,2018-12-03
5606,12689,0.0286029949788725,2018-12-03
5607,23238,0.0257795399629365,2018-12-03
5608,23809,0.0306790027906095,2018-12-03
5609,28118,0.0860149149722051,2018-12-03
5610,28191,0.0257602666578257,2018-12-03
5611,29015,0.0345449583224107,2018-12-03
5612,32930,0.1355855597110182,2018-12-03
5613,63643,0.0377094266508127,2018-12-03
5614,104432,0.0257602666578257,2018-12-03
5615,114524,0.0261559689396146,2018-12-03
5616,145049,0.3969888356973789,2018-12-03
5617,165914,0.0357217652048551,2018-12-03
5618,184996,0.2246283648430821,2018-12-03
5619,245918,0.0420576398925052,2018-12-03
5620,2436,0.0317751259921481,2019-03-01
5621,4839,0.0744597559267935,2019-03-01
5622,7116,0.0428256403333287,2019-03-01
5623,7875,0.0437090380550109,2019-03-01
5624,8823,0.0349600595139995,2019-03-01
5625,11672,0.0305767880268378,2019-03-01
5626,12689,0.0306447676861978,2019-03-01
5627,15520,0.0471527943780478,2019-03-01
5628,28118,0.0332492876035212,2019-03-01
5629,29015,0.0347711862139487,2019-03-01
5630,29150,0.0332137980429251,2019-03-01
5631,29736,0.0362374067343907,2019-03-01
5632,30259,0.0335790753923222,2019-03-01
5633,32930,0.0979157075455955,2019-03-01
5634,140541,0.0319033775492141,2019-03-01
5635,145049,0.1000796138876273,2019-03-01
5636,165914,0.0344083622125826,2019-03-01
5637,175319,0.0370563008293956,2019-03-01
5638,184996,0.0319827258733067,2019-03-01
5639,245918,0.0404067043218337,2019-03-01
5640,2269,0.0292528670382462,2019-06-03
5641,2444,0.0413360062232151,2019-06-03
5642,4839,0.0730272126815377,2019-06-03
5643,5234,0.0519263771359338,2019-06-03
5644,7116,0.0624418207556413,2019-06-03
5645,7875,0.0550940242417571,2019-06-03
5646,14418,0.0314065720753471,2019-06-03
5647,14624,0.0371686708524187,2019-06-03
5648,15520,0.0474327332977567,2019-06-03
5649,28118,0.0663848527348191,2019-06-03
5650,29150,0.0391349842505481,2019-06-03
5651,29736,0.034657875408074,2019-06-03
5652,32930,0.0790019956525378,2019-06-03
5653,63643,0.0643960451960185,2019-06-03
5654,140541,0.043586866632586,2019-06-03
5655,145049,0.0755893659900076,2019-06-03
5656,165914,0.0331205618585112,2019-06-03
5657,175319,0.0360793286884406,2019-06-03
5658,184996,0.0408462086035822,2019-06-03
5659,245918,0.0338512470820508,2019-06-03
5660,2269,0.0347890369594097,2019-09-03
5661,4839,0.0357284843921661,2019-09-03
5662,7875,0.0514656640589237,2019-09-03
5663,7922,0.0347890369594097,2019-09-03
5664,12689,0.0340437032282352,2019-09-03
5665,14624,0.067073293030262,2019-09-03
5666,23238,0.054444920271635,2019-09-03
5667,28118,0.0348141379654407,2019-09-03
5668,29015,0.03578707203269,2019-09-03
5669,29150,0.03578707203269,2019-09-03
5670,29736,0.03578707203269,2019-09-03
5671,30259,0.0347890369594097,2019-09-03
5672,32930,0.2437356263399124,2019-09-03
5673,63643,0.0348141379654407,2019-09-03
5674,140541,0.03578707203269,2019-09-03
5675,145049,0.1700824648141861,2019-09-03
5676,165052,0.0346439741551876,2019-09-03
5677,165914,0.03578707203269,2019-09-03
5678,175319,0.0336459390819072,2019-09-03
5679,198058,0.0340437032282352,2019-09-03
5680,2269,0.083959944544261,2019-12-02
5681,2436,0.0484513842815377,2019-12-02
5682,4839,0.0786685768481475,2019-12-02
5683,5234,0.052566755365381,2019-12-02
5684,5680,0.0536903103242096,2019-12-02
5685,6733,0.1039401491145756,2019-12-02
5686,7116,0.0800708569340887,2019-12-02
5687,7154,0.047337549600269,2019-12-02
5688,7875,0.0712548821795944,2019-12-02
5689,14624,0.0712437950668539,2019-12-02
5690,15520,0.0905761983438073,2019-12-02
5691,25434,0.0489579842604601,2019-12-02
5692,28118,0.1026491965047519,2019-12-02
5693,32930,0.1139086102208515,2019-12-02
5694,63643,0.0738932921894148,2019-12-02
5695,65417,0.0518978683453982,2019-12-02
5696,145049,0.1343977988252471,2019-12-02
5697,175319,0.0519541879688455,2019-12-02
5698,184996,0.0533223115178973,2019-12-02
5699,245918,0.0498631829622636,2019-12-02
5700,2269,0.0932534944951617,2020-03-02
5701,4839,0.1002076321987251,2020-03-02
5702,5234,0.0975616999940146,2020-03-02
5703,5680,0.0681493671348418,2020-03-02
5704,6733,0.0983992401748791,2020-03-02
5705,7116,0.0810579669321379,2020-03-02
5706,7154,0.0648377080444477,2020-03-02
5707,7875,0.0556734484637044,2020-03-02
5708,13498,0.0635685162538246,2020-03-02
5709,14624,0.0628823504288101,2020-03-02
5710,15520,0.0681002506546795,2020-03-02
5711,23809,0.0735416037615655,2020-03-02
5712,25434,0.0644012905813879,2020-03-02
5713,28118,0.1269901270163769,2020-03-02
5714,32930,0.1104848239652815,2020-03-02
5715,63643,0.0801085684441006,2020-03-02
5716,65417,0.0678669025936892,2020-03-02
5717,145049,0.1354256194512589,2020-03-02
5718,175319,0.0575024635478805,2020-03-02
5719,245918,0.0831085163815428,2020-03-02
5720,2436,0.0564812686192627,2020-06-01
5721,3964,0.0457056414686555,2020-06-01
5722,4839,0.0621684993683218,2020-06-01
5723,5234,0.0613488428810347,2020-06-01
5724,6733,0.0535366056871225,2020-06-01
5725,7116,0.059202767883356,2020-06-01
5726,7875,0.0503123359980634,2020-06-01
5727,15520,0.0502145376173485,2020-06-01
5728,25283,0.0453567844217199,2020-06-01
5729,28118,0.0701619240108155,2020-06-01
5730,29150,0.0491662351389938,2020-06-01
5731,32930,0.0648528741364286,2020-06-01
5732,63643,0.0567330570126255,2020-06-01
5733,104432,0.048989932531107,2020-06-01
5734,140541,0.0505839462396613,2020-06-01
5735,145049,0.0702042732332762,2020-06-01
5736,165052,0.0664305186989494,2020-06-01
5737,175319,0.0528594649135023,2020-06-01
5738,198058,0.0498570713147935,2020-06-01
5739,245918,0.0616125313742661,2020-06-01
5740,2269,0.0444344237959516,2020-09-01
5741,2436,0.0488905412414345,2020-09-01
5742,4839,0.0519601594558535,2020-09-01
5743,5234,0.0463235727819527,2020-09-01
5744,6733,0.0319123681282964,2020-09-01
5745,7116,0.0451249210194693,2020-09-01
5746,7922,0.0385698061457628,2020-09-01
5747,13498,0.0345596544246428,2020-09-01
5748,14418,0.0338730283233205,2020-09-01
5749,23238,0.0333703691589624,2020-09-01
5750,25283,0.0340204911521798,2020-09-01
5751,28118,0.0563931930419506,2020-09-01
5752,29150,0.0305957973197776,2020-09-01
5753,32930,0.0357284495170459,2020-09-01
5754,63643,0.0408192036687429,2020-09-01
5755,104432,0.0374183059689693,2020-09-01
5756,140541,0.0431039676470899,2020-09-01
5757,145049,0.0550079281348331,2020-09-01
5758,165052,0.047029318212966,2020-09-01
5759,245918,0.0447901208812751,2020-09-01
5760,2269,0.0467390417475112,2020-12-01
5761,2436,0.056582185172058,2020-12-01
5762,4839,0.0535949332916964,2020-12-01
5763,5234,0.060477322607814,2020-12-01
5764,7116,0.0348694092746139,2020-12-01
5765,7922,0.0319769910661401,2020-12-01
5766,13498,0.0396876620092826,2020-12-01
5767,14418,0.0306837791694406,2020-12-01
5768,23809,0.0294606544286051,2020-12-01
5769,25283,0.0311494226212505,2020-12-01
5770,28118,0.0667000283649717,2020-12-01
5771,29736,0.0325112280407122,2020-12-01
5772,32930,0.0536054968421686,2020-12-01
5773,37054,0.0436281920083184,2020-12-01
5774,63643,0.0465071216779836,2020-12-01
5775,104432,0.0441119581065895,2020-12-01
5776,145049,0.0612149793603946,2020-12-01
5777,149318,0.030456388022323,2020-12-01
5778,165052,0.0415601700014063,2020-12-01
5779,175319,0.044213415489545,2020-12-01
5780,245918,0.0578977603043985,2020-12-01
5781,2436,0.0452129757075948,2021-03-01
5782,5234,0.0278541608886213,2021-03-01
5783,6669,0.0266202501549558,2021-03-01
5784,6733,0.0301091318642391,2021-03-01
5785,7906,0.0269151744688583,2021-03-01
5786,8551,0.0457067063033036,2021-03-01
5787,8823,0.0266231620262882,2021-03-01
5788,23238,0.031068510373682,2021-03-01
5789,23809,0.0267761727366653,2021-03-01
5790,25283,0.0457199286394323,2021-03-01
5791,25340,0.0266231620262882,2021-03-01
5792,28180,0.0275581198716514,2021-03-01
5793,28191,0.0401548253856959,2021-03-01
5794,32930,0.0377291189030316,2021-03-01
5795,64768,0.0261471314465306,2021-03-01
5796,64891,0.0378592883809451,2021-03-01
5797,149318,0.0263559977840246,2021-03-01
5798,165914,0.0264180708076215,2021-03-01
5799,178704,0.0404177886692377,2021-03-01
5800,183366,0.0415453879366856,2021-03-01
5801,245918,0.0414843439115411,2021-03-01
5802,2184,0.020468558901625,2021-06-01
5803,5680,0.020701032799103,2021-06-01
5804,6829,0.020701032799103,2021-06-01
5805,7875,0.0227828212665532,2021-06-01
5806,8551,0.0205036620549325,2021-06-01
5807,8823,0.0197511219031433,2021-06-01
5808,9248,0.0205104981295318,2021-06-01
5809,11672,0.0213314634071622,2021-06-01
5810,12389,0.0209295692365155,2021-06-01
5811,13498,0.0204732483873074,2021-06-01
5812,23238,0.0202729862414693,2021-06-01
5813,28191,0.0290174061464718,2021-06-01
5814,29736,0.0206743704385811,2021-06-01
5815,61420,0.0199078372427652,2021-06-01
5816,64768,0.0226410545797138,2021-06-01
5817,64891,0.0213293728744032,2021-06-01
5818,114524,0.0198811748822433,2021-06-01
5819,165052,0.0215456015956666,2021-06-01
5820,165914,0.0250396015345455,2021-06-01
5821,178015,0.020534742614505,2021-06-01
5822,184996,0.0225493612039305,2021-06-01
5823,4839,0.0565176221269418,2021-09-01
5824,7116,0.0461017612727455,2021-09-01
5825,7875,0.0314194463276665,2021-09-01
5826,7922,0.0404314736308783,2021-09-01
5827,11672,0.0329524465604185,2021-09-01
5828,13498,0.0465485000494642,2021-09-01
5829,14418,0.0422082353879114,2021-09-01
5830,21808,0.0323543140878051,2021-09-01
5831,23238,0.0422339072353187,2021-09-01
5832,28118,0.0597930140030518,2021-09-01
5833,28191,0.0381856338893644,2021-09-01
5834,29015,0.031359592998984,2021-09-01
5835,32930,0.0611446697989406,2021-09-01
5836,37460,0.0500472823008306,2021-09-01
5837,104432,0.0465163692141174,2021-09-01
5838,119314,0.0386010796363562,2021-09-01
5839,149318,0.045769740901183,2021-09-01
5840,161844,0.0462341811070821,2021-09-01
5841,165052,0.0336560278998024,2021-09-01
5842,175319,0.0399244308215712,2021-09-01
5843,183366,0.0353511657783115,2021-09-01
5844,2184,0.0288898665457963,2022-09-01
5845,2436,0.0288898665457963,2022-09-01
5846,2444,0.0288898665457963,2022-09-01
5847,4839,0.030985428020358,2022-09-01
5848,5073,0.0288898665457963,2022-09-01
5849,5125,0.0288898665457963,2022-09-01
5850,5234,0.030985428020358,2022-09-01
5851,5518,0.0288898665457963,2022-09-01
5852,5680,0.0314715169370174,2022-09-01
5853,6649,0.0288898665457963,2022-09-01
5854,6733,0.0288898665457963,2022-09-01
5855,6829,0.0288898665457963,2022-09-01
5856,7116,0.0288898665457963,2022-09-01
5857,7154,0.0288898665457963,2022-09-01
5858,7875,0.0289161931723356,2022-09-01
5859,7922,0.0289161931723356,2022-09-01
5860,9063,0.0288898665457963,2022-09-01
5861,9248,0.0288898665457963,2022-09-01
5862,9611,0.0288898665457963,2022-09-01
5863,11060,0.0288898665457963,2022-09-01
5864,11465,0.0288898665457963,2022-09-01
5865,11672,0.0288898665457963,2022-09-01
5866,12389,0.0288898665457963,2022-09-01
5867,13498,0.0618306510150432,2022-09-01
5868,14418,0.0288898665457963,2022-09-01
5869,14624,0.0288898665457963,2022-09-01
5870,15520,0.0288898665457963,2022-09-01
5871,21808,0.0343319363892078,2022-09-01
5872,23238,0.0288898665457963,2022-09-01
5873,23809,0.0288898665457963,2022-09-01
5874,25283,0.0288898665457963,2022-09-01
5875,25434,0.0288898665457963,2022-09-01
5876,28118,0.0357290655374527,2022-09-01
5877,28180,0.0288898665457963,2022-09-01
5878,28191,0.0343319363892078,2022-09-01
5879,29736,0.0288898665457963,2022-09-01
5880,30259,0.0288898665457963,2022-09-01
5881,31846,0.0288898665457963,2022-09-01
5882,32930,0.0379867032170295,2022-09-01
5883,37054,0.0288898665457963,2022-09-01
5884,37460,0.0288898665457963,2022-09-01
5885,61420,0.0288898665457963,2022-09-01
5886,63643,0.030985428020358,2022-09-01
5887,64410,0.0288898665457963,2022-09-01
5888,64768,0.0288898665457963,2022-09-01
5889,64891,0.0288898665457963,2022-09-01
5890,65417,0.0288898665457963,2022-09-01
5891,114524,0.0380180850625038,2022-09-01
5892,119314,0.0288898665457963,2022-09-01
5893,140541,0.0288898665457963,2022-09-01
5894,145977,0.0288898665457963,2022-09-01
5895,149318,0.0575232356786727,2022-09-01
5896,161844,0.0288898665457963,2022-09-01
5897,165052,0.0357290655374527,2022-09-01
5898,165914,0.0288898665457963,2022-09-01
5899,175319,0.0289161931723356,2022-09-01
5900,183366,0.0288898665457963,2022-09-01
5901,198058,0.0288898665457963,2022-09-01
5902,245918,0.0292802806943655,2022-09-01
5903,2269,0.0252491645514965,2022-12-01
5904,2436,0.0321108661592006,2022-12-01
5905,5234,0.0263415481895208,2022-12-01
5906,6733,0.025445356965065,2022-12-01
5907,6829,0.0252491645514965,2022-12-01
5908,7116,0.0321108661592006,2022-12-01
5909,7154,0.0252491645514965,2022-12-01
5910,7875,0.0319908484816551,2022-12-01
5911,11672,0.0255050137639045,2022-12-01
5912,13498,0.0975446254014968,2022-12-01
5913,21808,0.067407451570034,2022-12-01
5914,23238,0.0507259666919708,2022-12-01
5915,23809,0.025445356965065,2022-12-01
5916,25283,0.0321108661592006,2022-12-01
5917,25434,0.025445356965065,2022-12-01
5918,28118,0.0646046325564384,2022-12-01
5919,28180,0.025445356965065,2022-12-01
5920,30259,0.0331156924366951,2022-12-01
5921,32930,0.0414263010025024,2022-12-01
5922,65417,0.0252491645514965,2022-12-01
5923,114524,0.0376452356576919,2022-12-01
5924,149318,0.0604677721858024,2022-12-01
5925,165052,0.0408099330961704,2022-12-01
5926,245918,0.025344792753458,2022-12-01
5927,3905,0.0225455556064844,2023-03-01
5928,3964,0.0208375044167041,2023-03-01
5929,5125,0.0206673759967088,2023-03-01
5930,5234,0.0350076854228973,2023-03-01
5931,5680,0.0267393086105585,2023-03-01
5932,7116,0.0267149899154901,2023-03-01
5933,7154,0.0206673759967088,2023-03-01
5934,11300,0.0214436426758766,2023-03-01
5935,12689,0.0211942922323942,2023-03-01
5936,23238,0.0254312753677368,2023-03-01
5937,25119,0.0247312970459461,2023-03-01
5938,25340,0.020969359204173,2023-03-01
5939,25434,0.023399269208312,2023-03-01
5940,28118,0.0679864510893821,2023-03-01
5941,29736,0.0217518862336874,2023-03-01
5942,32930,0.0337627083063125,2023-03-01
5943,37054,0.0207188930362463,2023-03-01
5944,64768,0.0438346266746521,2023-03-01
5945,65417,0.0206673759967088,2023-03-01
5946,114524,0.0309950318187475,2023-03-01
5947,145049,0.0309950318187475,2023-03-01
5948,149318,0.0254312753677368,2023-03-01
5949,165052,0.0227661747485399,2023-03-01
5950,2436,0.0226203296333551,2023-06-01
5951,3905,0.027819687500596,2023-06-01
5952,5073,0.0257057752460241,2023-06-01
5953,5234,0.0225255154073238,2023-06-01
5954,7116,0.0226203296333551,2023-06-01
5955,7875,0.0225255154073238,2023-06-01
5956,8551,0.0257057752460241,2023-06-01
5957,11060,0.0226203296333551,2023-06-01
5958,11584,0.0226203296333551,2023-06-01
5959,12689,0.0257057752460241,2023-06-01
5960,13498,0.0435493513941764,2023-06-01
5961,23238,0.0248739663511514,2023-06-01
5962,25119,0.0397652685642242,2023-06-01
5963,25283,0.0376537665724754,2023-06-01
5964,28118,0.0357032120227813,2023-06-01
5965,30259,0.027819687500596,2023-06-01
5966,32930,0.0357032120227813,2023-06-01
5967,64410,0.0397932603955268,2023-06-01
5968,104432,0.0374764315783977,2023-06-01
5969,149318,0.0248739663511514,2023-06-01
5970,165052,0.0225255154073238,2023-06-01
5971,175319,0.0357032120227813,2023-06-01
5972,3905,0.0208328533917665,2023-09-01
5973,5125,0.017103586345911,2023-09-01
5974,5234,0.0393559299409389,2023-09-01
5975,6733,0.0187065917998552,2023-09-01
5976,7906,0.017103586345911,2023-09-01
5977,9248,0.017103586345911,2023-09-01
5978,9611,0.017103586345911,2023-09-01
5979,11672,0.017103586345911,2023-09-01
5980,23809,0.019696282222867,2023-09-01
5981,25119,0.022388394922018,2023-09-01
5982,28118,0.0417020805180072,2023-09-01
5983,28180,0.019696282222867,2023-09-01
5984,28191,0.017103586345911,2023-09-01
5985,29015,0.0228416305035352,2023-09-01
5986,30259,0.0242997538298368,2023-09-01
5987,31846,0.017103586345911,2023-09-01
5988,37460,0.017103586345911,2023-09-01
5989,64768,0.017103586345911,2023-09-01
5990,119314,0.019696282222867,2023-09-01
5991,149318,0.0187065917998552,2023-09-01
5992,161844,0.017103586345911,2023-09-01
5993,175319,0.028218500316143,2023-09-01
5994,178015,0.017103586345911,2023-09-01
5995,184996,0.017103586345911,2023-09-01
5996,5234,0.016934148967266,2023-12-01
5997,6733,0.0184118393808603,2023-12-01
5998,7154,0.0172480065375566,2023-12-01
5999,7875,0.0257203392684459,2023-12-01
6000,7906,0.0181159935891628,2023-12-01
6001,11584,0.0163637921214103,2023-12-01
6002,11672,0.0181159935891628,2023-12-01
6003,23238,0.020616240799427,2023-12-01
6004,23809,0.0186207201331853,2023-12-01
6005,25119,0.0442906096577644,2023-12-01
6006,25434,0.0174719467759132,2023-12-01
6007,28118,0.038992840796709,2023-12-01
6008,28180,0.0186207201331853,2023-12-01
6009,30259,0.0293688531965017,2023-12-01
6010,65417,0.0174719467759132,2023-12-01
6011,104432,0.017615346238017,2023-12-01
6012,119314,0.0170236155390739,2023-12-01
6013,165052,0.0175218377262353,2023-12-01
6014,175319,0.0182783640921115,2023-12-01
6015,178015,0.017048392444849,2023-12-01
6016,184996,0.0188918188214302,2023-12-01
6017,2269,0.0201696416392577,2024-03-01
6018,5073,0.021349660821389,2024-03-01
6019,5234,0.0883710639518117,2024-03-01
6020,5518,0.0232678662357248,2024-03-01
6021,6829,0.0171156171630688,2024-03-01
6022,7154,0.0171534354004242,2024-03-01
6023,7875,0.0766654306760905,2024-03-01
6024,11584,0.066089752401556,2024-03-01
6025,11672,0.0165107041470547,2024-03-01
6026,14418,0.0173152352676034,2024-03-01
6027,23238,0.0201728488062813,2024-03-01
6028,23809,0.0209373680997289,2024-03-01
6029,25119,0.0525575736657785,2024-03-01
6030,28118,0.0747243697992909,2024-03-01
6031,28180,0.0209373680997289,2024-03-01
6032,30259,0.027332520893425,2024-03-01
6033,43862,0.0370490703263087,2024-03-01
6034,61420,0.0238912832421744,2024-03-01
6035,65417,0.0171534354004242,2024-03-01
6036,119314,0.0209177189608073,2024-03-01
6037,175319,0.0340506415987744,2024-03-01
6038,2184,0.0121876299381256,2024-06-03
6039,2436,0.0120027121156454,2024-06-03
6040,5680,0.0142458789050579,2024-06-03
6041,6733,0.0129005024209618,2024-06-03
6042,9611,0.012153934687376,2024-06-03
6043,11465,0.0156259108334779,2024-06-03
6044,11672,0.0172350350767374,2024-06-03
6045,13498,0.0119428765028715,2024-06-03
6046,14624,0.0120027121156454,2024-06-03
6047,23238,0.0126846265047788,2024-06-03
6048,25340,0.0116512523964047,2024-06-03
6049,28180,0.0116512523964047,2024-06-03
6050,29150,0.0121876299381256,2024-06-03
6051,37054,0.0121876299381256,2024-06-03
6052,37460,0.0147175947204232,2024-06-03
6053,64410,0.0121503788977861,2024-06-03
6054,65417,0.0117718558758497,2024-06-03
6055,114524,0.0123662548139691,2024-06-03
6056,119314,0.0116512523964047,2024-06-03
6057,161844,0.012153934687376,2024-06-03
6058,184996,0.0127155845984816,2024-06-03
6059,2269,0.0162157528102397,2024-09-03
6060,5234,0.0174342915415763,2024-09-03
6061,5680,0.0162157528102397,2024-09-03
6062,6649,0.0280393529683351,2024-09-03
6063,6733,0.0152250053361058,2024-09-03
6064,7875,0.0174342915415763,2024-09-03
6065,7906,0.0152250053361058,2024-09-03
6066,11060,0.0174342915415763,2024-09-03
6067,13498,0.0174342915415763,2024-09-03
6068,15520,0.0313193760812282,2024-09-03
6069,23238,0.0152250053361058,2024-09-03
6070,30259,0.0174342915415763,2024-09-03
6071,31846,0.016084361821413,2024-09-03
6072,32930,0.0174342915415763,2024-09-03
6073,37460,0.0152250053361058,2024-09-03
6074,104432,0.0174342915415763,2024-09-03
6075,114524,0.0152250053361058,2024-09-03
6076,165052,0.0174342915415763,2024-09-03
6077,165914,0.0152250053361058,2024-09-03
6078,175319,0.0174342915415763,2024-09-03
6079,184996,0.0152250053361058,2024-09-03
6080,2269,0.0454409096852448,2024-12-02
6081,5234,0.044224990404784,2024-12-02
6082,6649,0.0417158775291881,2024-12-02
6083,6733,0.0219327125495626,2024-12-02
6084,7875,0.0390214342783529,2024-12-02
6085,11060,0.0221890336807074,2024-12-02
6086,11584,0.0343577722012676,2024-12-02
6087,11672,0.0201843614112922,2024-12-02
6088,12459,0.0186588870911109,2024-12-02
6089,14624,0.0410857050419258,2024-12-02
6090,15520,0.0330191887851926,2024-12-02
6091,21808,0.0416668231359552,2024-12-02
6092,23809,0.022801924636142,2024-12-02
6093,25340,0.018585761018375,2024-12-02
6094,28118,0.0717991188184559,2024-12-02
6095,28180,0.0239604238887115,2024-12-02
6096,30259,0.0680874352973223,2024-12-02
6097,145977,0.0225591364844469,2024-12-02
6098,149318,0.0243565143425399,2024-12-02
6099,165914,0.022395186975007,2024-12-02
6100,175319,0.0435890495220114,2024-12-02
6101,3026,0.0359511619383201,2001-03-01
6102,3362,0.0682657867782271,2001-03-01
6103,5709,0.0357977718881817,2001-03-01
6104,6502,0.060202196179779,2001-03-01
6105,10793,0.0591148380877094,2001-03-01
6106,11259,0.0551088741093656,2001-03-01
6107,29028,0.0431365466112827,2001-03-01
6108,66016,0.060075405675193,2001-03-01
6109,1722,0.0542192264405854,2001-06-01
6110,3362,0.076769715251727,2001-06-01
6111,6502,0.0562192196892123,2001-06-01
6112,7146,0.0422388718045712,2001-06-01
6113,8762,0.0456355678402099,2001-06-01
6114,10793,0.0657523116436177,2001-06-01
6115,11259,0.0502948106412824,2001-06-01
6116,24316,0.0502503276071309,2001-06-01
6117,3144,0.0341342315077781,2001-09-04
6118,7146,0.0393761098384857,2001-09-04
6119,10247,0.0332948602735996,2001-09-04
6120,10793,0.0412273854017257,2001-09-04
6121,11259,0.0490538589656353,2001-09-04
6122,29028,0.0553980283439159,2001-09-04
6123,31587,0.0663948729634285,2001-09-04
6124,61567,0.0340964756906032,2001-09-04
6125,1722,0.0429763831869254,2001-12-03
6126,3362,0.0493256948660285,2001-12-03
6127,6502,0.0784701688151561,2001-12-03
6128,10793,0.056236168535883,2001-12-03
6129,11259,0.0692050133189711,2001-12-03
6130,11264,0.0493132250037535,2001-12-03
6131,24316,0.0512316762315112,2001-12-03
6132,144435,0.0523202511294408,2001-12-03
6133,3505,0.0370621308684349,2002-03-01
6134,5071,0.0393814668059349,2002-03-01
6135,5709,0.0365543700754642,2002-03-01
6136,6502,0.0567626133561134,2002-03-01
6137,11259,0.0417138934135437,2002-03-01
6138,12756,0.0452922731637954,2002-03-01
6139,24316,0.0365543700754642,2002-03-01
6140,29028,0.0381957367062568,2002-03-01
6141,2663,0.0346331261098384,2002-06-03
6142,3026,0.033508114516735,2002-06-03
6143,5071,0.0346331261098384,2002-06-03
6144,5709,0.0399003364145755,2002-06-03
6145,6502,0.0391150377690792,2002-06-03
6146,7146,0.033508114516735,2002-06-03
6147,8762,0.0327584221959114,2002-06-03
6148,11264,0.0354617610573768,2002-06-03
6149,1722,0.0323270745575428,2002-09-03
6150,5709,0.0356956459581851,2002-09-03
6151,6435,0.0343386530876159,2002-09-03
6152,6502,0.037447802722454,2002-09-03
6153,10793,0.0378052964806556,2002-09-03
6154,11259,0.0357671342790126,2002-09-03
6155,12756,0.0336509011685848,2002-09-03
6156,144435,0.044875256717205,2002-09-03
6157,1722,0.0567469332700088,2002-12-02
6158,3144,0.0412512334286196,2002-12-02
6159,5071,0.0507233860169682,2002-12-02
6160,5709,0.0449244941165997,2002-12-02
6161,6502,0.0560775058273628,2002-12-02
6162,10793,0.0506272685945444,2002-12-02
6163,11259,0.045593098118345,2002-12-02
6164,24316,0.0464265258527639,2002-12-02
6165,1722,0.0615290282469958,2003-03-03
6166,3026,0.0604989310406993,2003-03-03
6167,3362,0.0646028787175299,2003-03-03
6168,5709,0.0598477144461812,2003-03-03
6169,6502,0.0748385621582862,2003-03-03
6170,10793,0.0776587003375407,2003-03-03
6171,11259,0.0571010686313078,2003-03-03
6172,29028,0.0611005413870775,2003-03-03
6173,1722,0.0523906041237895,2003-06-02
6174,3362,0.0537015240002465,2003-06-02
6175,5597,0.0501803145064614,2003-06-02
6176,6502,0.0583765743386025,2003-06-02
6177,8762,0.0484611785848237,2003-06-02
6178,10247,0.0483138467447546,2003-06-02
6179,10793,0.0523906041237895,2003-06-02
6180,61567,0.0481282017337913,2003-06-02
6181,3026,0.0488611447587991,2003-09-02
6182,3362,0.0442720481842478,2003-09-02
6183,5709,0.0423801001261229,2003-09-02
6184,6502,0.0707481370024373,2003-09-02
6185,8762,0.0578606266891676,2003-09-02
6186,10793,0.0597756148880407,2003-09-02
6187,11259,0.0484156094772223,2003-09-02
6188,24316,0.064004337620839,2003-09-02
6189,3362,0.0432210534938766,2003-12-01
6190,3505,0.0407036832750613,2003-12-01
6191,5709,0.057121728667574,2003-12-01
6192,6435,0.0397760134855974,2003-12-01
6193,6502,0.0643144627852516,2003-12-01
6194,8543,0.0378236851191659,2003-12-01
6195,11259,0.0392978697565525,2003-12-01
6196,61567,0.0368169643904595,2003-12-01
6197,3144,0.0342320390045642,2004-03-01
6198,5709,0.0405273810029029,2004-03-01
6199,10247,0.0240929126739501,2004-03-01
6200,10793,0.024654783308506,2004-03-01
6201,11264,0.0893803462386131,2004-03-01
6202,24316,0.0342143215239048,2004-03-01
6203,66016,0.024382222443819,2004-03-01
6204,142953,0.024382222443819,2004-03-01
6205,1722,0.0498623027443275,2004-06-01
6206,3026,0.0478285632100912,2004-06-01
6207,5071,0.0506038858696687,2004-06-01
6208,5709,0.0560989716552296,2004-06-01
6209,6502,0.0574209050738659,2004-06-01
6210,8543,0.0530555765980915,2004-06-01
6211,29028,0.04023738135343,2004-06-01
6212,144435,0.0433476291592763,2004-06-01
6213,1722,0.0426723781789355,2004-09-01
6214,3026,0.0559052482797361,2004-09-01
6215,5709,0.0531475381175593,2004-09-01
6216,6502,0.0526773528449814,2004-09-01
6217,8543,0.0462084424177109,2004-09-01
6218,10793,0.0458527792968322,2004-09-01
6219,11259,0.0387622401737069,2004-09-01
6220,29028,0.0438728052331778,2004-09-01
6221,3026,0.051508749520849,2004-12-01
6222,5071,0.0418376729704796,2004-12-01
6223,5709,0.0667191220329438,2004-12-01
6224,6502,0.0593751993591823,2004-12-01
6225,8543,0.0516155167291698,2004-12-01
6226,10793,0.0605960248010076,2004-12-01
6227,11259,0.0413415877123036,2004-12-01
6228,66016,0.0444647536256678,2004-12-01
6229,3144,0.049697484217864,2005-03-01
6230,5071,0.0542707833636365,2005-03-01
6231,5709,0.0551027020695299,2005-03-01
6232,6502,0.067224674175718,2005-03-01
6233,8543,0.0581641010209447,2005-03-01
6234,9777,0.0462930952795208,2005-03-01
6235,24316,0.0651314475186213,2005-03-01
6236,144435,0.0522414596244265,2005-03-01
6237,1722,0.0440122565393885,2005-06-01
6238,3026,0.0440785861635306,2005-06-01
6239,5709,0.0616212971371975,2005-06-01
6240,6502,0.0567259203601497,2005-06-01
6241,8543,0.0511742871701087,2005-06-01
6242,10793,0.0423718135884763,2005-06-01
6243,24316,0.0382459459983928,2005-06-01
6244,144435,0.044311197707912,2005-06-01
6245,1722,0.0446454907731867,2005-09-01
6246,3026,0.0524565681342335,2005-09-01
6247,5709,0.0593463454430887,2005-09-01
6248,6502,0.0495759334292406,2005-09-01
6249,10793,0.0417379506957622,2005-09-01
6250,12756,0.0507728237648542,2005-09-01
6251,29028,0.0497462068443583,2005-09-01
6252,144435,0.0441011099770146,2005-09-01
6253,3026,0.0525946786935067,2005-12-01
6254,3144,0.0374499815051196,2005-12-01
6255,5709,0.0591952730253625,2005-12-01
6256,11259,0.0386515087932016,2005-12-01
6257,12756,0.0477739075196637,2005-12-01
6258,24316,0.059814691393304,2005-12-01
6259,31587,0.0697214526371414,2005-12-01
6260,144435,0.0436367721738727,2005-12-01
6261,1722,0.0437462653800137,2006-03-01
6262,3026,0.0461610220881908,2006-03-01
6263,3362,0.0478880386714824,2006-03-01
6264,5709,0.0656715376855005,2006-03-01
6265,6435,0.049722762207665,2006-03-01
6266,24316,0.0658904346584567,2006-03-01
6267,29028,0.039462031186381,2006-03-01
6268,144435,0.0437121559937259,2006-03-01
6269,1722,0.0396790720791122,2006-06-01
6270,2663,0.0373032893523356,2006-06-01
6271,5071,0.0346900992512924,2006-06-01
6272,5709,0.0713383691474085,2006-06-01
6273,11259,0.0437532191662462,2006-06-01
6274,12756,0.0332893691223639,2006-06-01
6275,24316,0.0713383691474085,2006-06-01
6276,29028,0.0387590860959182,2006-06-01
6277,3026,0.0431900732219219,2006-09-01
6278,5071,0.0552940480411052,2006-09-01
6279,5709,0.0451203845441341,2006-09-01
6280,8543,0.0422258079051971,2006-09-01
6281,12756,0.0393302030861377,2006-09-01
6282,24316,0.0670462995767593,2006-09-01
6283,29028,0.0609744079411029,2006-09-01
6284,144435,0.0437149368226528,2006-09-01
6285,3026,0.0326438248157501,2006-12-01
6286,3144,0.0305613875389099,2006-12-01
6287,5071,0.0314647257328033,2006-12-01
6288,5709,0.0326438248157501,2006-12-01
6289,8543,0.0327876359224319,2006-12-01
6290,12756,0.0350022241473197,2006-12-01
6291,24316,0.0856570079922676,2006-12-01
6292,144435,0.0473055616021156,2006-12-01
6293,3505,0.034154325723648,2007-03-01
6294,5709,0.031849417835474,2007-03-01
6295,6502,0.0356925316154956,2007-03-01
6296,8543,0.0350611619651317,2007-03-01
6297,12756,0.031849417835474,2007-03-01
6298,24316,0.0375846736133098,2007-03-01
6299,66016,0.034154325723648,2007-03-01
6300,144435,0.0356925316154956,2007-03-01
6301,3362,0.0334194786846637,2007-06-01
6302,5071,0.0523571968078613,2007-06-01
6303,5709,0.0353673659265041,2007-06-01
6304,6435,0.039925992488861,2007-06-01
6305,8543,0.0415401272475719,2007-06-01
6306,12756,0.0328190512955188,2007-06-01
6307,24316,0.0877025574445724,2007-06-01
6308,29028,0.0368972457945346,2007-06-01
6309,1722,0.0491289417320155,2007-09-04
6310,3026,0.050013282842194,2007-09-04
6311,5709,0.0632185289756971,2007-09-04
6312,8543,0.0420497820880745,2007-09-04
6313,9777,0.0454739085728051,2007-09-04
6314,24316,0.0532164641956395,2007-09-04
6315,66016,0.0454596089238326,2007-09-04
6316,144435,0.041643570384578,2007-09-04
6317,3121,0.0324681363999843,2007-12-03
6318,3505,0.2370367348194122,2007-12-03
6319,5071,0.0480419136583805,2007-12-03
6320,5709,0.0355435796082019,2007-12-03
6321,6435,0.0324681363999843,2007-12-03
6322,8543,0.0530537255108356,2007-12-03
6323,9777,0.2370367348194122,2007-12-03
6324,12756,0.0402725003659725,2007-12-03
6325,1722,0.0452106508975561,2008-03-03
6326,5709,0.0560575012260854,2008-03-03
6327,9777,0.0575574957710255,2008-03-03
6328,24316,0.053848747410335,2008-03-03
6329,29028,0.0439063987271363,2008-03-03
6330,31587,0.0467749787464378,2008-03-03
6331,66016,0.0504461482613337,2008-03-03
6332,144435,0.0458755848172808,2008-03-03
6333,1722,0.0482432424086506,2008-06-02
6334,3026,0.0428611553930636,2008-06-02
6335,5709,0.0623424542155616,2008-06-02
6336,9777,0.0569547328702809,2008-06-02
6337,10247,0.0408342963686435,2008-06-02
6338,11264,0.0421944282393223,2008-06-02
6339,24316,0.0501456581981127,2008-06-02
6340,66016,0.0514963800344898,2008-06-02
6341,144435,0.0429938577423901,2008-06-02
6342,1722,0.0420843802388509,2008-09-02
6343,3144,0.0401877863494831,2008-09-02
6344,3505,0.0377822050702543,2008-09-02
6345,6435,0.0617025587484491,2008-09-02
6346,9777,0.0377822050702543,2008-09-02
6347,24316,0.0874190136433781,2008-09-02
6348,28877,0.0540595497237496,2008-09-02
6349,29028,0.0418835315285363,2008-09-02
6350,144435,0.0446468489050418,2008-09-02
6351,1722,0.0339803472161293,2008-12-01
6352,5071,0.0320725366473197,2008-12-01
6353,6375,0.0320725366473197,2008-12-01
6354,6435,0.0382356233894825,2008-12-01
6355,9777,0.0970345139503479,2008-12-01
6356,10793,0.0444902293384075,2008-12-01
6357,12756,0.0319957062602043,2008-12-01
6358,24316,0.0656547099351883,2008-12-01
6359,66016,0.0326000228524208,2008-12-01
6360,1722,0.0308171976357698,2009-03-02
6361,3144,0.0306440535932779,2009-03-02
6362,3170,0.0306440535932779,2009-03-02
6363,3813,0.0308171976357698,2009-03-02
6364,5071,0.1376128047704696,2009-03-02
6365,6435,0.0386397130787372,2009-03-02
6366,6502,0.0308594852685928,2009-03-02
6367,10793,0.0444829761981964,2009-03-02
6368,11264,0.0308171976357698,2009-03-02
6369,61567,0.1398565173149109,2009-03-02
6370,179621,0.0306440535932779,2009-03-02
6371,1722,0.0338293313980102,2009-06-01
6372,5071,0.0384312160313129,2009-06-01
6373,6435,0.043760385364294,2009-06-01
6374,8543,0.0743969827890396,2009-06-01
6375,10793,0.0426318570971488,2009-06-01
6376,12756,0.0711094439029693,2009-06-01
6377,24316,0.0337260253727436,2009-06-01
6378,66016,0.0350007899105548,2009-06-01
6379,144435,0.0336890183389186,2009-06-01
6380,1722,0.0422899684023352,2009-09-01
6381,5071,0.060254946115252,2009-09-01
6382,6435,0.0593928966149017,2009-09-01
6383,10247,0.0372949802859853,2009-09-01
6384,10793,0.0386673634959727,2009-09-01
6385,11264,0.0357587747579918,2009-09-01
6386,12756,0.0394017149325523,2009-09-01
6387,24316,0.0526825348091627,2009-09-01
6388,29028,0.035410951767839,2009-09-01
6389,1722,0.0342708093264886,2009-12-01
6390,3026,0.0309355395631828,2009-12-01
6391,5071,0.0314777482534656,2009-12-01
6392,5709,0.0343220492450152,2009-12-01
6393,9777,0.0318246546517813,2009-12-01
6394,10793,0.0338118010167792,2009-12-01
6395,24316,0.0547719603276401,2009-12-01
6396,28877,0.0441868906441039,2009-12-01
6397,31587,0.0383082415684543,2009-12-01
6398,1722,0.0294984623858815,2010-03-01
6399,3505,0.0267660452537932,2010-03-01
6400,5709,0.0411801053178703,2010-03-01
6401,9777,0.0566724488252973,2010-03-01
6402,10793,0.029681585513153,2010-03-01
6403,24316,0.0606346048247535,2010-03-01
6404,28877,0.0486857056310711,2010-03-01
6405,31587,0.0491792752557683,2010-03-01
6406,61567,0.0270436292317019,2010-03-01
6407,1722,0.0538301498273589,2010-06-01
6408,3026,0.0432741439010964,2010-06-01
6409,5709,0.060455813666203,2010-06-01
6410,9777,0.0692638844061925,2010-06-01
6411,10793,0.0524396090590775,2010-06-01
6412,24316,0.0610484135491941,2010-06-01
6413,28877,0.0523365304558385,2010-06-01
6414,31587,0.0487051696684673,2010-06-01
6415,66016,0.048594079311713,2010-06-01
6416,1722,0.0561633244921014,2010-09-01
6417,3026,0.0417296906017589,2010-09-01
6418,3505,0.055331266803797,2010-09-01
6419,9777,0.0707294703806427,2010-09-01
6420,10793,0.0471970601121907,2010-09-01
6421,24316,0.0744184640376408,2010-09-01
6422,31587,0.0553925410212334,2010-09-01
6423,66016,0.0498003461636763,2010-09-01
6424,144435,0.0467866087921069,2010-09-01
6425,1722,0.05326911012502,2010-12-01
6426,3026,0.0521912674894554,2010-12-01
6427,3144,0.0490390756428635,2010-12-01
6428,3505,0.0633722707254265,2010-12-01
6429,8479,0.05019053449504,2010-12-01
6430,9777,0.0774405240122975,2010-12-01
6431,10793,0.0560561224105869,2010-12-01
6432,24316,0.0738826074688817,2010-12-01
6433,66016,0.0550601874172147,2010-12-01
6434,3144,0.0539617245009114,2011-03-01
6435,3362,0.059734963318305,2011-03-01
6436,3505,0.069038942073591,2011-03-01
6437,5709,0.0772392387807206,2011-03-01
6438,9777,0.0901051811913567,2011-03-01
6439,10793,0.0634656114967524,2011-03-01
6440,24316,0.0790565008433717,2011-03-01
6441,31587,0.0647341538043426,2011-03-01
6442,61567,0.0600003557544552,2011-03-01
6443,1722,0.0480667273107056,2011-06-01
6444,3026,0.0620982619293605,2011-06-01
6445,3362,0.0507011612988963,2011-06-01
6446,3505,0.0529563680077315,2011-06-01
6447,5709,0.047928947322834,2011-06-01
6448,9777,0.0697685214662547,2011-06-01
6449,24316,0.0665840798192011,2011-06-01
6450,31587,0.0620822613305413,2011-06-01
6451,66016,0.0482178184961906,2011-06-01
6452,1722,0.0589247708829032,2011-09-01
6453,3026,0.0631383486300658,2011-09-01
6454,3505,0.0619869615872332,2011-09-01
6455,5709,0.0717749773409385,2011-09-01
6456,10793,0.0551676120613427,2011-09-01
6457,24316,0.069964400926911,2011-09-01
6458,28877,0.0531344693404903,2011-09-01
6459,31587,0.0585745426053288,2011-09-01
6460,66016,0.0513720995379487,2011-09-01
6461,1722,0.0629141192496618,2011-12-01
6462,3026,0.0579408461495889,2011-12-01
6463,3362,0.0533133173899424,2011-12-01
6464,3505,0.0692656153161192,2011-12-01
6465,5709,0.0684913546181185,2011-12-01
6466,9777,0.057215612297993,2011-12-01
6467,12756,0.0579178984239548,2011-12-01
6468,24316,0.0720379608115702,2011-12-01
6469,66016,0.0547493891023395,2011-12-01
6470,3026,0.0633176228355314,2012-03-01
6471,3505,0.0659307211204013,2012-03-01
6472,5709,0.0729686276957928,2012-03-01
6473,9777,0.0514957194661315,2012-03-01
6474,10793,0.0496111681499328,2012-03-01
6475,12756,0.0498659619601473,2012-03-01
6476,24316,0.0649314251729772,2012-03-01
6477,28877,0.0758807902464935,2012-03-01
6478,66016,0.0553774258560927,2012-03-01
6479,1722,0.0488427015425753,2012-06-01
6480,3505,0.0877441406688035,2012-06-01
6481,5709,0.0491310794825347,2012-06-01
6482,6502,0.0556838222647339,2012-06-01
6483,9777,0.0508656321877147,2012-06-01
6484,10793,0.0552565041950056,2012-06-01
6485,11264,0.0496894334637035,2012-06-01
6486,28877,0.0496416326213427,2012-06-01
6487,144435,0.0522244332846327,2012-06-01
6488,1722,0.045647006435714,2012-09-04
6489,3026,0.050463654993768,2012-09-04
6490,5709,0.0743608831374242,2012-09-04
6491,9777,0.0512752159849867,2012-09-04
6492,10247,0.0450540175611804,2012-09-04
6493,10793,0.0533275468813564,2012-09-04
6494,24316,0.0667071736191879,2012-09-04
6495,28877,0.0831182949223023,2012-09-04
6496,66016,0.0524925680273401,2012-09-04
6497,1722,0.1439424306154251,2012-12-03
6498,3362,0.0341180637478828,2012-12-03
6499,5709,0.0341180637478828,2012-12-03
6500,6502,0.0357359647750854,2012-12-03
6501,10793,0.0374866425991058,2012-12-03
6502,12756,0.0357359647750854,2012-12-03
6503,28877,0.0448882840573787,2012-12-03
6504,31587,0.0344100296497345,2012-12-03
6505,61567,0.0344100296497345,2012-12-03
6506,1722,0.2958554327487945,2013-03-01
6507,5709,0.0412768125534057,2013-03-01
6508,6502,0.0445122383534908,2013-03-01
6509,8543,0.0327060595154762,2013-03-01
6510,9777,0.0336649194359779,2013-03-01
6511,10793,0.0732515752315521,2013-03-01
6512,11259,0.0390315540134906,2013-03-01
6513,28877,0.0412768125534057,2013-03-01
6514,61567,0.0330556742846965,2013-03-01
6515,5709,0.1026068666636163,2013-06-03
6516,6375,0.0330817354235222,2013-06-03
6517,6502,0.0395194258368838,2013-06-03
6518,8543,0.0332252714493787,2013-06-03
6519,10793,0.0426149372091512,2013-06-03
6520,24316,0.0323845216213318,2013-06-03
6521,28877,0.0402151271232484,2013-06-03
6522,31587,0.038894940284085,2013-06-03
6523,61567,0.0388439822258417,2013-06-03
6524,5597,0.0450704451024997,2013-09-03
6525,5709,0.0878947530884076,2013-09-03
6526,10793,0.0413426604835135,2013-09-03
6527,12151,0.0590821385244187,2013-09-03
6528,24316,0.1034082384644411,2013-09-03
6529,28877,0.1119091711997695,2013-09-03
6530,31587,0.0727297279663113,2013-09-03
6531,61567,0.0531919194300895,2013-09-03
6532,66016,0.0620731804131563,2013-09-03
6533,2663,0.0375117920339107,2013-12-02
6534,3026,0.0375117920339107,2013-12-02
6535,3121,0.0375117920339107,2013-12-02
6536,3144,0.0375117920339107,2013-12-02
6537,3170,0.0375117920339107,2013-12-02
6538,3362,0.0375117920339107,2013-12-02
6539,3505,0.0378216207027435,2013-12-02
6540,3813,0.0375117920339107,2013-12-02
6541,5071,0.0375117920339107,2013-12-02
6542,5597,0.0375117920339107,2013-12-02
6543,5709,0.0435435026884079,2013-12-02
6544,6375,0.0375117920339107,2013-12-02
6545,6435,0.0375117920339107,2013-12-02
6546,6502,0.0375117920339107,2013-12-02
6547,7146,0.0375117920339107,2013-12-02
6548,8479,0.0375117920339107,2013-12-02
6549,8543,0.0375117920339107,2013-12-02
6550,8762,0.0375117920339107,2013-12-02
6551,9777,0.0375117920339107,2013-12-02
6552,10247,0.0375117920339107,2013-12-02
6553,10793,0.0375117920339107,2013-12-02
6554,11259,0.0375117920339107,2013-12-02
6555,11264,0.0375117920339107,2013-12-02
6556,12151,0.0375117920339107,2013-12-02
6557,12756,0.0375117920339107,2013-12-02
6558,24316,0.0439415648579597,2013-12-02
6559,28877,0.048016533255577,2013-12-02
6560,29028,0.0375117920339107,2013-12-02
6561,31587,0.0375117920339107,2013-12-02
6562,61567,0.0375117920339107,2013-12-02
6563,66016,0.0375117920339107,2013-12-02
6564,142953,0.0375117920339107,2013-12-02
6565,5597,0.0511288546505786,2014-03-03
6566,5709,0.0958381435031763,2014-03-03
6567,9777,0.0645631117077261,2014-03-03
6568,10793,0.0507321481193996,2014-03-03
6569,24316,0.0992925428213252,2014-03-03
6570,28877,0.109143927521629,2014-03-03
6571,31587,0.0526313706858038,2014-03-03
6572,61567,0.0600393752109832,2014-03-03
6573,66016,0.0670976402695306,2014-03-03
6574,5597,0.0498396608833906,2014-06-02
6575,5709,0.1075242345755915,2014-06-02
6576,8479,0.0462551415076469,2014-06-02
6577,12151,0.0677981662324421,2014-06-02
6578,24316,0.1108874526568045,2014-06-02
6579,28877,0.1160383623568923,2014-06-02
6580,31587,0.0477713354264045,2014-06-02
6581,61567,0.0563312587861906,2014-06-02
6582,66016,0.0629753599391275,2014-06-02
6583,1722,0.0545406028910714,2014-09-02
6584,5709,0.1044214951860877,2014-09-02
6585,10793,0.0481675622820277,2014-09-02
6586,12151,0.0590703242440385,2014-09-02
6587,24316,0.1104595131855306,2014-09-02
6588,28877,0.1230141925902005,2014-09-02
6589,31587,0.0516089462300448,2014-09-02
6590,61567,0.0671268467620868,2014-09-02
6591,66016,0.0599904175173456,2014-09-02
6592,1722,0.0561969629935702,2014-12-01
6593,5709,0.0988117214660977,2014-12-01
6594,11259,0.0469849612381784,2014-12-01
6595,11264,0.0704485827589065,2014-12-01
6596,24316,0.1091080955103345,2014-12-01
6597,28877,0.1174765440962978,2014-12-01
6598,61567,0.0664670121664953,2014-12-01
6599,66016,0.0714097732670412,2014-12-01
6600,144435,0.0544107429581103,2014-12-01
6601,1722,0.0514769571772255,2015-03-02
6602,5709,0.1066235483458735,2015-03-02
6603,9777,0.0476643246567749,2015-03-02
6604,10247,0.0646671034410007,2015-03-02
6605,24316,0.1196589622450118,2015-03-02
6606,28877,0.1137737618055518,2015-03-02
6607,31587,0.0662132421806422,2015-03-02
6608,66016,0.0669910639440405,2015-03-02
6609,144435,0.0528442067731884,2015-03-02
6610,1722,0.0401964150369167,2015-06-01
6611,3026,0.0401964150369167,2015-06-01
6612,3121,0.0401964150369167,2015-06-01
6613,3144,0.0401964150369167,2015-06-01
6614,3170,0.0401964150369167,2015-06-01
6615,3813,0.0444051064550876,2015-06-01
6616,5597,0.0401964150369167,2015-06-01
6617,5709,0.0427630841732025,2015-06-01
6618,8479,0.0401964150369167,2015-06-01
6619,8543,0.0401964150369167,2015-06-01
6620,8762,0.0401964150369167,2015-06-01
6621,10247,0.0463423654437065,2015-06-01
6622,11264,0.0401964150369167,2015-06-01
6623,12151,0.0401964150369167,2015-06-01
6624,29028,0.0401964150369167,2015-06-01
6625,31587,0.0463423654437065,2015-06-01
6626,61567,0.0401964150369167,2015-06-01
6627,66016,0.0463423654437065,2015-06-01
6628,1722,0.0411863848567009,2015-09-01
6629,3026,0.0411863848567009,2015-09-01
6630,3144,0.0411863848567009,2015-09-01
6631,3170,0.0411863848567009,2015-09-01
6632,3505,0.045982614159584,2015-09-01
6633,3813,0.0412952303886413,2015-09-01
6634,8543,0.0411863848567009,2015-09-01
6635,8762,0.0411863848567009,2015-09-01
6636,10247,0.0411863848567009,2015-09-01
6637,1722,0.0424974299967289,2015-12-01
6638,2663,0.0424974299967289,2015-12-01
6639,3026,0.0424974299967289,2015-12-01
6640,3144,0.0424974299967289,2015-12-01
6641,3170,0.0424974299967289,2015-12-01
6642,3813,0.0426070466637611,2015-12-01
6643,5071,0.0424974299967289,2015-12-01
6644,5568,0.0426070466637611,2015-12-01
6645,6375,0.0424974299967289,2015-12-01
6646,6502,0.0424974299967289,2015-12-01
6647,7146,0.0424974299967289,2015-12-01
6648,8543,0.0424974299967289,2015-12-01
6649,10247,0.0424974299967289,2015-12-01
6650,10793,0.0424974299967289,2015-12-01
6651,11259,0.0424974299967289,2015-12-01
6652,11264,0.0424974299967289,2015-12-01
6653,12151,0.0424974299967289,2015-12-01
6654,12756,0.0424974299967289,2015-12-01
6655,66016,0.0426288023591041,2015-12-01
6656,142953,0.0427384190261364,2015-12-01
6657,144435,0.0472455061972141,2015-12-01
6658,1722,0.0423733219504356,2016-03-01
6659,2663,0.0423733219504356,2016-03-01
6660,3026,0.0423733219504356,2016-03-01
6661,3121,0.0423733219504356,2016-03-01
6662,3144,0.0423733219504356,2016-03-01
6663,3505,0.0432273596525192,2016-03-01
6664,3813,0.0423733219504356,2016-03-01
6665,5071,0.0423733219504356,2016-03-01
6666,5597,0.0423733219504356,2016-03-01
6667,5709,0.0465094894170761,2016-03-01
6668,6375,0.0423733219504356,2016-03-01
6669,6435,0.0423733219504356,2016-03-01
6670,6502,0.0423733219504356,2016-03-01
6671,7146,0.0423733219504356,2016-03-01
6672,8479,0.0423733219504356,2016-03-01
6673,8543,0.0423733219504356,2016-03-01
6674,8762,0.0423733219504356,2016-03-01
6675,10247,0.0423733219504356,2016-03-01
6676,10793,0.0423733219504356,2016-03-01
6677,11259,0.0423733219504356,2016-03-01
6678,11264,0.0423733219504356,2016-03-01
6679,12151,0.0423733219504356,2016-03-01
6680,12756,0.0423733219504356,2016-03-01
6681,24316,0.0521477423608303,2016-03-01
6682,28877,0.0465094894170761,2016-03-01
6683,29028,0.0423733219504356,2016-03-01
6684,61567,0.0423733219504356,2016-03-01
6685,66016,0.0423733219504356,2016-03-01
6686,142953,0.0423733219504356,2016-03-01
6687,144435,0.0423733219504356,2016-03-01
6688,1722,0.0422774814069271,2016-06-01
6689,2663,0.0422774814069271,2016-06-01
6690,3026,0.0422774814069271,2016-06-01
6691,3121,0.0422774814069271,2016-06-01
6692,3144,0.0422774814069271,2016-06-01
6693,3362,0.0422774814069271,2016-06-01
6694,3505,0.0435892902314662,2016-06-01
6695,3813,0.0422774814069271,2016-06-01
6696,5071,0.0422774814069271,2016-06-01
6697,5568,0.0422774814069271,2016-06-01
6698,5597,0.0422774814069271,2016-06-01
6699,5709,0.0444316864013671,2016-06-01
6700,6375,0.0422774814069271,2016-06-01
6701,6435,0.0422774814069271,2016-06-01
6702,6502,0.0422774814069271,2016-06-01
6703,7146,0.0422774814069271,2016-06-01
6704,8479,0.0422774814069271,2016-06-01
6705,8543,0.0422774814069271,2016-06-01
6706,8762,0.0422774814069271,2016-06-01
6707,9777,0.0422774814069271,2016-06-01
6708,10247,0.0422774814069271,2016-06-01
6709,10793,0.0422774814069271,2016-06-01
6710,11259,0.0422774814069271,2016-06-01
6711,11264,0.0422774814069271,2016-06-01
6712,12151,0.0422774814069271,2016-06-01
6713,12756,0.0422774814069271,2016-06-01
6714,29028,0.0422774814069271,2016-06-01
6715,31587,0.0422774814069271,2016-06-01
6716,61567,0.0422774814069271,2016-06-01
6717,66016,0.0422774814069271,2016-06-01
6718,142953,0.0422774814069271,2016-06-01
6719,144435,0.0422774814069271,2016-06-01
6720,1722,0.041368905454874,2016-09-01
6721,3026,0.041368905454874,2016-09-01
6722,3144,0.041368905454874,2016-09-01
6723,3362,0.041368905454874,2016-09-01
6724,3505,0.0424563102424144,2016-09-01
6725,10247,0.041368905454874,2016-09-01
6726,11264,0.0436567179858684,2016-09-01
6727,12151,0.041368905454874,2016-09-01
6728,24316,0.0424563102424144,2016-09-01
6729,28877,0.0490439906716346,2016-09-01
6730,1722,0.0435739606618881,2016-12-01
6731,3026,0.0435739606618881,2016-12-01
6732,3121,0.0435739606618881,2016-12-01
6733,3144,0.0435739606618881,2016-12-01
6734,3170,0.0435739606618881,2016-12-01
6735,3362,0.0435739606618881,2016-12-01
6736,3505,0.0437480695545673,2016-12-01
6737,5568,0.0435739606618881,2016-12-01
6738,5709,0.0456939674913883,2016-12-01
6739,8479,0.0709660351276397,2016-12-01
6740,8543,0.0435739606618881,2016-12-01
6741,8762,0.0435739606618881,2016-12-01
6742,11264,0.0435739606618881,2016-12-01
6743,12151,0.0435739606618881,2016-12-01
6744,24316,0.0476388372480869,2016-12-01
6745,28877,0.0439081899821758,2016-12-01
6746,29028,0.0435739606618881,2016-12-01
6747,31587,0.0435739606618881,2016-12-01
6748,61567,0.0435739606618881,2016-12-01
6749,66016,0.0437480695545673,2016-12-01
6750,179621,0.0435739606618881,2016-12-01
6751,1722,0.0422450341284275,2017-03-01
6752,3026,0.0422450341284275,2017-03-01
6753,3121,0.0422450341284275,2017-03-01
6754,3144,0.0422450341284275,2017-03-01
6755,3170,0.0422450341284275,2017-03-01
6756,3362,0.0422450341284275,2017-03-01
6757,3813,0.0422450341284275,2017-03-01
6758,5568,0.0422450341284275,2017-03-01
6759,5709,0.0488110333681106,2017-03-01
6760,8479,0.0422450341284275,2017-03-01
6761,8762,0.0422450341284275,2017-03-01
6762,11264,0.0422450341284275,2017-03-01
6763,12151,0.0429003313183784,2017-03-01
6764,28877,0.0500359088182449,2017-03-01
6765,29028,0.0422450341284275,2017-03-01
6766,31587,0.0422450341284275,2017-03-01
6767,61567,0.0422450341284275,2017-03-01
6768,179621,0.0422450341284275,2017-03-01
6769,1722,0.0416107699275016,2017-06-01
6770,3121,0.0416107699275016,2017-06-01
6771,3144,0.0416107699275016,2017-06-01
6772,3813,0.0416107699275016,2017-06-01
6773,5568,0.0416107699275016,2017-06-01
6774,5709,0.0424689538776874,2017-06-01
6775,8479,0.0416107699275016,2017-06-01
6776,8543,0.0416107699275016,2017-06-01
6777,8762,0.0416107699275016,2017-06-01
6778,11264,0.0416107699275016,2017-06-01
6779,12151,0.0416107699275016,2017-06-01
6780,24316,0.0420299880206584,2017-06-01
6781,28877,0.0490589812397956,2017-06-01
6782,29028,0.0416107699275016,2017-06-01
6783,31587,0.0416107699275016,2017-06-01
6784,61567,0.0416107699275016,2017-06-01
6785,66016,0.0416107699275016,2017-06-01
6786,1722,0.0428923990594851,2017-09-01
6787,3121,0.0532658727063007,2017-09-01
6788,3144,0.04721056857146,2017-09-01
6789,8543,0.0411811512514283,2017-09-01
6790,8762,0.0613990580626337,2017-09-01
6791,10793,0.0611383584638259,2017-09-01
6792,12151,0.0408788839108935,2017-09-01
6793,24316,0.0511303333249708,2017-09-01
6794,28877,0.1435825149775645,2017-09-01
6795,66016,0.04130597138785,2017-09-01
6796,1722,0.04057659196441,2017-12-01
6797,3505,0.0570263405417871,2017-12-01
6798,5709,0.0475028091537816,2017-12-01
6799,6502,0.0467517227635715,2017-12-01
6800,7146,0.0368599801535601,2017-12-01
6801,8543,0.0379204931908706,2017-12-01
6802,10793,0.0359758969844728,2017-12-01
6803,12151,0.0426993324973134,2017-12-01
6804,28877,0.0397925921726844,2017-12-01
6805,142953,0.036756184931422,2017-12-01
6806,3026,0.0401733151101312,2018-03-01
6807,3144,0.0414270586544932,2018-03-01
6808,5568,0.0704008394086958,2018-03-01
6809,5709,0.0903833429466423,2018-03-01
6810,6435,0.0549255541309208,2018-03-01
6811,8543,0.063172781590315,2018-03-01
6812,9777,0.0484898080252146,2018-03-01
6813,12151,0.0653829648357375,2018-03-01
6814,28877,0.0545572798027023,2018-03-01
6815,179621,0.0425173931334643,2018-03-01
6816,1722,0.0416471468337513,2018-06-01
6817,5568,0.0458266350282057,2018-06-01
6818,5709,0.0579293136628518,2018-06-01
6819,6502,0.0438856093431168,2018-06-01
6820,8543,0.0467389696873056,2018-06-01
6821,9777,0.0419748078239599,2018-06-01
6822,10793,0.0484153811147009,2018-06-01
6823,12151,0.047817615226227,2018-06-01
6824,12756,0.0352400199770203,2018-06-01
6825,28790,0.0476032979285645,2018-06-01
6826,1722,0.0319953672587871,2018-09-04
6827,2663,0.0319953672587871,2018-09-04
6828,3026,0.0319953672587871,2018-09-04
6829,3362,0.0319953672587871,2018-09-04
6830,3505,0.0319953672587871,2018-09-04
6831,5071,0.0319953672587871,2018-09-04
6832,5568,0.0319953672587871,2018-09-04
6833,5709,0.0319953672587871,2018-09-04
6834,6375,0.0319953672587871,2018-09-04
6835,7146,0.033655822277069,2018-09-04
6836,8543,0.0319953672587871,2018-09-04
6837,10793,0.033655822277069,2018-09-04
6838,11259,0.0319953672587871,2018-09-04
6839,11264,0.033655822277069,2018-09-04
6840,12756,0.0319953672587871,2018-09-04
6841,24316,0.0368258915841579,2018-09-04
6842,142953,0.0319953672587871,2018-09-04
6843,179621,0.0355820395052433,2018-09-04
6844,1722,0.0317254737019538,2018-12-03
6845,2663,0.0317254737019538,2018-12-03
6846,3144,0.0317254737019538,2018-12-03
6847,3362,0.0317254737019538,2018-12-03
6848,3505,0.0359253734350204,2018-12-03
6849,5071,0.0317254737019538,2018-12-03
6850,5568,0.0317254737019538,2018-12-03
6851,5709,0.0317254737019538,2018-12-03
6852,6375,0.0359253734350204,2018-12-03
6853,6502,0.0317254737019538,2018-12-03
6854,8543,0.0317254737019538,2018-12-03
6855,10247,0.0317254737019538,2018-12-03
6856,10793,0.0359253734350204,2018-12-03
6857,11259,0.0317254737019538,2018-12-03
6858,12151,0.0590568669140338,2018-12-03
6859,12756,0.0317254737019538,2018-12-03
6860,28877,0.0317254737019538,2018-12-03
6861,31587,0.0375301726162433,2018-12-03
6862,142953,0.0317254737019538,2018-12-03
6863,144435,0.0317254737019538,2018-12-03
6864,179621,0.0341574996709823,2018-12-03
6865,1722,0.0434057735825757,2019-03-01
6866,3170,0.0351580890340574,2019-03-01
6867,3362,0.0347004310289603,2019-03-01
6868,3505,0.033674707002968,2019-03-01
6869,5568,0.0281322240860694,2019-03-01
6870,5709,0.0464060163178173,2019-03-01
6871,6375,0.0290801260352272,2019-03-01
6872,6502,0.0283236207843751,2019-03-01
6873,24316,0.0684164264693573,2019-03-01
6874,31587,0.0328655416771989,2019-03-01
6875,1722,0.029534712433815,2019-06-03
6876,2663,0.029534712433815,2019-06-03
6877,3144,0.029534712433815,2019-06-03
6878,3362,0.029534712433815,2019-06-03
6879,3505,0.029534712433815,2019-06-03
6880,5071,0.029534712433815,2019-06-03
6881,5568,0.029534712433815,2019-06-03
6882,6375,0.029534712433815,2019-06-03
6883,6502,0.0303204338997602,2019-06-03
6884,8543,0.029534712433815,2019-06-03
6885,11259,0.029534712433815,2019-06-03
6886,11264,0.029534712433815,2019-06-03
6887,12151,0.0322301611304283,2019-06-03
6888,12756,0.0321032181382179,2019-06-03
6889,28790,0.0409522019326686,2019-06-03
6890,28877,0.029534712433815,2019-06-03
6891,66016,0.0315651595592498,2019-06-03
6892,142953,0.029534712433815,2019-06-03
6893,144435,0.029534712433815,2019-06-03
6894,179621,0.0313425622880458,2019-06-03
6895,1722,0.0328460596501827,2019-09-03
6896,3144,0.0328460596501827,2019-09-03
6897,3362,0.0328460596501827,2019-09-03
6898,3505,0.0328460596501827,2019-09-03
6899,3813,0.0392019674181938,2019-09-03
6900,5071,0.0328460596501827,2019-09-03
6901,5568,0.0328460596501827,2019-09-03
6902,5709,0.0328460596501827,2019-09-03
6903,6375,0.0328460596501827,2019-09-03
6904,6502,0.0440328158438205,2019-09-03
6905,8543,0.0328460596501827,2019-09-03
6906,11259,0.0328460596501827,2019-09-03
6907,11264,0.0328460596501827,2019-09-03
6908,12151,0.0390182845294475,2019-09-03
6909,12756,0.0328460596501827,2019-09-03
6910,28877,0.0328460596501827,2019-09-03
6911,142953,0.0328460596501827,2019-09-03
6912,144435,0.0328460596501827,2019-09-03
6913,1722,0.0405897349119186,2019-12-02
6914,2663,0.0394403859972953,2019-12-02
6915,3144,0.0394403859972953,2019-12-02
6916,5071,0.0394403859972953,2019-12-02
6917,5568,0.0394403859972953,2019-12-02
6918,5709,0.0405897349119186,2019-12-02
6919,6375,0.0402222983539104,2019-12-02
6920,6502,0.0394403859972953,2019-12-02
6921,8479,0.0407253764569759,2019-12-02
6922,11259,0.04038517922163,2019-12-02
6923,11264,0.0394403859972953,2019-12-02
6924,12756,0.0446497350931167,2019-12-02
6925,24316,0.0407143086194992,2019-12-02
6926,28877,0.0394403859972953,2019-12-02
6927,29028,0.0407253764569759,2019-12-02
6928,142953,0.0402222983539104,2019-12-02
6929,1722,0.0404986776411533,2020-03-02
6930,2663,0.0406523160636425,2020-03-02
6931,3144,0.0404012314975261,2020-03-02
6932,3362,0.0404012314975261,2020-03-02
6933,3505,0.0404012314975261,2020-03-02
6934,5071,0.0404012314975261,2020-03-02
6935,6375,0.0404012314975261,2020-03-02
6936,6502,0.0404012314975261,2020-03-02
6937,11259,0.0406523160636425,2020-03-02
6938,11264,0.0404012314975261,2020-03-02
6939,12151,0.044192899018526,2020-03-02
6940,28877,0.0404012314975261,2020-03-02
6941,66016,0.0415194183588027,2020-03-02
6942,142953,0.0404012314975261,2020-03-02
6943,2663,0.0404261445150074,2020-06-01
6944,3362,0.0414298770125868,2020-06-01
6945,5568,0.0478398921379452,2020-06-01
6946,8543,0.0408306390079471,2020-06-01
6947,10793,0.0642408876760826,2020-06-01
6948,12151,0.1166830723628118,2020-06-01
6949,28790,0.0479166128797388,2020-06-01
6950,28877,0.0358689560552565,2020-06-01
6951,142953,0.043324649713238,2020-06-01
6952,179621,0.0364005787965946,2020-06-01
6953,3121,0.037328846040226,2020-09-01
6954,3144,0.037011063194374,2020-09-01
6955,5071,0.040975312820323,2020-09-01
6956,5709,0.0439338023064383,2020-09-01
6957,6375,0.0404229054091087,2020-09-01
6958,8762,0.0396362373770813,2020-09-01
6959,12151,0.0684222985402688,2020-09-01
6960,28790,0.0465800466959489,2020-09-01
6961,29028,0.0432102787185328,2020-09-01
6962,144435,0.0402880292280293,2020-09-01
6963,5568,0.0549322169429953,2020-12-01
6964,5597,0.0440978688166278,2020-12-01
6965,5709,0.0497642814537517,2020-12-01
6966,7146,0.0423708853298727,2020-12-01
6967,10247,0.0454412763149508,2020-12-01
6968,11259,0.0610182504552492,2020-12-01
6969,12151,0.1505095976165,2020-12-01
6970,28790,0.0409128562391705,2020-12-01
6971,28877,0.0613927687193086,2020-12-01
6972,144435,0.0700689824538399,2020-12-01
6973,3144,0.0433678271750162,2021-03-01
6974,3362,0.0339291656969726,2021-03-01
6975,3813,0.0375752217278593,2021-03-01
6976,5709,0.045572802860856,2021-03-01
6977,7146,0.0320065253706835,2021-03-01
6978,8543,0.0418134396661145,2021-03-01
6979,10247,0.0364234846076935,2021-03-01
6980,12151,0.0683334973011929,2021-03-01
6981,28877,0.0304274559409048,2021-03-01
6982,29028,0.0343541418059836,2021-03-01
6983,3144,0.0301499906927347,2021-06-01
6984,3362,0.0320394150912761,2021-06-01
6985,3813,0.0404866375029087,2021-06-01
6986,5568,0.0329669117927551,2021-06-01
6987,5709,0.0362449511885643,2021-06-01
6988,6502,0.0378242172300815,2021-06-01
6989,8543,0.0294044967740774,2021-06-01
6990,11259,0.0307181067764759,2021-06-01
6991,11264,0.0303666610270738,2021-06-01
6992,12756,0.0390746034681797,2021-06-01
6993,3362,0.0495300723576631,2021-09-01
6994,5568,0.0294647822402795,2021-09-01
6995,5709,0.0514540440896641,2021-09-01
6996,6502,0.0385538482335156,2021-09-01
6997,7146,0.0476797530630022,2021-09-01
6998,8479,0.0319265729754895,2021-09-01
6999,8543,0.0390962215990861,2021-09-01
7000,24316,0.0286057292191921,2021-09-01
7001,28790,0.0322945518240219,2021-09-01
7002,28877,0.0442519126693833,2021-09-01
7003,1722,0.029568376019597,2021-12-01
7004,2663,0.029568376019597,2021-12-01
7005,3144,0.029568376019597,2021-12-01
7006,3362,0.029568376019597,2021-12-01
7007,3505,0.029568376019597,2021-12-01
7008,5071,0.029568376019597,2021-12-01
7009,5568,0.029568376019597,2021-12-01
7010,5709,0.029568376019597,2021-12-01
7011,6375,0.029568376019597,2021-12-01
7012,6502,0.029568376019597,2021-12-01
7013,11259,0.029568376019597,2021-12-01
7014,11264,0.029568376019597,2021-12-01
7015,12151,0.0319752767682075,2021-12-01
7016,12756,0.0334669649600982,2021-12-01
7017,28790,0.029568376019597,2021-12-01
7018,28877,0.029568376019597,2021-12-01
7019,142953,0.029568376019597,2021-12-01
7020,2663,0.0254173967987298,2022-03-01
7021,3144,0.0254173967987298,2022-03-01
7022,3362,0.0254173967987298,2022-03-01
7023,3505,0.0254173967987298,2022-03-01
7024,5568,0.0254173967987298,2022-03-01
7025,5709,0.0254173967987298,2022-03-01
7026,6375,0.0254173967987298,2022-03-01
7027,6502,0.0254173967987298,2022-03-01
7028,8543,0.0254173967987298,2022-03-01
7029,11259,0.0254173967987298,2022-03-01
7030,11264,0.0254173967987298,2022-03-01
7031,12151,0.0681380629539489,2022-03-01
7032,12756,0.0254173967987298,2022-03-01
7033,28877,0.0254173967987298,2022-03-01
7034,2663,0.0307121660746035,2022-06-01
7035,3362,0.0328764654223144,2022-06-01
7036,5709,0.0494051955988621,2022-06-01
7037,6502,0.028205095016705,2022-06-01
7038,11259,0.0298793466183199,2022-06-01
7039,12151,0.0505286232238624,2022-06-01
7040,12756,0.0363349178102343,2022-06-01
7041,24316,0.0792985458189566,2022-06-01
7042,28790,0.0427217335282963,2022-06-01
7043,28877,0.0270604406764564,2022-06-01
7044,3362,0.0301929462424751,2022-09-01
7045,5709,0.051109333949745,2022-09-01
7046,6502,0.02706321858838,2022-09-01
7047,8543,0.0224334519553921,2022-09-01
7048,11259,0.0289239573710028,2022-09-01
7049,11264,0.0198615091016156,2022-09-01
7050,12151,0.0646434848884034,2022-09-01
7051,24316,0.0433954938291886,2022-09-01
7052,28790,0.0315131964279559,2022-09-01
7053,28877,0.0289402169083789,2022-09-01
7054,3170,0.016462329166616,2022-12-01
7055,5071,0.013930390595583,2022-12-01
7056,5709,0.0567800254443754,2022-12-01
7057,6502,0.0268714020949965,2022-12-01
7058,8543,0.0217868235492753,2022-12-01
7059,10247,0.0177851067884758,2022-12-01
7060,11259,0.0167923765727599,2022-12-01
7061,12151,0.0342252272408654,2022-12-01
7062,24316,0.0585858556842549,2022-12-01
7063,28790,0.01636192624354,2022-12-01
7064,2663,0.0269095774439672,2023-03-01
7065,3362,0.0271908921423219,2023-03-01
7066,5568,0.019808443733823,2023-03-01
7067,5709,0.0537756275264061,2023-03-01
7068,6502,0.0319992748051866,2023-03-01
7069,8543,0.0189640049213962,2023-03-01
7070,10793,0.024083368542655,2023-03-01
7071,12151,0.0407132753750173,2023-03-01
7072,24316,0.0517271443897035,2023-03-01
7073,28790,0.0308924617558589,2023-03-01
7074,2663,0.0262163781091335,2023-06-01
7075,3144,0.0267384987067959,2023-06-01
7076,3362,0.0230910656429128,2023-06-01
7077,5709,0.0628066939662821,2023-06-01
7078,6502,0.036760828973484,2023-06-01
7079,8543,0.028514324817334,2023-06-01
7080,10793,0.0262734867437748,2023-06-01
7081,12151,0.0358226641865383,2023-06-01
7082,24316,0.0471999500280172,2023-06-01
7083,41897,0.0589034471333685,2023-06-01
7084,2663,0.0220701025131958,2023-09-01
7085,3362,0.0280434109866137,2023-09-01
7086,5568,0.0211745417603045,2023-09-01
7087,5709,0.037071826045098,2023-09-01
7088,6502,0.0280580913834307,2023-09-01
7089,8543,0.020211980397047,2023-09-01
7090,11264,0.0300965735886091,2023-09-01
7091,12151,0.0448944923309832,2023-09-01
7092,24316,0.0235044930256929,2023-09-01
7093,41897,0.0347726247164181,2023-09-01
7094,2663,0.0233139794917568,2023-12-01
7095,3362,0.0258218623745111,2023-12-01
7096,5709,0.044441520309463,2023-12-01
7097,6502,0.0235296934768644,2023-12-01
7098,8543,0.0239121192429907,2023-12-01
7099,10247,0.0199897433635255,2023-12-01
7100,11264,0.025490722051518,2023-12-01
7101,12151,0.0444764873702922,2023-12-01
7102,24316,0.0494177320501945,2023-12-01
7103,41897,0.0426173231428922,2023-12-01
7104,1722,0.0309223093333705,2024-03-01
7105,3362,0.0230142499448648,2024-03-01
7106,5071,0.0233539812165345,2024-03-01
7107,5709,0.0194816246462357,2024-03-01
7108,8543,0.0326133032787316,2024-03-01
7109,11264,0.036793786289728,2024-03-01
7110,28877,0.0209704279770944,2024-03-01
7111,31587,0.0330768095198095,2024-03-01
7112,41897,0.0267232389578601,2024-03-01
7113,179621,0.0195265156458134,2024-03-01
7114,3362,0.0202449161239414,2024-06-03
7115,3813,0.026983000474646,2024-06-03
7116,5071,0.0199521532625718,2024-06-03
7117,8479,0.0149528336916978,2024-06-03
7118,10793,0.0368077676658826,2024-06-03
7119,12756,0.0207173125959742,2024-06-03
7120,24316,0.0166499278247981,2024-06-03
7121,31587,0.0251635616593861,2024-06-03
7122,41897,0.0163118639705628,2024-06-03
7123,61567,0.0166801835121004,2024-06-03
7124,1722,0.0164274457214868,2024-09-03
7125,3121,0.016394025851088,2024-09-03
7126,3505,0.0159037598158224,2024-09-03
7127,3813,0.0214308505422882,2024-09-03
7128,11264,0.0496341069773428,2024-09-03
7129,12151,0.0496341069773428,2024-09-03
7130,24316,0.0117929238336093,2024-09-03
7131,29028,0.0126609711412622,2024-09-03
7132,41897,0.0148492687032488,2024-09-03
7133,61567,0.0123534880556066,2024-09-03
7134,1722,0.0178885386351622,2024-12-02
7135,3362,0.0193889787559979,2024-12-02
7136,3813,0.0262545154244817,2024-12-02
7137,5597,0.0154452274342287,2024-12-02
7138,5709,0.0135155735329149,2024-12-02
7139,6375,0.0108575324648616,2024-12-02
7140,8543,0.0255298274680296,2024-12-02
7141,10793,0.0113830676028603,2024-12-02
7142,11264,0.0551236786274863,2024-12-02
7143,12151,0.0489471432673577,2024-12-02
7144,1602,0.0485886270403334,2001-03-01
7145,2086,0.0410086321702283,2001-03-01
7146,2403,0.0414580537078032,2001-03-01
7147,3504,0.0462207486428501,2001-03-01
7148,8530,0.0525643453093323,2001-03-01
7149,15414,0.0712793452540865,2001-03-01
7150,20904,0.0436593733075752,2001-03-01
7151,23812,0.0854799913191309,2001-03-01
7152,24856,0.0775330891156343,2001-03-01
7153,25880,0.0498701558703274,2001-03-01
7154,30137,0.0775330891156343,2001-03-01
7155,31887,0.0513026936532532,2001-03-01
7156,61483,0.0445249384938335,2001-03-01
7157,133366,0.0775330891156343,2001-03-01
7158,136725,0.0591294444991072,2001-03-01
7159,1078,0.0543109434983622,2001-06-01
7160,2403,0.05128611969709,2001-06-01
7161,8530,0.0587289390722497,2001-06-01
7162,10115,0.043093313196557,2001-06-01
7163,10903,0.0420439842590706,2001-06-01
7164,15414,0.0780330633574611,2001-06-01
7165,20904,0.0645381160065539,2001-06-01
7166,24856,0.0593274787266521,2001-06-01
7167,25279,0.0640904666378366,2001-06-01
7168,25880,0.0505154114598022,2001-06-01
7169,31887,0.0646518559917409,2001-06-01
7170,133366,0.0416517989914618,2001-06-01
7171,136725,0.0476886971695696,2001-06-01
7172,138205,0.0480247000745486,2001-06-01
7173,141384,0.0463948704549827,2001-06-01
7174,2086,0.051026237277579,2001-09-04
7175,7241,0.046212036069115,2001-09-04
7176,7257,0.0626347239699005,2001-09-04
7177,8530,0.0504162305502799,2001-09-04
7178,10530,0.0479012993006727,2001-09-04
7179,15414,0.0733424132030033,2001-09-04
7180,20904,0.0826359122912492,2001-09-04
7181,24344,0.0669366334445816,2001-09-04
7182,24856,0.0977118707482305,2001-09-04
7183,29127,0.0475199520771802,2001-09-04
7184,30137,0.0630729601282708,2001-09-04
7185,31673,0.0691697270933791,2001-09-04
7186,133366,0.0718144152750829,2001-09-04
7187,136725,0.052392983408195,2001-09-04
7188,138205,0.0590574860126868,2001-09-04
7189,2111,0.0559177760991452,2001-12-03
7190,2403,0.0788365603494879,2001-12-03
7191,8530,0.0653960690765265,2001-12-03
7192,10115,0.0576461392747258,2001-12-03
7193,10903,0.0618309259460615,2001-12-03
7194,13700,0.0558495850633271,2001-12-03
7195,15414,0.0670164009993722,2001-12-03
7196,20904,0.0868193621804842,2001-12-03
7197,24856,0.0664020192048063,2001-12-03
7198,25279,0.0568134002390676,2001-12-03
7199,25880,0.0596261180404817,2001-12-03
7200,27914,0.0745158304608585,2001-12-03
7201,30137,0.0664444619619537,2001-12-03
7202,133366,0.0601806000129497,2001-12-03
7203,145046,0.0829633394785286,2001-12-03
7204,1078,0.0398028753697872,2002-03-01
7205,2086,0.0398028753697872,2002-03-01
7206,2403,0.0398028753697872,2002-03-01
7207,2751,0.0380686298012733,2002-03-01
7208,3504,0.0398028753697872,2002-03-01
7209,7171,0.0380686298012733,2002-03-01
7210,8530,0.0398028753697872,2002-03-01
7211,20904,0.0410386584699153,2002-03-01
7212,23812,0.1004522517323494,2002-03-01
7213,24344,0.0458654798567295,2002-03-01
7214,25313,0.0398028753697872,2002-03-01
7215,31887,0.0398028753697872,2002-03-01
7216,61483,0.0398028753697872,2002-03-01
7217,133366,0.04013592004776,2002-03-01
7218,141384,0.1277514547109604,2002-03-01
7219,145552,0.0448802039027214,2002-03-01
7220,1078,0.040398146957159,2002-06-03
7221,2086,0.040398146957159,2002-06-03
7222,2111,0.040398146957159,2002-06-03
7223,2403,0.040398146957159,2002-06-03
7224,3504,0.040398146957159,2002-06-03
7225,3735,0.040398146957159,2002-06-03
7226,4145,0.040398146957159,2002-06-03
7227,7171,0.0447306632995605,2002-06-03
7228,7241,0.040398146957159,2002-06-03
7229,7257,0.091783583164215,2002-06-03
7230,8530,0.040398146957159,2002-06-03
7231,10115,0.040398146957159,2002-06-03
7232,10530,0.040398146957159,2002-06-03
7233,10903,0.040398146957159,2002-06-03
7234,11032,0.040398146957159,2002-06-03
7235,11376,0.0485142655670642,2002-06-03
7236,13700,0.040398146957159,2002-06-03
7237,20904,0.0474697239696979,2002-06-03
7238,23812,0.1194858700037002,2002-06-03
7239,24197,0.040398146957159,2002-06-03
7240,24344,0.1256197690963745,2002-06-03
7241,24782,0.040398146957159,2002-06-03
7242,24856,0.137658417224884,2002-06-03
7243,25279,0.040398146957159,2002-06-03
7244,25313,0.040398146957159,2002-06-03
7245,25880,0.040398146957159,2002-06-03
7246,27914,0.040398146957159,2002-06-03
7247,31673,0.040398146957159,2002-06-03
7248,61483,0.040398146957159,2002-06-03
7249,61494,0.040398146957159,2002-06-03
7250,61574,0.040398146957159,2002-06-03
7251,126554,0.040398146957159,2002-06-03
7252,133366,0.048256978392601,2002-06-03
7253,141384,0.271323949098587,2002-06-03
7254,145046,0.0447306632995605,2002-06-03
7255,145552,0.048256978392601,2002-06-03
7256,2403,0.0567397940139712,2002-09-03
7257,4145,0.0842631696658651,2002-09-03
7258,7241,0.0606667558661931,2002-09-03
7259,7257,0.0589637987337507,2002-09-03
7260,8530,0.0539932784560285,2002-09-03
7261,10903,0.0539672666806366,2002-09-03
7262,24782,0.0522980366132399,2002-09-03
7263,27914,0.0596858226504318,2002-09-03
7264,29127,0.0519646890029164,2002-09-03
7265,30137,0.0528478560217918,2002-09-03
7266,31673,0.0657109355919016,2002-09-03
7267,61483,0.0562354590267174,2002-09-03
7268,126554,0.0631334861800749,2002-09-03
7269,133366,0.0541742870755456,2002-09-03
7270,145552,0.0594429968090897,2002-09-03
7271,1078,0.0642446076229249,2002-12-02
7272,2547,0.0721171011094794,2002-12-02
7273,4145,0.1035607580902754,2002-12-02
7274,8530,0.067639969543237,2002-12-02
7275,11376,0.0636333635266018,2002-12-02
7276,12589,0.0638100527319991,2002-12-02
7277,20904,0.0604553813011332,2002-12-02
7278,27914,0.0789922274247822,2002-12-02
7279,29127,0.0612572494963483,2002-12-02
7280,31673,0.0644642438409356,2002-12-02
7281,61483,0.0641743561944875,2002-12-02
7282,126554,0.0921778791436869,2002-12-02
7283,136725,0.0641261774941016,2002-12-02
7284,141384,0.073028920952788,2002-12-02
7285,145552,0.0740391261817896,2002-12-02
7286,1078,0.0636620420875269,2003-03-03
7287,2086,0.0604264048584182,2003-03-03
7288,2547,0.0673026139077335,2003-03-03
7289,4145,0.0769999841670928,2003-03-03
7290,7241,0.0615225947799224,2003-03-03
7291,8530,0.0729926307916621,2003-03-03
7292,12589,0.0881393014653845,2003-03-03
7293,29127,0.0710402524780535,2003-03-03
7294,30137,0.0625682672934135,2003-03-03
7295,61483,0.073787828110989,2003-03-03
7296,126554,0.0630858191143809,2003-03-03
7297,136725,0.0738777935379846,2003-03-03
7298,141384,0.087820252434954,2003-03-03
7299,145046,0.0663056813875633,2003-03-03
7300,145552,0.078554684578367,2003-03-03
7301,2111,0.0239264499396085,2003-09-02
7302,3504,0.0307096280157566,2003-09-02
7303,3735,0.0307096280157566,2003-09-02
7304,7171,0.0480466485023498,2003-09-02
7305,7228,0.0352583900094032,2003-09-02
7306,7257,0.0239264499396085,2003-09-02
7307,10903,0.0239264499396085,2003-09-02
7308,11032,0.0239264499396085,2003-09-02
7309,12589,0.1317498832941055,2003-09-02
7310,15414,0.0498921982944011,2003-09-02
7311,31673,0.0307096280157566,2003-09-02
7312,31887,0.0471287555992603,2003-09-02
7313,61325,0.050575915724039,2003-09-02
7314,64166,0.0239264499396085,2003-09-02
7315,136725,0.0647346749901771,2003-09-02
7316,141384,0.0304605960845947,2003-09-02
7317,152149,0.0895631685853004,2003-09-02
7318,2547,0.0342890305433826,2003-12-01
7319,3735,0.0386163255645835,2003-12-01
7320,7171,0.0383485156332463,2003-12-01
7321,7241,0.0327493209769653,2003-12-01
7322,7257,0.0309310717233639,2003-12-01
7323,12589,0.067716510330273,2003-12-01
7324,15414,0.0465138067909812,2003-12-01
7325,31673,0.0518755315010039,2003-12-01
7326,61325,0.034653574528685,2003-12-01
7327,61483,0.0348497954085947,2003-12-01
7328,61494,0.0327493209769653,2003-12-01
7329,138205,0.043523565239632,2003-12-01
7330,141384,0.0642490144578744,2003-12-01
7331,145046,0.0328677078749617,2003-12-01
7332,145552,0.0309282191170489,2003-12-01
7333,152149,0.0319481940981058,2003-12-01
7334,1078,0.0354775674282087,2004-03-01
7335,2086,0.0427366127771319,2004-03-01
7336,2403,0.0415760933870368,2004-03-01
7337,2547,0.0436128266881223,2004-03-01
7338,3735,0.0306533421322283,2004-03-01
7339,7241,0.0379186251074593,2004-03-01
7340,7257,0.0297047692096029,2004-03-01
7341,11376,0.0460256450789904,2004-03-01
7342,12589,0.0486672314652428,2004-03-01
7343,27914,0.034148739831963,2004-03-01
7344,31673,0.0396299870686467,2004-03-01
7345,61325,0.037110258117948,2004-03-01
7346,61483,0.0402526409705296,2004-03-01
7347,61494,0.0281469009224619,2004-03-01
7348,133366,0.0365913589075892,2004-03-01
7349,145552,0.0454821626952321,2004-03-01
7350,2086,0.0244078152953828,2004-06-01
7351,2403,0.0274915680196276,2004-06-01
7352,2547,0.0244059241072344,2004-06-01
7353,3504,0.0350770427337299,2004-06-01
7354,3735,0.0270535285530346,2004-06-01
7355,7241,0.032252402946272,2004-06-01
7356,8530,0.0237792954821889,2004-06-01
7357,11376,0.0400419786878452,2004-06-01
7358,12589,0.0392596326306793,2004-06-01
7359,24782,0.0230296275605372,2004-06-01
7360,25313,0.0230225184579952,2004-06-01
7361,27914,0.0283536678328616,2004-06-01
7362,31673,0.0426077884071333,2004-06-01
7363,61483,0.0229999534786898,2004-06-01
7364,133366,0.0396523001426766,2004-06-01
7365,145552,0.0482332520397146,2004-06-01
7366,1078,0.0357724936540301,2004-09-01
7367,2547,0.0422643737626642,2004-09-01
7368,3504,0.0428533982273515,2004-09-01
7369,7241,0.0356407529794468,2004-09-01
7370,7257,0.0372254446537049,2004-09-01
7371,11032,0.0374229954248124,2004-09-01
7372,12589,0.0563629621445667,2004-09-01
7373,24782,0.0363905246878194,2004-09-01
7374,27914,0.0517743008256387,2004-09-01
7375,31673,0.0635511560946217,2004-09-01
7376,61325,0.0381730906456868,2004-09-01
7377,61483,0.0416675010743909,2004-09-01
7378,61494,0.0419706022183848,2004-09-01
7379,133366,0.0666477632479105,2004-09-01
7380,141384,0.0434475634817673,2004-09-01
7381,145552,0.0548833924557619,2004-09-01
7382,1078,0.0362344064240154,2004-12-01
7383,3504,0.0362344064240154,2004-12-01
7384,3735,0.0362344064240154,2004-12-01
7385,7171,0.0475932139501131,2004-12-01
7386,7241,0.0362344064240154,2004-12-01
7387,7257,0.0360271076573683,2004-12-01
7388,7637,0.0345879460800099,2004-12-01
7389,12589,0.0703182338369654,2004-12-01
7390,24197,0.0375441449288829,2004-12-01
7391,24344,0.041045755561797,2004-12-01
7392,31673,0.0574437175081688,2004-12-01
7393,31887,0.0358007567504396,2004-12-01
7394,61325,0.0362344064240154,2004-12-01
7395,61483,0.0360271076573683,2004-12-01
7396,61494,0.0362344064240154,2004-12-01
7397,145552,0.0372836690828712,2004-12-01
7398,1078,0.0505061439263526,2005-03-01
7399,3735,0.0428642396988144,2005-03-01
7400,7241,0.0389417739911437,2005-03-01
7401,7257,0.0461553179781249,2005-03-01
7402,8530,0.0414881920370578,2005-03-01
7403,11032,0.037632247287467,2005-03-01
7404,12589,0.0448154126510487,2005-03-01
7405,24197,0.0478291902311455,2005-03-01
7406,24344,0.0355095848388063,2005-03-01
7407,31673,0.0389062865139205,2005-03-01
7408,61325,0.050921107570018,2005-03-01
7409,61494,0.0412554119017322,2005-03-01
7410,133366,0.0650159492260429,2005-03-01
7411,138205,0.0516162619364999,2005-03-01
7412,141384,0.0566285940212741,2005-03-01
7413,145552,0.048610075976648,2005-03-01
7414,1078,0.031589571496753,2005-06-01
7415,3735,0.0277318812949227,2005-06-01
7416,7257,0.0316246405580855,2005-06-01
7417,8530,0.0314034626192807,2005-06-01
7418,10530,0.0262394199143753,2005-06-01
7419,12589,0.0559857535432026,2005-06-01
7420,24197,0.0332562716341603,2005-06-01
7421,24344,0.0449809463705831,2005-06-01
7422,25880,0.0280986090233308,2005-06-01
7423,31673,0.0611174548069551,2005-06-01
7424,31887,0.0293095484588491,2005-06-01
7425,133366,0.0455584411431532,2005-06-01
7426,138205,0.0296532379019817,2005-06-01
7427,141384,0.0546481117869477,2005-06-01
7428,145552,0.0387558064599889,2005-06-01
7429,162887,0.0410128760607932,2005-06-01
7430,1078,0.0249124057590961,2005-09-01
7431,2086,0.0249124057590961,2005-09-01
7432,2403,0.0249124057590961,2005-09-01
7433,3504,0.025354066863656,2005-09-01
7434,3735,0.0249124057590961,2005-09-01
7435,4145,0.0249124057590961,2005-09-01
7436,7257,0.0249124057590961,2005-09-01
7437,8530,0.0249124057590961,2005-09-01
7438,11032,0.0250955000519752,2005-09-01
7439,11376,0.0249124057590961,2005-09-01
7440,12589,0.0370672009885311,2005-09-01
7441,13700,0.0250955000519752,2005-09-01
7442,23812,0.0273487251251935,2005-09-01
7443,29127,0.0266511682420969,2005-09-01
7444,31673,0.0249124057590961,2005-09-01
7445,31887,0.025354066863656,2005-09-01
7446,61325,0.0250955000519752,2005-09-01
7447,61483,0.0250955000519752,2005-09-01
7448,61494,0.0249124057590961,2005-09-01
7449,133366,0.0316899083554744,2005-09-01
7450,138205,0.0273487251251935,2005-09-01
7451,141384,0.0272828042507171,2005-09-01
7452,145552,0.0273487251251935,2005-09-01
7453,162887,0.0430738627910614,2005-09-01
7454,1078,0.0486225303572557,2005-12-01
7455,2086,0.0304203583602427,2005-12-01
7456,3504,0.0417150025470665,2005-12-01
7457,3735,0.046537767761684,2005-12-01
7458,7257,0.0383371086597683,2005-12-01
7459,11032,0.0504643275600523,2005-12-01
7460,12589,0.0550787217162094,2005-12-01
7461,24197,0.0432819854176947,2005-12-01
7462,24782,0.0385091404178525,2005-12-01
7463,31673,0.0521714380232596,2005-12-01
7464,61325,0.0459764637937033,2005-12-01
7465,64166,0.0313757804905455,2005-12-01
7466,133366,0.0512543838289247,2005-12-01
7467,141384,0.0373825068407289,2005-12-01
7468,145552,0.0512838812258318,2005-12-01
7469,162887,0.0355294926595476,2005-12-01
7470,1078,0.0390627191894513,2006-03-01
7471,2086,0.0390627191894513,2006-03-01
7472,2403,0.0390605503973521,2006-03-01
7473,3735,0.0391310934868285,2006-03-01
7474,7257,0.0390605503973521,2006-03-01
7475,11032,0.0361339150458991,2006-03-01
7476,11376,0.035859926276254,2006-03-01
7477,20904,0.0462777757811984,2006-03-01
7478,24197,0.0408607166938387,2006-03-01
7479,25880,0.0400476473827145,2006-03-01
7480,29127,0.0597555729225882,2006-03-01
7481,61325,0.0479375310872471,2006-03-01
7482,133366,0.0435492627042432,2006-03-01
7483,141384,0.0383539688203091,2006-03-01
7484,145552,0.0424757979548361,2006-03-01
7485,162887,0.0598019255381471,2006-03-01
7486,1078,0.028797610272883,2006-06-01
7487,2751,0.0277861474054536,2006-06-01
7488,3735,0.0257597853492459,2006-06-01
7489,6266,0.0319321632823764,2006-06-01
7490,7228,0.0268723940391489,2006-06-01
7491,7750,0.0258807270454664,2006-06-01
7492,11032,0.0373995969856181,2006-06-01
7493,12589,0.0452692393511407,2006-06-01
7494,25313,0.0248282114500338,2006-06-01
7495,25880,0.0457415448424145,2006-06-01
7496,29127,0.0626403584135983,2006-06-01
7497,31673,0.0469074978001179,2006-06-01
7498,126554,0.0350823786312413,2006-06-01
7499,133366,0.0587481870393901,2006-06-01
7500,141384,0.0457052213274256,2006-06-01
7501,145552,0.0455166651440352,2006-06-01
7502,3504,0.0495665936911045,2006-09-01
7503,3735,0.0418820782630511,2006-09-01
7504,7257,0.0318125323271644,2006-09-01
7505,8530,0.0315637745390178,2006-09-01
7506,11032,0.0391370892946253,2006-09-01
7507,11376,0.0361598494882286,2006-09-01
7508,12589,0.034769633168944,2006-09-01
7509,24197,0.033838620239345,2006-09-01
7510,29127,0.0649863488899859,2006-09-01
7511,31673,0.0566486588853213,2006-09-01
7512,61325,0.0307609085525641,2006-09-01
7513,126554,0.0402540669716207,2006-09-01
7514,133366,0.0658408314852234,2006-09-01
7515,141384,0.0476183717286919,2006-09-01
7516,145046,0.0342919756973384,2006-09-01
7517,145552,0.0568940379215157,2006-09-01
7518,1078,0.0391321057633132,2006-12-01
7519,2086,0.0352992939664913,2006-12-01
7520,3504,0.0378227929698204,2006-12-01
7521,3735,0.0413591173290545,2006-12-01
7522,8530,0.0378543278179507,2006-12-01
7523,11032,0.035965619262954,2006-12-01
7524,12589,0.040143336888154,2006-12-01
7525,24197,0.036155336801973,2006-12-01
7526,25279,0.0414513213474715,2006-12-01
7527,29127,0.0497295324173532,2006-12-01
7528,31673,0.050927502894514,2006-12-01
7529,61325,0.0339135422592983,2006-12-01
7530,126554,0.0406871298167112,2006-12-01
7531,133366,0.0682592547733459,2006-12-01
7532,145552,0.0598849629725641,2006-12-01
7533,152149,0.0364788026067341,2006-12-01
7534,2086,0.0358575904770419,2007-03-01
7535,3504,0.0420354411126686,2007-03-01
7536,3735,0.0439241627900834,2007-03-01
7537,7171,0.0364636364626117,2007-03-01
7538,7637,0.039518193891651,2007-03-01
7539,8530,0.0444313728163405,2007-03-01
7540,11032,0.0438825120574871,2007-03-01
7541,12589,0.0417014392906196,2007-03-01
7542,24197,0.0423677278347398,2007-03-01
7543,25880,0.0378111982331644,2007-03-01
7544,31673,0.0385501754975408,2007-03-01
7545,61325,0.0355077249639149,2007-03-01
7546,133366,0.0708234746138758,2007-03-01
7547,145046,0.0400282084118188,2007-03-01
7548,145552,0.0615116766629169,2007-03-01
7549,152149,0.0485610313538626,2007-03-01
7550,2751,0.034445251733539,2008-06-02
7551,3504,0.0507153993158823,2008-06-02
7552,7257,0.0338148768892888,2008-06-02
7553,10407,0.035574360831226,2008-06-02
7554,11032,0.0508620138305576,2008-06-02
7555,15414,0.0501336811563566,2008-06-02
7556,24344,0.0646253102333882,2008-06-02
7557,25279,0.0498100316558167,2008-06-02
7558,30137,0.096888356898825,2008-06-02
7559,31673,0.058962905721414,2008-06-02
7560,133366,0.0416671639009381,2008-06-02
7561,136725,0.0392950191795383,2008-06-02
7562,145046,0.0459879316210888,2008-06-02
7563,145552,0.0664142322816183,2008-06-02
7564,152149,0.0370842592320326,2008-06-02
7565,162887,0.0715883892571555,2008-06-02
7566,2547,0.0371536492128628,2008-09-02
7567,2751,0.0396447679480977,2008-09-02
7568,3735,0.0381665792190016,2008-09-02
7569,6730,0.0305586501716199,2008-09-02
7570,7171,0.0404273014993393,2008-09-02
7571,7257,0.0332310860976525,2008-09-02
7572,8530,0.0308882231081916,2008-09-02
7573,11376,0.0332310860976525,2008-09-02
7574,24856,0.0323550066718138,2008-09-02
7575,27914,0.0455693555019439,2008-09-02
7576,30137,0.0571227750525136,2008-09-02
7577,64166,0.0330792116580945,2008-09-02
7578,133366,0.0389137261745266,2008-09-02
7579,145046,0.0305586501716199,2008-09-02
7580,152149,0.0491890903437408,2008-09-02
7581,162887,0.0925585873158683,2008-09-02
7582,2547,0.0476876301826866,2008-12-01
7583,3504,0.039539937417055,2008-12-01
7584,7171,0.0475463099568658,2008-12-01
7585,7637,0.0566386775474248,2008-12-01
7586,7750,0.0688367390087149,2008-12-01
7587,23812,0.0390720732657287,2008-12-01
7588,24197,0.0378048404226813,2008-12-01
7589,24856,0.0378258113803663,2008-12-01
7590,27914,0.0485854459120175,2008-12-01
7591,30137,0.0840621106211507,2008-12-01
7592,31673,0.0386051816563118,2008-12-01
7593,136725,0.0378004738839751,2008-12-01
7594,141384,0.0382451733661588,2008-12-01
7595,145552,0.0464414236885822,2008-12-01
7596,162887,0.1062215166347283,2008-12-01
7597,177227,0.0707900063574945,2008-12-01
7598,1078,0.0283115692436695,2009-03-02
7599,2403,0.0283115692436695,2009-03-02
7600,2751,0.0424217730760574,2009-03-02
7601,3504,0.0366704910993576,2009-03-02
7602,3735,0.0283115692436695,2009-03-02
7603,4145,0.0283115692436695,2009-03-02
7604,6730,0.0283115692436695,2009-03-02
7605,7257,0.0283115692436695,2009-03-02
7606,7637,0.0283115692436695,2009-03-02
7607,7750,0.0538089387118816,2009-03-02
7608,8530,0.0283115692436695,2009-03-02
7609,10903,0.0283115692436695,2009-03-02
7610,11032,0.0283115692436695,2009-03-02
7611,11376,0.0283115692436695,2009-03-02
7612,15414,0.0293213482946157,2009-03-02
7613,20904,0.0283115692436695,2009-03-02
7614,23812,0.0283115692436695,2009-03-02
7615,24197,0.0283115692436695,2009-03-02
7616,24782,0.0283115692436695,2009-03-02
7617,24856,0.0283115692436695,2009-03-02
7618,25279,0.0283115692436695,2009-03-02
7619,25313,0.0283115692436695,2009-03-02
7620,25880,0.0283115692436695,2009-03-02
7621,30137,0.0366704910993576,2009-03-02
7622,31673,0.0424217730760574,2009-03-02
7623,31887,0.0283115692436695,2009-03-02
7624,61325,0.0283115692436695,2009-03-02
7625,61494,0.0283115692436695,2009-03-02
7626,126554,0.0283115692436695,2009-03-02
7627,133366,0.0366704910993576,2009-03-02
7628,136725,0.0283115692436695,2009-03-02
7629,141384,0.0283115692436695,2009-03-02
7630,145552,0.0366704910993576,2009-03-02
7631,152149,0.0854303687810897,2009-03-02
7632,162887,0.2927805185317993,2009-03-02
7633,2751,0.0805878789932862,2009-06-01
7634,3504,0.0371992630810424,2009-06-01
7635,4145,0.0362053190448046,2009-06-01
7636,7171,0.0517896679803393,2009-06-01
7637,7750,0.1229464195521822,2009-06-01
7638,12589,0.0696020177201068,2009-06-01
7639,15414,0.0549318741870746,2009-06-01
7640,23812,0.0421317921894717,2009-06-01
7641,25279,0.0581460948835501,2009-06-01
7642,25313,0.0362417318153055,2009-06-01
7643,25880,0.0381331566685601,2009-06-01
7644,27914,0.0780820735965543,2009-06-01
7645,133366,0.0510080343746829,2009-06-01
7646,145552,0.041801553498522,2009-06-01
7647,152149,0.1268587230448193,2009-06-01
7648,162887,0.166599649345021,2009-06-01
7649,1078,0.0395058955014419,2009-09-01
7650,2751,0.1558866745770735,2009-09-01
7651,3504,0.0497069724435104,2009-09-01
7652,3735,0.0390696595591461,2009-09-01
7653,7171,0.0631268101175696,2009-09-01
7654,7257,0.037192845439615,2009-09-01
7655,7750,0.1563016122714131,2009-09-01
7656,10903,0.0383364901577565,2009-09-01
7657,15414,0.0602006065512958,2009-09-01
7658,20904,0.0862081096352267,2009-09-01
7659,25279,0.0662129881167509,2009-09-01
7660,61494,0.037340602199993,2009-09-01
7661,133366,0.0731984984078999,2009-09-01
7662,145552,0.0395773465620975,2009-09-01
7663,152149,0.0787420270607309,2009-09-01
7664,162887,0.07773834308204,2009-09-01
7665,3504,0.0364761452720529,2009-12-01
7666,3735,0.0264818367729186,2009-12-01
7667,7241,0.0184845055829872,2009-12-01
7668,8530,0.0192403755477461,2009-12-01
7669,10903,0.0189138386084405,2009-12-01
7670,11376,0.0193473501353969,2009-12-01
7671,15414,0.0236586544120387,2009-12-01
7672,24856,0.0187886216395333,2009-12-01
7673,25279,0.0222051422856954,2009-12-01
7674,25880,0.0179419486697833,2009-12-01
7675,31673,0.0147930095144686,2009-12-01
7676,61494,0.027134026537113,2009-12-01
7677,133366,0.0372012184733746,2009-12-01
7678,145552,0.0591188593680954,2009-12-01
7679,152149,0.0511688357274365,2009-12-01
7680,162887,0.0143718843095555,2009-12-01
7681,3504,0.0178965467612187,2010-03-01
7682,3735,0.0231932934674079,2010-03-01
7683,7637,0.0166392532100659,2010-03-01
7684,8530,0.0138684682158768,2010-03-01
7685,11376,0.0150262353926377,2010-03-01
7686,12589,0.0176442118193535,2010-03-01
7687,15414,0.010837601046343,2010-03-01
7688,20904,0.0129380582872529,2010-03-01
7689,24856,0.0127484319924521,2010-03-01
7690,25279,0.0356058648282925,2010-03-01
7691,25880,0.0102934808200949,2010-03-01
7692,61494,0.0141430794896391,2010-03-01
7693,133366,0.034619077913913,2010-03-01
7694,145552,0.0575858321628363,2010-03-01
7695,152149,0.0399667443921928,2010-03-01
7696,162887,0.0345418792054807,2010-03-01
7697,2751,0.0236705100429035,2010-06-01
7698,3504,0.0399294153038187,2010-06-01
7699,7637,0.0318357263761843,2010-06-01
7700,7750,0.0356069080543294,2010-06-01
7701,8530,0.036971950304695,2010-06-01
7702,11376,0.0277516098596835,2010-06-01
7703,15414,0.0258318777503126,2010-06-01
7704,20904,0.0298311930866632,2010-06-01
7705,24856,0.0330504189400708,2010-06-01
7706,25279,0.054782212862799,2010-06-01
7707,27914,0.0304859455041593,2010-06-01
7708,133366,0.0448503218540897,2010-06-01
7709,141384,0.045629674850858,2010-06-01
7710,145552,0.0754155343334197,2010-06-01
7711,152149,0.0626339531672239,2010-06-01
7712,162887,0.0373008915892056,2010-06-01
7713,3504,0.046602442698945,2010-09-01
7714,7241,0.0393561101648349,2010-09-01
7715,7637,0.0461981953089289,2010-09-01
7716,7750,0.0445542832977671,2010-09-01
7717,8530,0.0464052261702118,2010-09-01
7718,11376,0.0414846462141622,2010-09-01
7719,12589,0.0470750872993075,2010-09-01
7720,20904,0.0421609763001615,2010-09-01
7721,25279,0.0703421371795788,2010-09-01
7722,29127,0.0365053316702685,2010-09-01
7723,30137,0.0360016047493191,2010-09-01
7724,133366,0.0406553633339645,2010-09-01
7725,141384,0.0376556833869632,2010-09-01
7726,145552,0.0849439357924573,2010-09-01
7727,152149,0.0616752633760999,2010-09-01
7728,162887,0.0449318347314761,2010-09-01
7729,2403,0.0361742160512943,2010-12-01
7730,2751,0.0368692665399012,2010-12-01
7731,3504,0.0510143800897783,2010-12-01
7732,3735,0.0431825035534249,2010-12-01
7733,7241,0.0369834967745624,2010-12-01
7734,7637,0.0484350618512078,2010-12-01
7735,7750,0.0802061945455799,2010-12-01
7736,11376,0.0434265969603443,2010-12-01
7737,12589,0.0414117556108487,2010-12-01
7738,24856,0.0347828199045681,2010-12-01
7739,25279,0.0793041883118532,2010-12-01
7740,27914,0.0408073107114632,2010-12-01
7741,145046,0.0396231351235794,2010-12-01
7742,145552,0.0930602331204925,2010-12-01
7743,152149,0.0759024236248836,2010-12-01
7744,162887,0.0478297773460059,2010-12-01
7745,2403,0.0355311305011056,2011-03-01
7746,2547,0.0373660505035717,2011-03-01
7747,3504,0.0409682095167813,2011-03-01
7748,7241,0.0391906901507632,2011-03-01
7749,7750,0.0362510719434421,2011-03-01
7750,8530,0.0383944815813793,2011-03-01
7751,10903,0.0373494090486132,2011-03-01
7752,11376,0.0363279310196297,2011-03-01
7753,12589,0.0434018961484268,2011-03-01
7754,24856,0.0344762117847914,2011-03-01
7755,25279,0.07408737000698,2011-03-01
7756,27914,0.0386152788118863,2011-03-01
7757,29127,0.0313790583084467,2011-03-01
7758,145046,0.0411522740405777,2011-03-01
7759,145552,0.0919455234161756,2011-03-01
7760,152149,0.0448817064900534,2011-03-01
7761,2403,0.0265959435634247,2011-06-01
7762,2547,0.0253891628124929,2011-06-01
7763,3504,0.0302154000417046,2011-06-01
7764,7171,0.0247436820596139,2011-06-01
7765,7241,0.0306470259483462,2011-06-01
7766,7750,0.0371843381799018,2011-06-01
7767,8530,0.0259530188177131,2011-06-01
7768,10903,0.0316944619633708,2011-06-01
7769,12589,0.0279542392423565,2011-06-01
7770,25279,0.0795074916546012,2011-06-01
7771,27914,0.0384399657032903,2011-06-01
7772,31673,0.0249406894775256,2011-06-01
7773,145046,0.0361710863560548,2011-06-01
7774,145552,0.079503082343886,2011-06-01
7775,152149,0.0344685045877505,2011-06-01
7776,162887,0.0387872862735243,2011-06-01
7777,2403,0.0203691115839538,2011-09-01
7778,3504,0.0206496151471684,2011-09-01
7779,3735,0.0195465347823849,2011-09-01
7780,7241,0.0190780953993056,2011-09-01
7781,7750,0.0223166925624238,2011-09-01
7782,8530,0.0252622666540016,2011-09-01
7783,11376,0.031295118311438,2011-09-01
7784,12589,0.0213679129142322,2011-09-01
7785,20904,0.0219009744834857,2011-09-01
7786,24856,0.0283010253960428,2011-09-01
7787,25279,0.0704419150197616,2011-09-01
7788,27914,0.0294936793415213,2011-09-01
7789,133366,0.0269883835727331,2011-09-01
7790,145046,0.0252880908507362,2011-09-01
7791,145552,0.0682070866478803,2011-09-01
7792,152149,0.0392577163000308,2011-09-01
7793,2086,0.0346373493514582,2011-12-01
7794,4145,0.0427223763534041,2011-12-01
7795,7171,0.0696591732363725,2011-12-01
7796,7637,0.0438376079873165,2011-12-01
7797,8530,0.0278585799736381,2011-12-01
7798,11376,0.035363409738175,2011-12-01
7799,24856,0.0319068123708779,2011-12-01
7800,25279,0.0707723448780844,2011-12-01
7801,27914,0.0295189256500424,2011-12-01
7802,30137,0.0421377050757489,2011-12-01
7803,31673,0.0549707727695723,2011-12-01
7804,61325,0.0316986824190116,2011-12-01
7805,133366,0.0355661514451539,2011-12-01
7806,145552,0.0322961842580411,2011-12-01
7807,152149,0.0637413315142833,2011-12-01
7808,177227,0.0364693184498807,2011-12-01
7809,2220,0.0359868398618884,2012-03-01
7810,2547,0.0386320920200136,2012-03-01
7811,7241,0.0384304857374832,2012-03-01
7812,10903,0.038931190741855,2012-03-01
7813,11032,0.042098608164163,2012-03-01
7814,11376,0.038586056133428,2012-03-01
7815,12589,0.0450305305222141,2012-03-01
7816,25279,0.0688458430791639,2012-03-01
7817,25313,0.030994057229207,2012-03-01
7818,30137,0.0320222234727078,2012-03-01
7819,61494,0.0393281278133305,2012-03-01
7820,133366,0.0317876325975812,2012-03-01
7821,137131,0.033970194519113,2012-03-01
7822,145046,0.0351151922218088,2012-03-01
7823,145552,0.0523324714058566,2012-03-01
7824,152149,0.0350686970505928,2012-03-01
7825,2086,0.023330346009075,2012-06-01
7826,2751,0.042291854344593,2012-06-01
7827,7171,0.0323747877450981,2012-06-01
7828,7637,0.037634588889662,2012-06-01
7829,7750,0.0574442779080287,2012-06-01
7830,13700,0.0246211889040205,2012-06-01
7831,15414,0.0303931719977662,2012-06-01
7832,24856,0.0291101025778437,2012-06-01
7833,25279,0.0440671086409769,2012-06-01
7834,30137,0.0528083132952083,2012-06-01
7835,31673,0.0775588299727866,2012-06-01
7836,133366,0.0326629902249698,2012-06-01
7837,145046,0.034717536746973,2012-06-01
7838,145552,0.0427094458126331,2012-06-01
7839,162887,0.0455198312028382,2012-06-01
7840,177227,0.0358258288909644,2012-06-01
7841,2547,0.0185641441494226,2012-09-04
7842,2751,0.0262430943548679,2012-09-04
7843,3504,0.0230871643871068,2012-09-04
7844,8530,0.0218263398855924,2012-09-04
7845,11032,0.0170350559055805,2012-09-04
7846,15414,0.0218263398855924,2012-09-04
7847,23812,0.0169990826398134,2012-09-04
7848,24344,0.0176569335162639,2012-09-04
7849,25279,0.0543849803507328,2012-09-04
7850,31673,0.0234690811485052,2012-09-04
7851,133366,0.0218263398855924,2012-09-04
7852,136725,0.0184479691088199,2012-09-04
7853,145046,0.0217151567339897,2012-09-04
7854,145552,0.0285270269960165,2012-09-04
7855,162887,0.0296495668590068,2012-09-04
7856,177227,0.0213914718478918,2012-09-04
7857,2220,0.0180822685360908,2012-12-03
7858,2547,0.0225825756788253,2012-12-03
7859,2751,0.028081489726901,2012-12-03
7860,3504,0.0177075210958719,2012-12-03
7861,8530,0.0221175942569971,2012-12-03
7862,10407,0.0183931346982717,2012-12-03
7863,10903,0.0177075210958719,2012-12-03
7864,11032,0.0184250362217426,2012-12-03
7865,12589,0.0221175942569971,2012-12-03
7866,15414,0.0221175942569971,2012-12-03
7867,25279,0.0854241326451301,2012-12-03
7868,27914,0.0222716629505157,2012-12-03
7869,133366,0.0216668415814638,2012-12-03
7870,136725,0.0177075210958719,2012-12-03
7871,145046,0.0222716629505157,2012-12-03
7872,177227,0.0211731605231761,2012-12-03
7873,2220,0.0247101206332445,2013-03-01
7874,2547,0.0218984205275774,2013-03-01
7875,2751,0.0289029069244861,2013-03-01
7876,8530,0.0235428139567375,2013-03-01
7877,10530,0.022171176970005,2013-03-01
7878,11032,0.0218984205275774,2013-03-01
7879,12589,0.0370945781469345,2013-03-01
7880,13721,0.0332264080643653,2013-03-01
7881,15414,0.0235428139567375,2013-03-01
7882,16101,0.0446503311395645,2013-03-01
7883,25279,0.093705803155899,2013-03-01
7884,30137,0.035804983228445,2013-03-01
7885,31887,0.0232088472694158,2013-03-01
7886,133366,0.0235428139567375,2013-03-01
7887,136725,0.0294935144484043,2013-03-01
7888,138205,0.0258946325629949,2013-03-01
7889,145046,0.0250778347253799,2013-03-01
7890,177227,0.0465082675218582,2013-03-01
7891,1602,0.0206907298415899,2013-06-03
7892,2086,0.0206907298415899,2013-06-03
7893,2111,0.0206907298415899,2013-06-03
7894,2220,0.0206907298415899,2013-06-03
7895,2751,0.0302369520068168,2013-06-03
7896,3504,0.0206907298415899,2013-06-03
7897,3735,0.0206907298415899,2013-06-03
7898,6266,0.0206907298415899,2013-06-03
7899,6730,0.0206907298415899,2013-06-03
7900,7228,0.0206907298415899,2013-06-03
7901,7241,0.0206907298415899,2013-06-03
7902,7257,0.0206907298415899,2013-06-03
7903,8530,0.0226839836686849,2013-06-03
7904,10115,0.0206907298415899,2013-06-03
7905,10407,0.0206907298415899,2013-06-03
7906,10530,0.0206907298415899,2013-06-03
7907,10903,0.0206907298415899,2013-06-03
7908,11032,0.0206907298415899,2013-06-03
7909,11376,0.0206907298415899,2013-06-03
7910,13700,0.0206907298415899,2013-06-03
7911,14960,0.0206907298415899,2013-06-03
7912,15414,0.0226839836686849,2013-06-03
7913,23812,0.0206907298415899,2013-06-03
7914,24197,0.0206907298415899,2013-06-03
7915,24344,0.0208471119403839,2013-06-03
7916,24468,0.0206907298415899,2013-06-03
7917,24782,0.0206907298415899,2013-06-03
7918,25313,0.0206907298415899,2013-06-03
7919,25880,0.0206907298415899,2013-06-03
7920,27914,0.0206907298415899,2013-06-03
7921,31673,0.0213510431349277,2013-06-03
7922,31887,0.0206907298415899,2013-06-03
7923,61325,0.0206907298415899,2013-06-03
7924,61494,0.0206907298415899,2013-06-03
7925,61574,0.0206907298415899,2013-06-03
7926,64166,0.0206907298415899,2013-06-03
7927,65772,0.0206907298415899,2013-06-03
7928,126554,0.0206907298415899,2013-06-03
7929,133366,0.0226839836686849,2013-06-03
7930,137131,0.0206907298415899,2013-06-03
7931,144559,0.0206907298415899,2013-06-03
7932,145046,0.0206907298415899,2013-06-03
7933,162887,0.0276010856032371,2013-06-03
7934,1078,0.0261348783969879,2013-09-03
7935,2403,0.0261348783969879,2013-09-03
7936,3504,0.0261348783969879,2013-09-03
7937,3735,0.0261348783969879,2013-09-03
7938,4145,0.0261348783969879,2013-09-03
7939,6730,0.0261348783969879,2013-09-03
7940,7228,0.0261348783969879,2013-09-03
7941,7241,0.0261348783969879,2013-09-03
7942,7257,0.0261348783969879,2013-09-03
7943,8530,0.0284824408590793,2013-09-03
7944,10115,0.0261348783969879,2013-09-03
7945,11376,0.0261348783969879,2013-09-03
7946,13700,0.0261348783969879,2013-09-03
7947,15414,0.0284824408590793,2013-09-03
7948,24344,0.0377339422702789,2013-09-03
7949,24856,0.0261348783969879,2013-09-03
7950,25313,0.0261348783969879,2013-09-03
7951,25880,0.0261348783969879,2013-09-03
7952,30137,0.0367339700460433,2013-09-03
7953,31673,0.0359690487384796,2013-09-03
7954,31887,0.0261348783969879,2013-09-03
7955,61325,0.0261348783969879,2013-09-03
7956,61494,0.0261348783969879,2013-09-03
7957,64166,0.0261348783969879,2013-09-03
7958,65967,0.0261348783969879,2013-09-03
7959,126554,0.0261348783969879,2013-09-03
7960,133366,0.0284824408590793,2013-09-03
7961,137131,0.0261348783969879,2013-09-03
7962,141384,0.0261348783969879,2013-09-03
7963,145552,0.0313835889101028,2013-09-03
7964,162887,0.0296267308294773,2013-09-03
7965,1078,0.0263211727142334,2013-12-02
7966,2086,0.0263211727142334,2013-12-02
7967,2111,0.0263211727142334,2013-12-02
7968,2220,0.0263211727142334,2013-12-02
7969,2403,0.0263211727142334,2013-12-02
7970,2547,0.0263211727142334,2013-12-02
7971,2751,0.0263211727142334,2013-12-02
7972,3504,0.0263211727142334,2013-12-02
7973,3735,0.0263211727142334,2013-12-02
7974,4145,0.0263211727142334,2013-12-02
7975,6266,0.0263211727142334,2013-12-02
7976,6730,0.0263211727142334,2013-12-02
7977,7171,0.0263211727142334,2013-12-02
7978,7228,0.0263211727142334,2013-12-02
7979,7241,0.0263211727142334,2013-12-02
7980,7257,0.0263211727142334,2013-12-02
7981,7637,0.0263211727142334,2013-12-02
7982,7750,0.0263211727142334,2013-12-02
7983,8530,0.0273695718497037,2013-12-02
7984,10115,0.0263211727142334,2013-12-02
7985,10407,0.0263211727142334,2013-12-02
7986,10530,0.0263211727142334,2013-12-02
7987,10903,0.0263211727142334,2013-12-02
7988,11032,0.0263211727142334,2013-12-02
7989,11376,0.0263211727142334,2013-12-02
7990,12589,0.0263211727142334,2013-12-02
7991,13700,0.0263211727142334,2013-12-02
7992,13721,0.027422709390521,2013-12-02
7993,14960,0.0263211727142334,2013-12-02
7994,15414,0.0267409346997737,2013-12-02
7995,16101,0.027422709390521,2013-12-02
7996,20904,0.0263211727142334,2013-12-02
7997,24344,0.0368261337280273,2013-12-02
7998,24468,0.0263211727142334,2013-12-02
7999,24782,0.0263211727142334,2013-12-02
8000,25313,0.0263211727142334,2013-12-02
8001,25880,0.0263211727142334,2013-12-02
8002,27914,0.0263211727142334,2013-12-02
8003,30137,0.0313547402620315,2013-12-02
8004,31673,0.0291753802448511,2013-12-02
8005,31887,0.0263211727142334,2013-12-02
8006,61325,0.0263211727142334,2013-12-02
8007,61483,0.0263211727142334,2013-12-02
8008,61494,0.0263211727142334,2013-12-02
8009,61574,0.0263211727142334,2013-12-02
8010,64166,0.0263211727142334,2013-12-02
8011,65967,0.0263211727142334,2013-12-02
8012,126554,0.0263211727142334,2013-12-02
8013,133366,0.0284398980438709,2013-12-02
8014,137131,0.0263211727142334,2013-12-02
8015,138205,0.0263211727142334,2013-12-02
8016,141384,0.0263211727142334,2013-12-02
8017,144559,0.0263211727142334,2013-12-02
8018,145046,0.0263211727142334,2013-12-02
8019,145552,0.0317932665348053,2013-12-02
8020,152149,0.0263211727142334,2013-12-02
8021,2403,0.0354700550360805,2014-03-03
8022,10903,0.0362552974003365,2014-03-03
8023,12589,0.0337654272475523,2014-03-03
8024,14960,0.0361424000539947,2014-03-03
8025,16101,0.0387417696367135,2014-03-03
8026,17928,0.0352334604682673,2014-03-03
8027,20904,0.033458508960079,2014-03-03
8028,23812,0.0398237128757302,2014-03-03
8029,24197,0.0465880956515819,2014-03-03
8030,24344,0.0591807264647768,2014-03-03
8031,29127,0.0386168544852116,2014-03-03
8032,30137,0.0609414701424378,2014-03-03
8033,31673,0.0515946747368368,2014-03-03
8034,133366,0.0340241678763159,2014-03-03
8035,137131,0.0361424000539947,2014-03-03
8036,145552,0.1040112204717534,2014-03-03
8037,152149,0.0339178935296794,2014-03-03
8038,2547,0.0323222393277146,2014-06-02
8039,2751,0.0318477488534574,2014-06-02
8040,3504,0.0283628492987522,2014-06-02
8041,7171,0.0352148945651891,2014-06-02
8042,7750,0.0316101916869337,2014-06-02
8043,11032,0.0263676307213422,2014-06-02
8044,14960,0.0280136980341179,2014-06-02
8045,25279,0.0382055997689696,2014-06-02
8046,27914,0.0400492923671752,2014-06-02
8047,30137,0.0373975089670999,2014-06-02
8048,31673,0.0349144223391453,2014-06-02
8049,64166,0.0262312750448338,2014-06-02
8050,133366,0.0375759922267065,2014-06-02
8051,145046,0.0462988994627798,2014-06-02
8052,145552,0.0454490704877853,2014-06-02
8053,152149,0.03011514378954,2014-06-02
8054,162887,0.0392996483260196,2014-06-02
8055,1078,0.028191827237606,2014-09-02
8056,1602,0.028191827237606,2014-09-02
8057,2086,0.0294069275259971,2014-09-02
8058,2111,0.028191827237606,2014-09-02
8059,2220,0.028191827237606,2014-09-02
8060,2403,0.028191827237606,2014-09-02
8061,2547,0.0294069275259971,2014-09-02
8062,2751,0.028191827237606,2014-09-02
8063,3735,0.028191827237606,2014-09-02
8064,4145,0.028191827237606,2014-09-02
8065,6266,0.028191827237606,2014-09-02
8066,6730,0.028191827237606,2014-09-02
8067,7171,0.028191827237606,2014-09-02
8068,7228,0.028191827237606,2014-09-02
8069,7241,0.028191827237606,2014-09-02
8070,7257,0.028191827237606,2014-09-02
8071,7637,0.028191827237606,2014-09-02
8072,7750,0.0294069275259971,2014-09-02
8073,8530,0.0310354828834533,2014-09-02
8074,10115,0.028191827237606,2014-09-02
8075,10407,0.028191827237606,2014-09-02
8076,10530,0.028191827237606,2014-09-02
8077,10903,0.0294069275259971,2014-09-02
8078,11032,0.028191827237606,2014-09-02
8079,11376,0.028191827237606,2014-09-02
8080,12589,0.0294069275259971,2014-09-02
8081,13700,0.028191827237606,2014-09-02
8082,13721,0.028191827237606,2014-09-02
8083,14960,0.028191827237606,2014-09-02
8084,16101,0.028191827237606,2014-09-02
8085,23812,0.028191827237606,2014-09-02
8086,24197,0.028191827237606,2014-09-02
8087,24344,0.0294069275259971,2014-09-02
8088,24468,0.028191827237606,2014-09-02
8089,24782,0.028191827237606,2014-09-02
8090,24856,0.0294069275259971,2014-09-02
8091,25279,0.0310354828834533,2014-09-02
8092,25880,0.028191827237606,2014-09-02
8093,27914,0.028191827237606,2014-09-02
8094,30137,0.0310354828834533,2014-09-02
8095,31673,0.0294069275259971,2014-09-02
8096,31887,0.028191827237606,2014-09-02
8097,61325,0.028191827237606,2014-09-02
8098,61483,0.028191827237606,2014-09-02
8099,61494,0.028191827237606,2014-09-02
8100,61574,0.028191827237606,2014-09-02
8101,64166,0.028191827237606,2014-09-02
8102,65772,0.028191827237606,2014-09-02
8103,65967,0.0294955521821975,2014-09-02
8104,126554,0.028191827237606,2014-09-02
8105,133366,0.0310354828834533,2014-09-02
8106,137131,0.028191827237606,2014-09-02
8107,138205,0.028191827237606,2014-09-02
8108,141384,0.028191827237606,2014-09-02
8109,144559,0.028191827237606,2014-09-02
8110,145046,0.0307106524705886,2014-09-02
8111,145552,0.028191827237606,2014-09-02
8112,162887,0.0310354828834533,2014-09-02
8113,1602,0.038386503013706,2014-12-01
8114,2220,0.0318606447178807,2014-12-01
8115,2403,0.0306578560408025,2014-12-01
8116,7750,0.0349087578089793,2014-12-01
8117,12589,0.0308726545626745,2014-12-01
8118,15414,0.0421498419685903,2014-12-01
8119,16101,0.0374368457166614,2014-12-01
8120,20228,0.0437768791616974,2014-12-01
8121,21841,0.0721012597856325,2014-12-01
8122,24782,0.0305756170547808,2014-12-01
8123,31673,0.0581162028893372,2014-12-01
8124,31887,0.036006297406988,2014-12-01
8125,65967,0.047875256805124,2014-12-01
8126,133366,0.038035315974633,2014-12-01
8127,141384,0.0386381112632572,2014-12-01
8128,145046,0.0409905295767569,2014-12-01
8129,162887,0.0505234472033752,2014-12-01
8130,177227,0.0463156288916572,2014-12-01
8131,1602,0.0377843766680737,2015-03-02
8132,2751,0.050290823655993,2015-03-02
8133,7171,0.0517152506266927,2015-03-02
8134,7228,0.0371205207579025,2015-03-02
8135,7750,0.0388911715041591,2015-03-02
8136,21841,0.0453343849975257,2015-03-02
8137,24344,0.0393714840386895,2015-03-02
8138,24856,0.0373239513742665,2015-03-02
8139,25279,0.0474341279166831,2015-03-02
8140,27914,0.0439391453476508,2015-03-02
8141,30137,0.0464529659696003,2015-03-02
8142,31673,0.0522113689868567,2015-03-02
8143,61483,0.0395426429846747,2015-03-02
8144,144559,0.0384313016373096,2015-03-02
8145,145046,0.0438960181455331,2015-03-02
8146,145552,0.0410444656243249,2015-03-02
8147,152149,0.0452721047639167,2015-03-02
8148,177227,0.04023871915923,2015-03-02
8149,1602,0.0369984667531937,2015-06-01
8150,2751,0.0454462611961785,2015-06-01
8151,7171,0.0443683668590542,2015-06-01
8152,7228,0.0374174460393753,2015-06-01
8153,7750,0.0386099194814204,2015-06-01
8154,10903,0.0349746380316417,2015-06-01
8155,21841,0.0370730966503891,2015-06-01
8156,25279,0.0410070266645731,2015-06-01
8157,27914,0.0414360395275846,2015-06-01
8158,30137,0.0464661554206313,2015-06-01
8159,31673,0.0406454015212476,2015-06-01
8160,61483,0.0369119782234217,2015-06-01
8161,144559,0.0377628207141699,2015-06-01
8162,145046,0.0471127391994203,2015-06-01
8163,145552,0.034601874724322,2015-06-01
8164,152149,0.0398704649638705,2015-06-01
8165,162887,0.038938484075322,2015-06-01
8166,177227,0.0374911453057597,2015-06-01
8167,1602,0.0391564103042254,2015-09-01
8168,2751,0.0479416957083181,2015-09-01
8169,7171,0.0519996299020605,2015-09-01
8170,7750,0.0455692340797879,2015-09-01
8171,10903,0.039385730665669,2015-09-01
8172,20228,0.0398145165000086,2015-09-01
8173,21841,0.0425792987794499,2015-09-01
8174,24344,0.0395278960079658,2015-09-01
8175,25279,0.0420721406654872,2015-09-01
8176,27914,0.038042404230673,2015-09-01
8177,29127,0.0395399787590777,2015-09-01
8178,30137,0.0512674499861297,2015-09-01
8179,31673,0.0420935499563183,2015-09-01
8180,65967,0.0364645088413695,2015-09-01
8181,144559,0.0368069971872961,2015-09-01
8182,145046,0.0423294080300014,2015-09-01
8183,152149,0.0446062325353731,2015-09-01
8184,177227,0.0435693379724054,2015-09-01
8185,1602,0.0422150501151636,2015-12-01
8186,2086,0.0462921867287577,2015-12-01
8187,2547,0.0408014676255184,2015-12-01
8188,2751,0.0524038369095075,2015-12-01
8189,7171,0.0538059010641229,2015-12-01
8190,7241,0.0423787709506276,2015-12-01
8191,7750,0.0555366253123696,2015-12-01
8192,10903,0.0426616363188931,2015-12-01
8193,12589,0.0456196918247743,2015-12-01
8194,24856,0.0416376572713601,2015-12-01
8195,25279,0.0423481903652964,2015-12-01
8196,30137,0.0443160598022236,2015-12-01
8197,31673,0.0458399446190873,2015-12-01
8198,64166,0.0438805001678825,2015-12-01
8199,145046,0.0490337244727542,2015-12-01
8200,145552,0.0474689291307776,2015-12-01
8201,152149,0.0495126923413654,2015-12-01
8202,177227,0.0445247737766892,2015-12-01
8203,1078,0.0328268818557262,2016-03-01
8204,1602,0.0328268818557262,2016-03-01
8205,2086,0.0328268818557262,2016-03-01
8206,2111,0.0328268818557262,2016-03-01
8207,2220,0.0328268818557262,2016-03-01
8208,2403,0.0348730012774467,2016-03-01
8209,2547,0.0328268818557262,2016-03-01
8210,2751,0.0328268818557262,2016-03-01
8211,3504,0.0328268818557262,2016-03-01
8212,3735,0.0328268818557262,2016-03-01
8213,4145,0.0328268818557262,2016-03-01
8214,6266,0.0328268818557262,2016-03-01
8215,6730,0.0328268818557262,2016-03-01
8216,7171,0.0328268818557262,2016-03-01
8217,7228,0.0328268818557262,2016-03-01
8218,7241,0.0328268818557262,2016-03-01
8219,7257,0.0328268818557262,2016-03-01
8220,7637,0.0328268818557262,2016-03-01
8221,7750,0.0376367233693599,2016-03-01
8222,8530,0.0348730012774467,2016-03-01
8223,10115,0.0328268818557262,2016-03-01
8224,10407,0.0328268818557262,2016-03-01
8225,10530,0.0328268818557262,2016-03-01
8226,10903,0.0328268818557262,2016-03-01
8227,11032,0.0328268818557262,2016-03-01
8228,11376,0.0328268818557262,2016-03-01
8229,12589,0.0328268818557262,2016-03-01
8230,13700,0.0328268818557262,2016-03-01
8231,13721,0.0328268818557262,2016-03-01
8232,14960,0.0328268818557262,2016-03-01
8233,15414,0.0328268818557262,2016-03-01
8234,16101,0.0328268818557262,2016-03-01
8235,20228,0.0328268818557262,2016-03-01
8236,20904,0.0328268818557262,2016-03-01
8237,21841,0.0340358093380928,2016-03-01
8238,23812,0.0328268818557262,2016-03-01
8239,24344,0.0348730012774467,2016-03-01
8240,24468,0.0328268818557262,2016-03-01
8241,24782,0.0348730012774467,2016-03-01
8242,24856,0.0348730012774467,2016-03-01
8243,25279,0.0354616455733776,2016-03-01
8244,25313,0.0328268818557262,2016-03-01
8245,25880,0.0328268818557262,2016-03-01
8246,27914,0.0328268818557262,2016-03-01
8247,29127,0.0328268818557262,2016-03-01
8248,30137,0.0354616455733776,2016-03-01
8249,31673,0.0471905022859573,2016-03-01
8250,31887,0.0328268818557262,2016-03-01
8251,61325,0.0328268818557262,2016-03-01
8252,61483,0.0348730012774467,2016-03-01
8253,61494,0.0328268818557262,2016-03-01
8254,61574,0.0328268818557262,2016-03-01
8255,64166,0.033890001475811,2016-03-01
8256,65772,0.0328268818557262,2016-03-01
8257,65967,0.0328268818557262,2016-03-01
8258,126554,0.0328268818557262,2016-03-01
8259,133366,0.0328268818557262,2016-03-01
8260,137131,0.0328268818557262,2016-03-01
8261,138205,0.0328268818557262,2016-03-01
8262,141384,0.0328268818557262,2016-03-01
8263,144559,0.0328268818557262,2016-03-01
8264,145046,0.0328268818557262,2016-03-01
8265,145552,0.0328268818557262,2016-03-01
8266,152149,0.0328268818557262,2016-03-01
8267,162887,0.0334155261516571,2016-03-01
8268,177227,0.0348730012774467,2016-03-01
8269,1078,0.0334448628127574,2016-06-01
8270,1602,0.0334448628127574,2016-06-01
8271,2086,0.0334448628127574,2016-06-01
8272,2111,0.0334448628127574,2016-06-01
8273,2220,0.0334448628127574,2016-06-01
8274,2403,0.0334448628127574,2016-06-01
8275,2547,0.0355010293424129,2016-06-01
8276,2751,0.0355010293424129,2016-06-01
8277,3504,0.0334448628127574,2016-06-01
8278,3735,0.0334448628127574,2016-06-01
8279,4145,0.0334448628127574,2016-06-01
8280,6266,0.0334448628127574,2016-06-01
8281,6730,0.0334448628127574,2016-06-01
8282,7171,0.0355010293424129,2016-06-01
8283,7228,0.0334448628127574,2016-06-01
8284,7241,0.0334448628127574,2016-06-01
8285,7257,0.0334448628127574,2016-06-01
8286,7637,0.0334448628127574,2016-06-01
8287,7750,0.0393618680536747,2016-06-01
8288,8530,0.0334448628127574,2016-06-01
8289,10115,0.0334448628127574,2016-06-01
8290,10407,0.0334448628127574,2016-06-01
8291,10530,0.0334448628127574,2016-06-01
8292,10903,0.0334448628127574,2016-06-01
8293,11032,0.0334448628127574,2016-06-01
8294,11376,0.0334448628127574,2016-06-01
8295,12589,0.0355010293424129,2016-06-01
8296,13700,0.0334448628127574,2016-06-01
8297,13721,0.0355010293424129,2016-06-01
8298,14960,0.0334448628127574,2016-06-01
8299,15414,0.0334448628127574,2016-06-01
8300,16101,0.0355010293424129,2016-06-01
8301,20228,0.0355010293424129,2016-06-01
8302,20904,0.0334448628127574,2016-06-01
8303,21841,0.0578802898526191,2016-06-01
8304,23812,0.0334448628127574,2016-06-01
8305,24344,0.0334448628127574,2016-06-01
8306,24468,0.0334448628127574,2016-06-01
8307,24782,0.0334448628127574,2016-06-01
8308,24856,0.0334448628127574,2016-06-01
8309,25279,0.0334448628127574,2016-06-01
8310,25313,0.0334448628127574,2016-06-01
8311,25880,0.0334448628127574,2016-06-01
8312,27914,0.0334448628127574,2016-06-01
8313,29127,0.0355010293424129,2016-06-01
8314,31673,0.0383504927158355,2016-06-01
8315,31887,0.0334448628127574,2016-06-01
8316,61325,0.0334448628127574,2016-06-01
8317,61483,0.0334448628127574,2016-06-01
8318,61494,0.0334448628127574,2016-06-01
8319,61574,0.0334448628127574,2016-06-01
8320,64166,0.0334448628127574,2016-06-01
8321,65772,0.0334448628127574,2016-06-01
8322,65967,0.0357003547251224,2016-06-01
8323,126554,0.0334448628127574,2016-06-01
8324,133366,0.0334448628127574,2016-06-01
8325,137131,0.0334448628127574,2016-06-01
8326,138205,0.0334448628127574,2016-06-01
8327,141384,0.0334448628127574,2016-06-01
8328,144559,0.0334448628127574,2016-06-01
8329,145046,0.0334448628127574,2016-06-01
8330,145552,0.0334448628127574,2016-06-01
8331,152149,0.0355010293424129,2016-06-01
8332,162887,0.0366155728697776,2016-06-01
8333,177227,0.0355010293424129,2016-06-01
8334,1078,0.0301927104592323,2016-09-01
8335,1602,0.0301927104592323,2016-09-01
8336,2086,0.0301927104592323,2016-09-01
8337,2111,0.0301927104592323,2016-09-01
8338,2220,0.0301927104592323,2016-09-01
8339,2403,0.0301927104592323,2016-09-01
8340,2547,0.0301927104592323,2016-09-01
8341,2751,0.0301927104592323,2016-09-01
8342,3504,0.0301927104592323,2016-09-01
8343,3735,0.0301927104592323,2016-09-01
8344,4145,0.0301927104592323,2016-09-01
8345,6266,0.0301927104592323,2016-09-01
8346,6730,0.0301927104592323,2016-09-01
8347,7171,0.0301927104592323,2016-09-01
8348,7228,0.0301927104592323,2016-09-01
8349,7241,0.0301927104592323,2016-09-01
8350,7257,0.0301927104592323,2016-09-01
8351,7637,0.0301927104592323,2016-09-01
8352,8530,0.0301927104592323,2016-09-01
8353,10115,0.0301927104592323,2016-09-01
8354,10407,0.0301927104592323,2016-09-01
8355,10530,0.0301927104592323,2016-09-01
8356,10903,0.0301927104592323,2016-09-01
8357,11032,0.0301927104592323,2016-09-01
8358,11376,0.0301927104592323,2016-09-01
8359,12589,0.0301927104592323,2016-09-01
8360,13700,0.0301927104592323,2016-09-01
8361,13721,0.0301927104592323,2016-09-01
8362,14960,0.0301927104592323,2016-09-01
8363,15414,0.0301927104592323,2016-09-01
8364,16101,0.0301927104592323,2016-09-01
8365,20228,0.0301927104592323,2016-09-01
8366,20904,0.0301927104592323,2016-09-01
8367,21841,0.0564338341355323,2016-09-01
8368,23812,0.0301927104592323,2016-09-01
8369,24344,0.0301927104592323,2016-09-01
8370,24468,0.0301927104592323,2016-09-01
8371,24782,0.0301927104592323,2016-09-01
8372,24856,0.0301927104592323,2016-09-01
8373,25279,0.0301927104592323,2016-09-01
8374,25313,0.0301927104592323,2016-09-01
8375,25880,0.0301927104592323,2016-09-01
8376,27914,0.0301927104592323,2016-09-01
8377,29127,0.0301927104592323,2016-09-01
8378,31673,0.0386756286025047,2016-09-01
8379,31887,0.0301927104592323,2016-09-01
8380,61325,0.0301927104592323,2016-09-01
8381,61483,0.0301927104592323,2016-09-01
8382,61494,0.0301927104592323,2016-09-01
8383,61574,0.0301927104592323,2016-09-01
8384,64166,0.0301927104592323,2016-09-01
8385,65772,0.0301927104592323,2016-09-01
8386,65967,0.0301927104592323,2016-09-01
8387,126554,0.0301927104592323,2016-09-01
8388,133366,0.0301927104592323,2016-09-01
8389,137131,0.0301927104592323,2016-09-01
8390,138205,0.0301927104592323,2016-09-01
8391,141384,0.0301927104592323,2016-09-01
8392,144559,0.0301927104592323,2016-09-01
8393,145046,0.0301927104592323,2016-09-01
8394,145552,0.0301927104592323,2016-09-01
8395,152149,0.0301927104592323,2016-09-01
8396,162887,0.0301927104592323,2016-09-01
8397,177227,0.0356409922242164,2016-09-01
8398,1078,0.0312960930168628,2016-12-01
8399,1602,0.0312960930168628,2016-12-01
8400,2086,0.0312960930168628,2016-12-01
8401,2111,0.0312960930168628,2016-12-01
8402,2220,0.0312960930168628,2016-12-01
8403,2403,0.0312960930168628,2016-12-01
8404,2547,0.0312960930168628,2016-12-01
8405,2751,0.0312960930168628,2016-12-01
8406,3504,0.0312960930168628,2016-12-01
8407,3735,0.0312960930168628,2016-12-01
8408,4145,0.0312960930168628,2016-12-01
8409,6266,0.0312960930168628,2016-12-01
8410,6730,0.0312960930168628,2016-12-01
8411,7171,0.0312960930168628,2016-12-01
8412,7228,0.0312960930168628,2016-12-01
8413,7241,0.0312960930168628,2016-12-01
8414,7257,0.0312960930168628,2016-12-01
8415,7637,0.0312960930168628,2016-12-01
8416,7750,0.0411538258194923,2016-12-01
8417,8530,0.0312960930168628,2016-12-01
8418,10115,0.0312960930168628,2016-12-01
8419,10407,0.0312960930168628,2016-12-01
8420,10530,0.0312960930168628,2016-12-01
8421,10903,0.0312960930168628,2016-12-01
8422,11032,0.0312960930168628,2016-12-01
8423,11376,0.0312960930168628,2016-12-01
8424,12589,0.0312960930168628,2016-12-01
8425,13700,0.0312960930168628,2016-12-01
8426,13721,0.0312960930168628,2016-12-01
8427,14960,0.0312960930168628,2016-12-01
8428,15414,0.0312960930168628,2016-12-01
8429,16101,0.0312960930168628,2016-12-01
8430,20228,0.0312960930168628,2016-12-01
8431,20904,0.0312960930168628,2016-12-01
8432,23812,0.0312960930168628,2016-12-01
8433,24197,0.0312960930168628,2016-12-01
8434,24344,0.0312960930168628,2016-12-01
8435,24468,0.0312960930168628,2016-12-01
8436,24782,0.0312960930168628,2016-12-01
8437,24856,0.0312960930168628,2016-12-01
8438,25279,0.0312960930168628,2016-12-01
8439,25313,0.0312960930168628,2016-12-01
8440,25880,0.0312960930168628,2016-12-01
8441,27914,0.0312960930168628,2016-12-01
8442,29127,0.0312960930168628,2016-12-01
8443,30137,0.0452557206153869,2016-12-01
8444,31673,0.0373157896101474,2016-12-01
8445,31887,0.0312960930168628,2016-12-01
8446,61325,0.0312960930168628,2016-12-01
8447,61483,0.0312960930168628,2016-12-01
8448,61494,0.0312960930168628,2016-12-01
8449,61574,0.0312960930168628,2016-12-01
8450,64166,0.0312960930168628,2016-12-01
8451,65772,0.0312960930168628,2016-12-01
8452,65967,0.0321659296751022,2016-12-01
8453,126554,0.0312960930168628,2016-12-01
8454,133366,0.0312960930168628,2016-12-01
8455,137131,0.0312960930168628,2016-12-01
8456,138205,0.0312960930168628,2016-12-01
8457,141384,0.0312960930168628,2016-12-01
8458,144559,0.0312960930168628,2016-12-01
8459,145046,0.0321659296751022,2016-12-01
8460,145552,0.0312960930168628,2016-12-01
8461,152149,0.0312960930168628,2016-12-01
8462,162887,0.0374040640890598,2016-12-01
8463,177227,0.0312960930168628,2016-12-01
8464,1078,0.0261670444160699,2017-03-01
8465,1602,0.0261670444160699,2017-03-01
8466,2086,0.0261670444160699,2017-03-01
8467,2111,0.0261670444160699,2017-03-01
8468,2220,0.0261670444160699,2017-03-01
8469,2403,0.0261670444160699,2017-03-01
8470,2547,0.0261670444160699,2017-03-01
8471,2751,0.0261670444160699,2017-03-01
8472,3504,0.0261670444160699,2017-03-01
8473,3735,0.0261670444160699,2017-03-01
8474,4145,0.0261670444160699,2017-03-01
8475,6266,0.0261670444160699,2017-03-01
8476,6730,0.0261670444160699,2017-03-01
8477,7171,0.0263959262520074,2017-03-01
8478,7228,0.0261670444160699,2017-03-01
8479,7241,0.0261670444160699,2017-03-01
8480,7257,0.0261670444160699,2017-03-01
8481,7637,0.0261670444160699,2017-03-01
8482,8530,0.0261670444160699,2017-03-01
8483,10115,0.0261670444160699,2017-03-01
8484,10407,0.0261670444160699,2017-03-01
8485,10530,0.0261670444160699,2017-03-01
8486,10903,0.0261670444160699,2017-03-01
8487,11032,0.0261670444160699,2017-03-01
8488,11376,0.0261670444160699,2017-03-01
8489,12589,0.0261670444160699,2017-03-01
8490,13700,0.0261670444160699,2017-03-01
8491,13721,0.0261670444160699,2017-03-01
8492,14960,0.0261670444160699,2017-03-01
8493,15414,0.0261670444160699,2017-03-01
8494,16101,0.0261670444160699,2017-03-01
8495,17928,0.0261670444160699,2017-03-01
8496,20228,0.0261670444160699,2017-03-01
8497,20904,0.0261670444160699,2017-03-01
8498,23812,0.0261670444160699,2017-03-01
8499,24344,0.0261670444160699,2017-03-01
8500,24468,0.0261670444160699,2017-03-01
8501,24782,0.0261670444160699,2017-03-01
8502,24856,0.0261670444160699,2017-03-01
8503,25279,0.0261670444160699,2017-03-01
8504,25313,0.0261670444160699,2017-03-01
8505,25880,0.0261670444160699,2017-03-01
8506,27914,0.0261670444160699,2017-03-01
8507,29127,0.0261670444160699,2017-03-01
8508,30137,0.0317003168165683,2017-03-01
8509,31673,0.0263959262520074,2017-03-01
8510,31887,0.0261670444160699,2017-03-01
8511,61325,0.0261670444160699,2017-03-01
8512,61483,0.0261670444160699,2017-03-01
8513,61494,0.0261670444160699,2017-03-01
8514,61574,0.0261670444160699,2017-03-01
8515,64166,0.0261670444160699,2017-03-01
8516,65772,0.0261670444160699,2017-03-01
8517,126554,0.0261670444160699,2017-03-01
8518,133366,0.0261670444160699,2017-03-01
8519,137131,0.0261670444160699,2017-03-01
8520,138205,0.0261670444160699,2017-03-01
8521,141384,0.0261670444160699,2017-03-01
8522,144559,0.0261670444160699,2017-03-01
8523,145046,0.0264874584972858,2017-03-01
8524,145552,0.0261670444160699,2017-03-01
8525,152149,0.0261670444160699,2017-03-01
8526,162887,0.0261670444160699,2017-03-01
8527,177227,0.0261670444160699,2017-03-01
8528,1602,0.0293314503021742,2017-06-01
8529,2086,0.0293314503021742,2017-06-01
8530,2111,0.0293314503021742,2017-06-01
8531,2403,0.0293314503021742,2017-06-01
8532,2547,0.0293314503021742,2017-06-01
8533,2751,0.0293314503021742,2017-06-01
8534,3504,0.0293314503021742,2017-06-01
8535,3735,0.0293314503021742,2017-06-01
8536,6266,0.0293314503021742,2017-06-01
8537,7171,0.0293314503021742,2017-06-01
8538,7228,0.0293314503021742,2017-06-01
8539,7241,0.0293314503021742,2017-06-01
8540,7257,0.0293314503021742,2017-06-01
8541,7750,0.0553133530221148,2017-06-01
8542,8530,0.0293314503021742,2017-06-01
8543,10115,0.0293314503021742,2017-06-01
8544,10407,0.0293314503021742,2017-06-01
8545,10530,0.0293314503021742,2017-06-01
8546,10903,0.0293314503021742,2017-06-01
8547,11032,0.0293314503021742,2017-06-01
8548,11376,0.0293314503021742,2017-06-01
8549,12589,0.0293314503021742,2017-06-01
8550,14960,0.0293314503021742,2017-06-01
8551,15414,0.0293314503021742,2017-06-01
8552,17928,0.0301337942907483,2017-06-01
8553,20904,0.0293314503021742,2017-06-01
8554,23812,0.0306563957146456,2017-06-01
8555,24197,0.0295308007426115,2017-06-01
8556,24468,0.0293314503021742,2017-06-01
8557,24856,0.0293314503021742,2017-06-01
8558,25313,0.0293314503021742,2017-06-01
8559,25880,0.0293314503021742,2017-06-01
8560,27914,0.0293314503021742,2017-06-01
8561,29127,0.0317045297288071,2017-06-01
8562,31887,0.0293314503021742,2017-06-01
8563,61325,0.0293314503021742,2017-06-01
8564,61483,0.0293314503021742,2017-06-01
8565,61494,0.0293314503021742,2017-06-01
8566,61574,0.0293314503021742,2017-06-01
8567,64166,0.0293314503021742,2017-06-01
8568,65967,0.0304690046168357,2017-06-01
8569,126554,0.0293314503021742,2017-06-01
8570,133366,0.0352783424455147,2017-06-01
8571,136725,0.0293314503021742,2017-06-01
8572,137131,0.0293314503021742,2017-06-01
8573,144559,0.0293314503021742,2017-06-01
8574,145046,0.0293314503021742,2017-06-01
8575,145552,0.0293314503021742,2017-06-01
8576,152149,0.0437152928655362,2017-06-01
8577,162887,0.0348268196443471,2017-06-01
8578,177227,0.0300567269780235,2017-06-01
8579,1078,0.0332051500833676,2017-09-01
8580,1602,0.0302523478091423,2017-09-01
8581,2086,0.0301483604687497,2017-09-01
8582,2111,0.0302523478091423,2017-09-01
8583,2220,0.0301483604687497,2017-09-01
8584,2403,0.0301483604687497,2017-09-01
8585,2547,0.0301483604687497,2017-09-01
8586,2751,0.0301483604687497,2017-09-01
8587,3504,0.0301483604687497,2017-09-01
8588,3735,0.0301483604687497,2017-09-01
8589,4145,0.0301483604687497,2017-09-01
8590,6266,0.0301483604687497,2017-09-01
8591,6730,0.0301483604687497,2017-09-01
8592,7171,0.0301483604687497,2017-09-01
8593,7228,0.0301483604687497,2017-09-01
8594,7241,0.0301483604687497,2017-09-01
8595,7257,0.0301483604687497,2017-09-01
8596,7637,0.0301483604687497,2017-09-01
8597,7750,0.0528000872508426,2017-09-01
8598,8530,0.0301483604687497,2017-09-01
8599,10115,0.0301483604687497,2017-09-01
8600,10407,0.0301483604687497,2017-09-01
8601,10530,0.0301483604687497,2017-09-01
8602,10903,0.0301483604687497,2017-09-01
8603,11032,0.0301483604687497,2017-09-01
8604,11376,0.0301483604687497,2017-09-01
8605,12589,0.0301483604687497,2017-09-01
8606,13721,0.0301483604687497,2017-09-01
8607,14960,0.0301483604687497,2017-09-01
8608,15414,0.0301483604687497,2017-09-01
8609,16101,0.0301483604687497,2017-09-01
8610,17928,0.0301483604687497,2017-09-01
8611,20228,0.0301483604687497,2017-09-01
8612,20904,0.0301483604687497,2017-09-01
8613,24197,0.03637670341622,2017-09-01
8614,24344,0.0302444609127944,2017-09-01
8615,24468,0.0301483604687497,2017-09-01
8616,24856,0.0302523478091423,2017-09-01
8617,25313,0.0301483604687497,2017-09-01
8618,27914,0.0301483604687497,2017-09-01
8619,29127,0.035224325117427,2017-09-01
8620,31673,0.0301483604687497,2017-09-01
8621,31887,0.0302523478091423,2017-09-01
8622,61325,0.0301483604687497,2017-09-01
8623,61483,0.0301483604687497,2017-09-01
8624,61494,0.0301483604687497,2017-09-01
8625,61574,0.0302523478091423,2017-09-01
8626,64166,0.0301483604687497,2017-09-01
8627,65772,0.0301483604687497,2017-09-01
8628,126554,0.0301483604687497,2017-09-01
8629,133366,0.0301483604687497,2017-09-01
8630,137131,0.0301483604687497,2017-09-01
8631,141384,0.0301483604687497,2017-09-01
8632,144559,0.0301483604687497,2017-09-01
8633,145046,0.0301483604687497,2017-09-01
8634,145552,0.0301483604687497,2017-09-01
8635,162887,0.0323699265420593,2017-09-01
8636,1078,0.0263576531584475,2017-12-01
8637,2086,0.0263576531584475,2017-12-01
8638,2220,0.0263576531584475,2017-12-01
8639,2403,0.0263576531584475,2017-12-01
8640,2547,0.0263576531584475,2017-12-01
8641,3504,0.0263576531584475,2017-12-01
8642,3735,0.0263576531584475,2017-12-01
8643,4145,0.0263576531584475,2017-12-01
8644,6266,0.0263576531584475,2017-12-01
8645,6730,0.0263576531584475,2017-12-01
8646,7171,0.0263576531584475,2017-12-01
8647,7228,0.0263576531584475,2017-12-01
8648,7241,0.0263576531584475,2017-12-01
8649,7257,0.0263576531584475,2017-12-01
8650,7637,0.0349567249537137,2017-12-01
8651,7750,0.083540157927959,2017-12-01
8652,8530,0.0263576531584475,2017-12-01
8653,10115,0.0263576531584475,2017-12-01
8654,10407,0.030616635937429,2017-12-01
8655,10530,0.0263576531584475,2017-12-01
8656,10903,0.0263576531584475,2017-12-01
8657,11032,0.0263576531584475,2017-12-01
8658,11376,0.0263576531584475,2017-12-01
8659,12589,0.0263576531584475,2017-12-01
8660,14960,0.0263576531584475,2017-12-01
8661,17928,0.0263576531584475,2017-12-01
8662,20228,0.0340115190636245,2017-12-01
8663,20904,0.0263576531584475,2017-12-01
8664,21841,0.0389203571626815,2017-12-01
8665,24197,0.0396055112062745,2017-12-01
8666,24468,0.0273034075704461,2017-12-01
8667,24856,0.030616635937429,2017-12-01
8668,25313,0.0263576531584475,2017-12-01
8669,25880,0.0263576531584475,2017-12-01
8670,27914,0.0263576531584475,2017-12-01
8671,31673,0.0273358257163876,2017-12-01
8672,31887,0.0299247579258709,2017-12-01
8673,61325,0.0263576531584475,2017-12-01
8674,61483,0.0263576531584475,2017-12-01
8675,61494,0.0263576531584475,2017-12-01
8676,64166,0.0263576531584475,2017-12-01
8677,65967,0.0311002940965665,2017-12-01
8678,126554,0.0263576531584475,2017-12-01
8679,133366,0.0400229077613401,2017-12-01
8680,137131,0.0263576531584475,2017-12-01
8681,144559,0.0263576531584475,2017-12-01
8682,145046,0.0263576531584475,2017-12-01
8683,145552,0.0263576531584475,2017-12-01
8684,2086,0.0292104588079824,2018-03-01
8685,2220,0.0292104588079824,2018-03-01
8686,2403,0.0292104588079824,2018-03-01
8687,2547,0.0292104588079824,2018-03-01
8688,2751,0.0292104588079824,2018-03-01
8689,3735,0.0292104588079824,2018-03-01
8690,4145,0.0292104588079824,2018-03-01
8691,7171,0.0292104588079824,2018-03-01
8692,7228,0.0292104588079824,2018-03-01
8693,7241,0.0292104588079824,2018-03-01
8694,7257,0.0292104588079824,2018-03-01
8695,7637,0.0292104588079824,2018-03-01
8696,7750,0.0294240980502646,2018-03-01
8697,8530,0.0292104588079824,2018-03-01
8698,10115,0.0292104588079824,2018-03-01
8699,10407,0.0292104588079824,2018-03-01
8700,10530,0.0292104588079824,2018-03-01
8701,10903,0.0292104588079824,2018-03-01
8702,11032,0.0292104588079824,2018-03-01
8703,11376,0.0292104588079824,2018-03-01
8704,12589,0.0292104588079824,2018-03-01
8705,13721,0.0292104588079824,2018-03-01
8706,14960,0.0292104588079824,2018-03-01
8707,15414,0.0292104588079824,2018-03-01
8708,16101,0.0292104588079824,2018-03-01
8709,17928,0.0292104588079824,2018-03-01
8710,20904,0.0292104588079824,2018-03-01
8711,21841,0.0579004225706358,2018-03-01
8712,23812,0.0292104588079824,2018-03-01
8713,24197,0.0347141454505555,2018-03-01
8714,24344,0.0292104588079824,2018-03-01
8715,24468,0.0292104588079824,2018-03-01
8716,24782,0.0292104588079824,2018-03-01
8717,24856,0.0292104588079824,2018-03-01
8718,25313,0.0292104588079824,2018-03-01
8719,25880,0.0579004225706358,2018-03-01
8720,30137,0.0336356343150611,2018-03-01
8721,31673,0.0292104588079824,2018-03-01
8722,31887,0.0292104588079824,2018-03-01
8723,61325,0.0292104588079824,2018-03-01
8724,61483,0.0292104588079824,2018-03-01
8725,61494,0.0292104588079824,2018-03-01
8726,64166,0.0292104588079824,2018-03-01
8727,65772,0.0292104588079824,2018-03-01
8728,133366,0.0292104588079824,2018-03-01
8729,136725,0.0292104588079824,2018-03-01
8730,137131,0.0292104588079824,2018-03-01
8731,138205,0.0292104588079824,2018-03-01
8732,141384,0.0292104588079824,2018-03-01
8733,144559,0.0292104588079824,2018-03-01
8734,145046,0.0292104588079824,2018-03-01
8735,145552,0.0292104588079824,2018-03-01
8736,162887,0.0346123964712367,2018-03-01
8737,177227,0.0336356343150611,2018-03-01
8738,2220,0.0350657342653885,2018-06-01
8739,2751,0.0369933315415323,2018-06-01
8740,7171,0.0316816024065338,2018-06-01
8741,7241,0.0380190118924748,2018-06-01
8742,10903,0.0307061211414814,2018-06-01
8743,11032,0.0331713744878628,2018-06-01
8744,15414,0.0424527956746381,2018-06-01
8745,21841,0.0511438853710652,2018-06-01
8746,24468,0.0370074232109123,2018-06-01
8747,24856,0.0354017903121956,2018-06-01
8748,25313,0.0310073530059429,2018-06-01
8749,25880,0.0570766496689249,2018-06-01
8750,27914,0.0310965370858375,2018-06-01
8751,61574,0.0333942970118642,2018-06-01
8752,136725,0.0305450611119522,2018-06-01
8753,144559,0.0304223827255296,2018-06-01
8754,145046,0.0406524397579393,2018-06-01
8755,145552,0.0322526727313036,2018-06-01
8756,2547,0.029227898574154,2018-09-04
8757,2751,0.0322888912337534,2018-09-04
8758,7257,0.0354807552747588,2018-09-04
8759,8530,0.029227898574154,2018-09-04
8760,11032,0.029227898574154,2018-09-04
8761,15414,0.0331435585246274,2018-09-04
8762,23812,0.0331549846466692,2018-09-04
8763,24197,0.0368185558947529,2018-09-04
8764,25279,0.0352001980908614,2018-09-04
8765,25880,0.0476959591267033,2018-09-04
8766,29127,0.0342898696145266,2018-09-04
8767,30137,0.0397484581969802,2018-09-04
8768,31887,0.0331435585246274,2018-09-04
8769,61325,0.0351129333324317,2018-09-04
8770,61574,0.0323800153121664,2018-09-04
8771,138205,0.0301417138231132,2018-09-04
8772,141384,0.0301417138231132,2018-09-04
8773,145046,0.029227898574154,2018-09-04
8774,162887,0.0494092351534878,2018-09-04
8775,177227,0.0424872806166025,2018-09-04
8776,2086,0.0306016249222939,2018-12-03
8777,2547,0.0308382064060492,2018-12-03
8778,2751,0.0328894296864735,2018-12-03
8779,7228,0.0306016249222939,2018-12-03
8780,7241,0.0321757935843993,2018-12-03
8781,11376,0.0331358830279664,2018-12-03
8782,13721,0.0336409951948468,2018-12-03
8783,23812,0.0326609520702823,2018-12-03
8784,24468,0.0306016249222939,2018-12-03
8785,25279,0.0317974661323403,2018-12-03
8786,25313,0.0306016249222939,2018-12-03
8787,30137,0.0313143258324355,2018-12-03
8788,61483,0.0308382064060492,2018-12-03
8789,126554,0.0306016249222939,2018-12-03
8790,133366,0.0333853791598831,2018-12-03
8791,136725,0.0314056761300975,2018-12-03
8792,138205,0.0325437099448072,2018-12-03
8793,141384,0.0320417973957169,2018-12-03
8794,162887,0.0309157332464138,2018-12-03
8795,177227,0.0330899180333676,2018-12-03
8796,2220,0.0475008667531117,2019-03-01
8797,7750,0.0344439084015533,2019-03-01
8798,8530,0.0341280905797453,2019-03-01
8799,11376,0.0379015384602216,2019-03-01
8800,15414,0.0343532107251024,2019-03-01
8801,21841,0.0434578076278716,2019-03-01
8802,23812,0.0353138453359862,2019-03-01
8803,24344,0.0348447352803251,2019-03-01
8804,24468,0.0362327124169346,2019-03-01
8805,24856,0.0426400545027728,2019-03-01
8806,25313,0.0344000127358745,2019-03-01
8807,25880,0.0355560928813413,2019-03-01
8808,27914,0.0345293287287702,2019-03-01
8809,30137,0.0352661947668984,2019-03-01
8810,61325,0.0356040191144635,2019-03-01
8811,126554,0.0378168312194164,2019-03-01
8812,145046,0.0342307755174565,2019-03-01
8813,152149,0.0319327456493746,2019-03-01
8814,1602,0.0310605737948561,2019-06-03
8815,2111,0.0325304557676841,2019-06-03
8816,3504,0.0310616711309191,2019-06-03
8817,7171,0.0336937296449014,2019-06-03
8818,7241,0.0322326215384498,2019-06-03
8819,7637,0.0493546585237471,2019-06-03
8820,13721,0.0319184898013639,2019-06-03
8821,15414,0.0320543148767706,2019-06-03
8822,16101,0.0354517935616315,2019-06-03
8823,21841,0.0354517935616315,2019-06-03
8824,23812,0.0325761632523762,2019-06-03
8825,24856,0.0311986678707287,2019-06-03
8826,25880,0.0359083973686242,2019-06-03
8827,61325,0.0342331243043367,2019-06-03
8828,61574,0.0311829189829432,2019-06-03
8829,138205,0.0310428099934885,2019-06-03
8830,141384,0.0318451527889794,2019-06-03
8831,177227,0.0351321405298471,2019-06-03
8832,2403,0.0405347343089577,2019-09-03
8833,2547,0.036397357204173,2019-09-03
8834,2751,0.0375618498225545,2019-09-03
8835,3504,0.0366249405741754,2019-09-03
8836,3735,0.0367557659138116,2019-09-03
8837,7241,0.0368676044631121,2019-09-03
8838,7637,0.0484801675637848,2019-09-03
8839,13721,0.0375186999961973,2019-09-03
8840,15414,0.0372971859271274,2019-09-03
8841,16101,0.0431914342433599,2019-09-03
8842,23812,0.0437197082423985,2019-09-03
8843,25880,0.0427122742048119,2019-09-03
8844,30137,0.0397631079470553,2019-09-03
8845,34410,0.055525155965459,2019-09-03
8846,61574,0.038801146049625,2019-09-03
8847,133366,0.0393155004302785,2019-09-03
8848,138205,0.0387651518041374,2019-09-03
8849,141384,0.0450093655406818,2019-09-03
8850,2547,0.0518303870014861,2019-12-02
8851,3504,0.0459501544886742,2019-12-02
8852,3735,0.0570227332106458,2019-12-02
8853,7241,0.0515579811244306,2019-12-02
8854,7637,0.0670455960839938,2019-12-02
8855,11376,0.0454911981144899,2019-12-02
8856,15414,0.0467915005976636,2019-12-02
8857,16101,0.0451365491148139,2019-12-02
8858,20228,0.0528253481822017,2019-12-02
8859,20904,0.0472815063964337,2019-12-02
8860,24197,0.0469743114776855,2019-12-02
8861,24344,0.0505666350233428,2019-12-02
8862,24856,0.0481665619819444,2019-12-02
8863,25880,0.0785387177110455,2019-12-02
8864,31887,0.0481924673495709,2019-12-02
8865,61325,0.051470047602988,2019-12-02
8866,133366,0.0504347715453172,2019-12-02
8867,141384,0.0475368690830744,2019-12-02
8868,2086,0.0441717580530415,2020-03-02
8869,2220,0.0486618834714155,2020-03-02
8870,7637,0.0676448343095734,2020-03-02
8871,11376,0.0434879352793746,2020-03-02
8872,15414,0.0432683894415889,2020-03-02
8873,16101,0.0677205458190819,2020-03-02
8874,21841,0.0494816475552822,2020-03-02
8875,23812,0.0457394338792499,2020-03-02
8876,24782,0.0435787275550436,2020-03-02
8877,24856,0.0423138029426528,2020-03-02
8878,29127,0.0460641486381455,2020-03-02
8879,30137,0.0433672678850237,2020-03-02
8880,34410,0.0497204175123693,2020-03-02
8881,35714,0.0642776968761225,2020-03-02
8882,61325,0.0510590798464834,2020-03-02
8883,61574,0.0672722697313531,2020-03-02
8884,136725,0.0449506568906914,2020-03-02
8885,152149,0.0426341233485591,2020-03-02
8886,3504,0.039867994276559,2020-06-01
8887,3735,0.0393892698886338,2020-06-01
8888,7171,0.0378634112668682,2020-06-01
8889,7228,0.0398837484174917,2020-06-01
8890,7637,0.0482410195764243,2020-06-01
8891,11376,0.0390387384140272,2020-06-01
8892,13721,0.0388947040358735,2020-06-01
8893,15414,0.0379533103073758,2020-06-01
8894,24344,0.0398837484174917,2020-06-01
8895,29127,0.0417617295271202,2020-06-01
8896,31673,0.0378634112668682,2020-06-01
8897,31887,0.0398837484174917,2020-06-01
8898,61325,0.0488902396158593,2020-06-01
8899,61483,0.0378634112668682,2020-06-01
8900,61574,0.0393993225705933,2020-06-01
8901,133366,0.0388947040358735,2020-06-01
8902,141384,0.0455785515219522,2020-06-01
8903,177227,0.0388321278922699,2020-06-01
8904,2086,0.039112833134057,2020-09-01
8905,2220,0.0341338718845476,2020-09-01
8906,3735,0.0341230271830685,2020-09-01
8907,7637,0.0358937489031691,2020-09-01
8908,7750,0.0359957455202093,2020-09-01
8909,8530,0.0354756254732126,2020-09-01
8910,10115,0.038828566508502,2020-09-01
8911,10407,0.036577204012775,2020-09-01
8912,10530,0.034453809892326,2020-09-01
8913,12589,0.0358079634602628,2020-09-01
8914,13721,0.0338769939989557,2020-09-01
8915,15414,0.0348145523824578,2020-09-01
8916,21841,0.0356312534564223,2020-09-01
8917,24856,0.0349616280220703,2020-09-01
8918,25313,0.0363381467596396,2020-09-01
8919,61574,0.0423440052979666,2020-09-01
8920,126554,0.0381945906924231,2020-09-01
8921,137131,0.0334877189651867,2020-09-01
8922,7637,0.0401896611067512,2020-12-01
8923,7750,0.0391443552590618,2020-12-01
8924,13700,0.0378066528668016,2020-12-01
8925,15414,0.0366686784061473,2020-12-01
8926,21841,0.0374765296463654,2020-12-01
8927,24782,0.0366932841727618,2020-12-01
8928,24856,0.0368300632983204,2020-12-01
8929,25880,0.0376875397212762,2020-12-01
8930,29127,0.0395434646241118,2020-12-01
8931,30137,0.0477605394136278,2020-12-01
8932,31673,0.0387918781756945,2020-12-01
8933,34410,0.0367536443072924,2020-12-01
8934,35649,0.0396679126042306,2020-12-01
8935,35714,0.0402321147902138,2020-12-01
8936,36885,0.0410559929953234,2020-12-01
8937,36911,0.0384398080905781,2020-12-01
8938,61325,0.0408642882127928,2020-12-01
8939,61574,0.0396100268351144,2020-12-01
8940,144559,0.036460366996442,2020-12-01
8941,2220,0.0377897003134481,2021-03-01
8942,13721,0.0368510169168471,2021-03-01
8943,15414,0.0360759598407214,2021-03-01
8944,20904,0.0350201922640585,2021-03-01
8945,21841,0.0412897361385575,2021-03-01
8946,23812,0.0366432791985889,2021-03-01
8947,24344,0.0370290602161204,2021-03-01
8948,29127,0.0364452969162486,2021-03-01
8949,30137,0.0409477757655573,2021-03-01
8950,35649,0.039314633962203,2021-03-01
8951,35714,0.0366715644867827,2021-03-01
8952,36885,0.0386578046495117,2021-03-01
8953,36911,0.0401505168019383,2021-03-01
8954,61325,0.0407140485633674,2021-03-01
8955,133366,0.0381631885992671,2021-03-01
8956,136725,0.0362865426379924,2021-03-01
8957,138205,0.0362138840020332,2021-03-01
8958,162887,0.0362646477036761,2021-03-01
8959,177227,0.0374613638187459,2021-03-01
8960,2220,0.0371943227946758,2021-06-01
8961,3735,0.0371943227946758,2021-06-01
8962,7228,0.0371943227946758,2021-06-01
8963,7637,0.0444490611553192,2021-06-01
8964,11376,0.0371943227946758,2021-06-01
8965,13721,0.0371943227946758,2021-06-01
8966,15414,0.0371943227946758,2021-06-01
8967,24344,0.0371943227946758,2021-06-01
8968,29127,0.0371943227946758,2021-06-01
8969,30137,0.0444490611553192,2021-06-01
8970,35649,0.0518767833709716,2021-06-01
8971,35714,0.0518767833709716,2021-06-01
8972,36885,0.0371943227946758,2021-06-01
8973,36911,0.0518767833709716,2021-06-01
8974,133366,0.0371943227946758,2021-06-01
8975,136725,0.0371943227946758,2021-06-01
8976,138205,0.0371943227946758,2021-06-01
8977,162887,0.0371943227946758,2021-06-01
8978,177227,0.0371943227946758,2021-06-01
8979,2086,0.0390411615371704,2021-09-01
8980,2220,0.0390411615371704,2021-09-01
8981,3735,0.0390411615371704,2021-09-01
8982,7228,0.0390411615371704,2021-09-01
8983,7637,0.0511544346809387,2021-09-01
8984,10530,0.0390411615371704,2021-09-01
8985,11376,0.0390411615371704,2021-09-01
8986,13721,0.0390411615371704,2021-09-01
8987,14960,0.0390411615371704,2021-09-01
8988,15414,0.0390411615371704,2021-09-01
8989,20228,0.0390411615371704,2021-09-01
8990,21841,0.0511544346809387,2021-09-01
8991,24344,0.0390411615371704,2021-09-01
8992,24468,0.0390411615371704,2021-09-01
8993,29127,0.0390411615371704,2021-09-01
8994,30137,0.0511544346809387,2021-09-01
8995,35649,0.0404521822929382,2021-09-01
8996,35714,0.0404521822929382,2021-09-01
8997,36885,0.0404922179877758,2021-09-01
8998,36911,0.0393441282212734,2021-09-01
8999,61325,0.0390411615371704,2021-09-01
9000,61483,0.0390411615371704,2021-09-01
9001,61574,0.0390411615371704,2021-09-01
9002,133366,0.0390411615371704,2021-09-01
9003,136725,0.0404922179877758,2021-09-01
9004,138205,0.0404922179877758,2021-09-01
9005,152149,0.0390411615371704,2021-09-01
9006,162887,0.0404922179877758,2021-09-01
9007,177227,0.0390411615371704,2021-09-01
9008,1078,0.03786004636688,2021-12-01
9009,2086,0.03786004636688,2021-12-01
9010,2403,0.03786004636688,2021-12-01
9011,3504,0.0379723512134247,2021-12-01
9012,3735,0.038224981866129,2021-12-01
9013,4145,0.0421545740993027,2021-12-01
9014,6266,0.03786004636688,2021-12-01
9015,7171,0.0426128058447355,2021-12-01
9016,7750,0.0379255618015196,2021-12-01
9017,10115,0.0401184812572825,2021-12-01
9018,13721,0.0384141150518984,2021-12-01
9019,16101,0.0400915770359124,2021-12-01
9020,20228,0.0430449076959807,2021-12-01
9021,24344,0.0410669243792661,2021-12-01
9022,24856,0.03786004636688,2021-12-01
9023,25279,0.0405656866731295,2021-12-01
9024,25313,0.0399230799078153,2021-12-01
9025,31887,0.0389971046417875,2021-12-01
9026,36911,0.0572731007148549,2021-12-01
9027,38821,0.0400915770359124,2021-12-01
9028,126554,0.043283129399326,2021-12-01
9029,133366,0.0392923379584876,2021-12-01
9030,144559,0.03786004636688,2021-12-01
9031,177227,0.0378986482718021,2021-12-01
9032,1078,0.0375534471175522,2022-03-01
9033,2751,0.0381915342739545,2022-03-01
9034,3504,0.0368200131078906,2022-03-01
9035,3735,0.0375534471175522,2022-03-01
9036,4145,0.0454344285336923,2022-03-01
9037,6730,0.0454344285336923,2022-03-01
9038,7171,0.0405511142495712,2022-03-01
9039,7637,0.0500182283216105,2022-03-01
9040,7750,0.0368944091573702,2022-03-01
9041,10115,0.0375534471175522,2022-03-01
9042,13721,0.0389838200094155,2022-03-01
9043,15414,0.0405602222950095,2022-03-01
9044,21841,0.0500182283216105,2022-03-01
9045,30137,0.0500182283216105,2022-03-01
9046,31673,0.0381915342739545,2022-03-01
9047,31887,0.0375534471175522,2022-03-01
9048,35649,0.0500182283216105,2022-03-01
9049,36911,0.0500182283216105,2022-03-01
9050,177227,0.03815615071088,2022-03-01
9051,2751,0.0394893999213071,2022-06-01
9052,3504,0.0385686122241831,2022-06-01
9053,3735,0.0367811081749326,2022-06-01
9054,4145,0.0363418905431455,2022-06-01
9055,6730,0.0364937038583832,2022-06-01
9056,10115,0.0370050669840365,2022-06-01
9057,10407,0.0367811081749326,2022-06-01
9058,13721,0.0363560972602731,2022-06-01
9059,15414,0.035487688043081,2022-06-01
9060,17928,0.0363516963187234,2022-06-01
9061,21841,0.0564644403572933,2022-06-01
9062,24197,0.0353704251075592,2022-06-01
9063,24344,0.0372606057551321,2022-06-01
9064,30137,0.0350828425405713,2022-06-01
9065,31887,0.0393286163536719,2022-06-01
9066,61574,0.0353704251075592,2022-06-01
9067,126554,0.0367811081749326,2022-06-01
9068,138205,0.0371327240152193,2022-06-01
9069,141384,0.0386420176182522,2022-06-01
9070,1078,0.0399684011936187,2022-09-01
9071,2086,0.0399684011936187,2022-09-01
9072,2111,0.0399684011936187,2022-09-01
9073,2220,0.0399684011936187,2022-09-01
9074,2403,0.0399684011936187,2022-09-01
9075,2751,0.0399684011936187,2022-09-01
9076,3504,0.0399684011936187,2022-09-01
9077,3735,0.0399684011936187,2022-09-01
9078,4145,0.0399684011936187,2022-09-01
9079,6266,0.0399684011936187,2022-09-01
9080,6730,0.0399684011936187,2022-09-01
9081,7228,0.0399684011936187,2022-09-01
9082,7241,0.0399684011936187,2022-09-01
9083,7257,0.0399684011936187,2022-09-01
9084,7750,0.0399684011936187,2022-09-01
9085,8530,0.0399684011936187,2022-09-01
9086,10115,0.0399684011936187,2022-09-01
9087,10407,0.0399684011936187,2022-09-01
9088,10530,0.0399684011936187,2022-09-01
9089,11376,0.0399684011936187,2022-09-01
9090,12589,0.0399684011936187,2022-09-01
9091,13700,0.0399684011936187,2022-09-01
9092,13721,0.0399684011936187,2022-09-01
9093,14960,0.0399684011936187,2022-09-01
9094,15414,0.0399684011936187,2022-09-01
9095,16101,0.0399684011936187,2022-09-01
9096,17928,0.0399684011936187,2022-09-01
9097,20228,0.0399684011936187,2022-09-01
9098,20904,0.0399684011936187,2022-09-01
9099,21841,0.0428335405886173,2022-09-01
9100,24197,0.0478653237223625,2022-09-01
9101,24344,0.0399684011936187,2022-09-01
9102,24468,0.0399684011936187,2022-09-01
9103,24782,0.0399684011936187,2022-09-01
9104,24856,0.0399684011936187,2022-09-01
9105,25313,0.0399684011936187,2022-09-01
9106,25880,0.0399684011936187,2022-09-01
9107,27914,0.0399684011936187,2022-09-01
9108,29127,0.0399684011936187,2022-09-01
9109,30137,0.04354128241539,2022-09-01
9110,31673,0.0459963232278823,2022-09-01
9111,31887,0.0399684011936187,2022-09-01
9112,34410,0.0399684011936187,2022-09-01
9113,35649,0.04354128241539,2022-09-01
9114,36885,0.04354128241539,2022-09-01
9115,38821,0.0399684011936187,2022-09-01
9116,61325,0.0431342795491218,2022-09-01
9117,61483,0.0399684011936187,2022-09-01
9118,61574,0.0399684011936187,2022-09-01
9119,64166,0.0399684011936187,2022-09-01
9120,65772,0.0440843477845191,2022-09-01
9121,126554,0.0399684011936187,2022-09-01
9122,133366,0.0399684011936187,2022-09-01
9123,136725,0.0399684011936187,2022-09-01
9124,137131,0.0399684011936187,2022-09-01
9125,138205,0.0399684011936187,2022-09-01
9126,141384,0.0399684011936187,2022-09-01
9127,144559,0.0399684011936187,2022-09-01
9128,145046,0.0399684011936187,2022-09-01
9129,145552,0.0399684011936187,2022-09-01
9130,152149,0.0399684011936187,2022-09-01
9131,162887,0.0399684011936187,2022-09-01
9132,177227,0.0399684011936187,2022-09-01
9133,2220,0.0421705555836362,2022-12-01
9134,15414,0.0405102746458355,2022-12-01
9135,20228,0.0433426809427731,2022-12-01
9136,20904,0.0402877450942691,2022-12-01
9137,21841,0.0469291909442489,2022-12-01
9138,23812,0.0406749727941334,2022-12-01
9139,24344,0.0396836006353548,2022-12-01
9140,24468,0.0399075263004847,2022-12-01
9141,24782,0.0397702135988674,2022-12-01
9142,29127,0.0424483250389111,2022-12-01
9143,30137,0.0474584850339852,2022-12-01
9144,35649,0.0454262103632322,2022-12-01
9145,35714,0.0463918282806031,2022-12-01
9146,36885,0.047269850730571,2022-12-01
9147,36911,0.0464774937314607,2022-12-01
9148,133366,0.0422906647098202,2022-12-01
9149,136725,0.0418553420912852,2022-12-01
9150,162887,0.0406010333672325,2022-12-01
9151,177227,0.0409361498776441,2022-12-01
9152,1602,0.0352685947923339,2023-03-01
9153,3735,0.0355821860421291,2023-03-01
9154,4145,0.0358512353665569,2023-03-01
9155,6266,0.0355268890964893,2023-03-01
9156,13721,0.0360572741388884,2023-03-01
9157,15414,0.0356111881877161,2023-03-01
9158,21841,0.0496054786229041,2023-03-01
9159,24197,0.036077611208478,2023-03-01
9160,27914,0.0354995106464325,2023-03-01
9161,38821,0.0496054786229041,2023-03-01
9162,61325,0.0358107502494201,2023-03-01
9163,61483,0.0352685947923339,2023-03-01
9164,65772,0.0352685947923339,2023-03-01
9165,126554,0.0353535532629766,2023-03-01
9166,136725,0.0358269179487483,2023-03-01
9167,144559,0.0367927114455146,2023-03-01
9168,145552,0.0372022824297429,2023-03-01
9169,162887,0.0358982861037649,2023-03-01
9170,177227,0.0372958487734394,2023-03-01
9171,2751,0.0330688596641667,2023-06-01
9172,4145,0.0327346022737259,2023-06-01
9173,6730,0.0328310672342534,2023-06-01
9174,7171,0.0328716998858736,2023-06-01
9175,7228,0.0327346022737259,2023-06-01
9176,7750,0.0328651003036549,2023-06-01
9177,8530,0.0330774620881969,2023-06-01
9178,13721,0.0335507598925086,2023-06-01
9179,15414,0.0328995905164702,2023-06-01
9180,20904,0.0327346022737259,2023-06-01
9181,21841,0.0476778147465208,2023-06-01
9182,24468,0.0328995905164702,2023-06-01
9183,29127,0.0327346022737259,2023-06-01
9184,34410,0.0330565236901753,2023-06-01
9185,35649,0.0398662531869182,2023-06-01
9186,38821,0.0377933662851293,2023-06-01
9187,61325,0.0349681423489949,2023-06-01
9188,61574,0.0340953102965156,2023-06-01
9189,126554,0.0328995905164702,2023-06-01
9190,2086,0.0301629725311858,2023-09-01
9191,2751,0.034514569537864,2023-09-01
9192,3735,0.0301532398274619,2023-09-01
9193,7171,0.0340969214294654,2023-09-01
9194,7257,0.0307510274351165,2023-09-01
9195,8530,0.0304726769061277,2023-09-01
9196,13721,0.0304174897250668,2023-09-01
9197,15414,0.0301532398274619,2023-09-01
9198,20904,0.0320721406450234,2023-09-01
9199,21841,0.0491818355945295,2023-09-01
9200,24468,0.0303669385235111,2023-09-01
9201,29127,0.0305603950246125,2023-09-01
9202,35649,0.0491818355945295,2023-09-01
9203,35714,0.0362302625092394,2023-09-01
9204,36885,0.030447583386199,2023-09-01
9205,38821,0.037989661206719,2023-09-01
9206,61325,0.0341779089257077,2023-09-01
9207,162887,0.0311167125384054,2023-09-01
9208,177227,0.0300609879448887,2023-09-01
9209,2751,0.0343227135881258,2023-12-01
9210,3735,0.0317948142254226,2023-12-01
9211,4145,0.0314856321221297,2023-12-01
9212,7171,0.0343227135881258,2023-12-01
9213,7228,0.0312359279432646,2023-12-01
9214,8530,0.0312359279432646,2023-12-01
9215,10407,0.0314856321221297,2023-12-01
9216,10530,0.0338739377831492,2023-12-01
9217,15414,0.0317207838264797,2023-12-01
9218,20904,0.0313099583422076,2023-12-01
9219,21841,0.0456726362826466,2023-12-01
9220,24197,0.0321157775717661,2023-12-01
9221,29127,0.0313099583422076,2023-12-01
9222,35649,0.0428529676971169,2023-12-01
9223,38821,0.0456726362826466,2023-12-01
9224,61574,0.0315396574460969,2023-12-01
9225,126554,0.0314856321221297,2023-12-01
9226,133366,0.0316527721099469,2023-12-01
9227,162887,0.031449992019948,2023-12-01
9228,177227,0.0314141223588236,2023-12-01
9229,2751,0.0283052497425367,2024-03-01
9230,4145,0.0269856031328708,2024-03-01
9231,7228,0.0275493194409039,2024-03-01
9232,7257,0.0266596425812157,2024-03-01
9233,13700,0.0286211908504595,2024-03-01
9234,15414,0.0281230159713153,2024-03-01
9235,17928,0.0271949743972019,2024-03-01
9236,20904,0.0275493194409039,2024-03-01
9237,21841,0.0283273008547986,2024-03-01
9238,24856,0.0274287589199893,2024-03-01
9239,29127,0.0275493194409039,2024-03-01
9240,38821,0.0410712661577757,2024-03-01
9241,61574,0.0279996044012802,2024-03-01
9242,65772,0.0312065414297125,2024-03-01
9243,126554,0.0289800960522136,2024-03-01
9244,133366,0.0281230159713153,2024-03-01
9245,141384,0.0262440186971831,2024-03-01
9246,162887,0.0305049413073933,2024-03-01
9247,177227,0.0305096422625701,2024-03-01
9248,2086,0.0271318964338245,2024-06-03
9249,2220,0.0241924450121268,2024-06-03
9250,2751,0.0288785899370336,2024-06-03
9251,3735,0.0234431909563928,2024-06-03
9252,7171,0.0288995887218369,2024-06-03
9253,7228,0.0234431909563928,2024-06-03
9254,15414,0.0242433069080884,2024-06-03
9255,20228,0.0282668773970051,2024-06-03
9256,20904,0.0246180517473992,2024-06-03
9257,29127,0.0240720081425637,2024-06-03
9258,30137,0.0323205453817792,2024-06-03
9259,35714,0.0293511623629444,2024-06-03
9260,38821,0.0268319992584508,2024-06-03
9261,61325,0.0241975947938694,2024-06-03
9262,65772,0.0335715293820129,2024-06-03
9263,126554,0.0238627091081587,2024-06-03
9264,133366,0.0242433069080884,2024-06-03
9265,138205,0.0246470442512637,2024-06-03
9266,162887,0.0241462217140462,2024-06-03
9267,2111,0.0262131873384363,2024-09-03
9268,2751,0.0315953276820143,2024-09-03
9269,4145,0.0257356020820883,2024-09-03
9270,7228,0.0247817197417071,2024-09-03
9271,10115,0.0316712987151129,2024-09-03
9272,10530,0.0319222587848321,2024-09-03
9273,13721,0.0247412009956504,2024-09-03
9274,15414,0.0278575519537862,2024-09-03
9275,20904,0.0271716818135219,2024-09-03
9276,24197,0.0255955745786912,2024-09-03
9277,25880,0.0283451976658955,2024-09-03
9278,30137,0.0330974491701066,2024-09-03
9279,38821,0.0293486538632068,2024-09-03
9280,61325,0.0358334666869566,2024-09-03
9281,61574,0.0295203701818295,2024-09-03
9282,126554,0.0281013931310908,2024-09-03
9283,133366,0.0278313220713602,2024-09-03
9284,162887,0.0290203480553451,2024-09-03
9285,177227,0.0304146970291643,2024-09-03
9286,1078,0.0170955602079629,2024-12-02
9287,2111,0.0170955602079629,2024-12-02
9288,2220,0.0170955602079629,2024-12-02
9289,2403,0.0170955602079629,2024-12-02
9290,3735,0.0170955602079629,2024-12-02
9291,4145,0.0170955602079629,2024-12-02
9292,6266,0.0170955602079629,2024-12-02
9293,7228,0.0170955602079629,2024-12-02
9294,7257,0.0170955602079629,2024-12-02
9295,7637,0.0170955602079629,2024-12-02
9296,7750,0.0170955602079629,2024-12-02
9297,10115,0.0170955602079629,2024-12-02
9298,10407,0.0170955602079629,2024-12-02
9299,10530,0.0170955602079629,2024-12-02
9300,11376,0.0170955602079629,2024-12-02
9301,12589,0.0170955602079629,2024-12-02
9302,13721,0.0170955602079629,2024-12-02
9303,14960,0.0170955602079629,2024-12-02
9304,15414,0.0170955602079629,2024-12-02
9305,20228,0.0170955602079629,2024-12-02
9306,20904,0.0170955602079629,2024-12-02
9307,21841,0.0170955602079629,2024-12-02
9308,23812,0.0170955602079629,2024-12-02
9309,24197,0.0170955602079629,2024-12-02
9310,24344,0.0170955602079629,2024-12-02
9311,24468,0.0170955602079629,2024-12-02
9312,24782,0.0170955602079629,2024-12-02
9313,24856,0.0170955602079629,2024-12-02
9314,25279,0.0170955602079629,2024-12-02
9315,27914,0.0170955602079629,2024-12-02
9316,29127,0.0170955602079629,2024-12-02
9317,30137,0.0209512803703546,2024-12-02
9318,31887,0.0170955602079629,2024-12-02
9319,34410,0.0170955602079629,2024-12-02
9320,35714,0.0211236029863357,2024-12-02
9321,38821,0.0170955602079629,2024-12-02
9322,41818,0.0170955602079629,2024-12-02
9323,45167,0.0170955602079629,2024-12-02
9324,61325,0.0170955602079629,2024-12-02
9325,61483,0.0170955602079629,2024-12-02
9326,61574,0.0170955602079629,2024-12-02
9327,64166,0.0170955602079629,2024-12-02
9328,126554,0.0170955602079629,2024-12-02
9329,133366,0.0170955602079629,2024-12-02
9330,136725,0.0170955602079629,2024-12-02
9331,141384,0.0170955602079629,2024-12-02
9332,145552,0.0170955602079629,2024-12-02
9333,152149,0.0170955602079629,2024-12-02
9334,162887,0.0170955602079629,2024-12-02
9335,177227,0.0170955602079629,2024-12-02
9336,1447,0.0499663023457618,2001-03-01
9337,3243,0.0462706017445534,2001-03-01
9338,4674,0.046366758153376,2001-03-01
9339,4723,0.0579601836140694,2001-03-01
9340,4973,0.0580412170680123,2001-03-01
9341,7647,0.0672091729201048,2001-03-01
9342,8898,0.0517835010148913,2001-03-01
9343,9783,0.0734688091801652,2001-03-01
9344,11811,0.0489509159523088,2001-03-01
9345,12124,0.0473544951119312,2001-03-01
9346,12138,0.046219948821388,2001-03-01
9347,15417,0.0597805532799424,2001-03-01
9348,63172,0.0460511887107091,2001-03-01
9349,114628,0.0495234232977457,2001-03-01
9350,141913,0.0493809504999154,2001-03-01
9351,4674,0.0389964479136105,2001-06-01
9352,4885,0.0482284117033179,2001-06-01
9353,4973,0.0331694405691407,2001-06-01
9354,5786,0.0462364038676262,2001-06-01
9355,7065,0.0306312981867794,2001-06-01
9356,7647,0.0637633651241518,2001-06-01
9357,8898,0.0704364431679666,2001-06-01
9358,9783,0.0513276792520593,2001-06-01
9359,12124,0.0421143136457735,2001-06-01
9360,13341,0.0406167798200776,2001-06-01
9361,15417,0.0592922139817874,2001-06-01
9362,61302,0.039204219959364,2001-06-01
9363,63172,0.0361080581593262,2001-06-01
9364,114628,0.0413939387480517,2001-06-01
9365,141913,0.0580872145145805,2001-06-01
9366,1447,0.0476974111537666,2001-09-04
9367,4674,0.0508857721445552,2001-09-04
9368,4973,0.0691353803039798,2001-09-04
9369,7163,0.0540144376292861,2001-09-04
9370,7647,0.0659522500477637,2001-09-04
9371,8898,0.0534773702650193,2001-09-04
9372,11811,0.0569005555492823,2001-09-04
9373,12124,0.049053638255937,2001-09-04
9374,12138,0.0601198729419636,2001-09-04
9375,13341,0.0601295571023381,2001-09-04
9376,15417,0.0729223195002922,2001-09-04
9377,24379,0.0573950188441529,2001-09-04
9378,61302,0.0613401614586241,2001-09-04
9379,63172,0.0694678358410136,2001-09-04
9380,114628,0.0625539069189357,2001-09-04
9381,141913,0.0464498052369357,2001-09-04
9382,2968,0.0707288114336528,2001-12-03
9383,4674,0.0695798672052157,2001-12-03
9384,4737,0.0691707512615564,2001-12-03
9385,7647,0.0638448716343684,2001-12-03
9386,7982,0.0641569466891488,2001-12-03
9387,8007,0.0786896283922078,2001-12-03
9388,9783,0.0644101170354964,2001-12-03
9389,10035,0.0787169926905862,2001-12-03
9390,15208,0.091852921987074,2001-12-03
9391,24379,0.0696769064964721,2001-12-03
9392,28349,0.0885870035231135,2001-12-03
9393,61302,0.0672855791373388,2001-12-03
9394,133768,0.088396623926874,2001-12-03
9395,139665,0.0784557481987386,2001-12-03
9396,141913,0.0813449470922345,2001-12-03
9397,145701,0.0707614625643315,2001-12-03
9398,1449,0.0650411904829544,2002-03-01
9399,2968,0.0666545152795749,2002-03-01
9400,4601,0.0590961779598615,2002-03-01
9401,4674,0.0746007246838515,2002-03-01
9402,4723,0.0562301489671589,2002-03-01
9403,4737,0.0555772442839123,2002-03-01
9404,4973,0.0587864291845825,2002-03-01
9405,5786,0.0505765248905727,2002-03-01
9406,7647,0.0749876772856377,2002-03-01
9407,8007,0.0686645814219853,2002-03-01
9408,10614,0.0500190537902537,2002-03-01
9409,11856,0.0694615351576499,2002-03-01
9410,12726,0.0581987498524317,2002-03-01
9411,13341,0.0586650508188445,2002-03-01
9412,15417,0.0560818040593988,2002-03-01
9413,139665,0.0515538540224342,2002-03-01
9414,4674,0.044900731663748,2002-06-03
9415,5786,0.0447906936495804,2002-06-03
9416,6781,0.0539354129037337,2002-06-03
9417,8898,0.0454230575654993,2002-06-03
9418,9783,0.0544709074229529,2002-06-03
9419,11811,0.0523415869258758,2002-06-03
9420,12124,0.0473467424985725,2002-06-03
9421,13341,0.0522908934738291,2002-06-03
9422,14822,0.0651950474120465,2002-06-03
9423,15208,0.0447914649629736,2002-06-03
9424,15417,0.0452133693161194,2002-06-03
9425,63172,0.0624295384632776,2002-06-03
9426,133768,0.0446035931857021,2002-06-03
9427,139665,0.04502525853866,2002-06-03
9428,141913,0.0619468333018437,2002-06-03
9429,143356,0.0432399242051093,2002-06-03
9430,2968,0.0705646871307491,2002-09-03
9431,4674,0.0562839769646768,2002-09-03
9432,4973,0.0560626237135757,2002-09-03
9433,6781,0.0537957674136004,2002-09-03
9434,7647,0.057641987550277,2002-09-03
9435,8007,0.0545569780275956,2002-09-03
9436,8245,0.0582052968939395,2002-09-03
9437,8898,0.0670016420657697,2002-09-03
9438,9783,0.071117464310055,2002-09-03
9439,11856,0.0537053986932563,2002-09-03
9440,14822,0.0594428662920683,2002-09-03
9441,15208,0.057705431812035,2002-09-03
9442,61302,0.0665368400822187,2002-09-03
9443,63172,0.0626702826242902,2002-09-03
9444,133768,0.0710644273878508,2002-09-03
9445,141913,0.0564208648478087,2002-09-03
9446,4674,0.07645823894083,2002-12-02
9447,4723,0.0603059482492066,2002-12-02
9448,4737,0.0657788311713323,2002-12-02
9449,5786,0.0625667753399739,2002-12-02
9450,6781,0.0633429142472459,2002-12-02
9451,7647,0.0684640926897069,2002-12-02
9452,8007,0.0628541773990577,2002-12-02
9453,8898,0.0627402348770519,2002-12-02
9454,9783,0.0854233074199414,2002-12-02
9455,11856,0.0717010942896878,2002-12-02
9456,12726,0.0616953098917593,2002-12-02
9457,13341,0.0681846806314961,2002-12-02
9458,14822,0.0731854771227278,2002-12-02
9459,15417,0.0611043507251853,2002-12-02
9460,133768,0.0721421537133996,2002-12-02
9461,143356,0.0766707974235523,2002-12-02
9462,2968,0.0825785062188215,2003-03-03
9463,3231,0.0784699149984028,2003-03-03
9464,4737,0.0817540083714628,2003-03-03
9465,6781,0.0775881070503735,2003-03-03
9466,7647,0.0753203618364571,2003-03-03
9467,9783,0.0827212743859892,2003-03-03
9468,10035,0.0846625486634338,2003-03-03
9469,11811,0.0849395184653138,2003-03-03
9470,12124,0.0766394472634236,2003-03-03
9471,13561,0.0777259341683055,2003-03-03
9472,14822,0.0853485377294136,2003-03-03
9473,15417,0.0862631615796578,2003-03-03
9474,28349,0.0738220475000717,2003-03-03
9475,63172,0.0882216497126348,2003-03-03
9476,133768,0.0726691160806023,2003-03-03
9477,139665,0.0975204136034928,2003-03-03
9478,149337,0.082406332038562,2003-03-03
9479,3231,0.0409536779439571,2003-06-02
9480,4601,0.0480022702100501,2003-06-02
9481,4973,0.0391861885072082,2003-06-02
9482,6781,0.0462346873067446,2003-06-02
9483,7647,0.0477943724200207,2003-06-02
9484,8007,0.0527871466759526,2003-06-02
9485,10614,0.0423560622036941,2003-06-02
9486,11811,0.045511639816667,2003-06-02
9487,13341,0.054846494706718,2003-06-02
9488,14822,0.0558399599408505,2003-06-02
9489,15208,0.0509357521936816,2003-06-02
9490,24379,0.0425431175278414,2003-06-02
9491,28034,0.0446363152375625,2003-06-02
9492,61302,0.0623488472669985,2003-06-02
9493,141913,0.0700670964410231,2003-06-02
9494,149070,0.0620550490283302,2003-06-02
9495,149337,0.0451293614366017,2003-06-02
9496,2968,0.0614154272785219,2003-09-02
9497,4674,0.0703390683037956,2003-09-02
9498,4737,0.0423633550228491,2003-09-02
9499,5786,0.0437049602245756,2003-09-02
9500,6781,0.0561289074526458,2003-09-02
9501,7647,0.0465274379809425,2003-09-02
9502,8007,0.0645676417831555,2003-09-02
9503,8898,0.056025561284964,2003-09-02
9504,9783,0.0569869672113535,2003-09-02
9505,10614,0.0494801786203889,2003-09-02
9506,11856,0.0625231888503373,2003-09-02
9507,13341,0.0453472176686903,2003-09-02
9508,14822,0.0593255960071406,2003-09-02
9509,15417,0.0445134403783764,2003-09-02
9510,61302,0.0665139522339323,2003-09-02
9511,133768,0.0640983326246268,2003-09-02
9512,149070,0.0590263870366497,2003-09-02
9513,1449,0.0476013850940312,2003-12-01
9514,2968,0.0579001454413276,2003-12-01
9515,4674,0.0633823162551286,2003-12-01
9516,4973,0.0469884019136826,2003-12-01
9517,5786,0.0629630582585594,2003-12-01
9518,8007,0.0601563137998304,2003-12-01
9519,8898,0.0623579264401436,2003-12-01
9520,9783,0.0692642886693224,2003-12-01
9521,10614,0.054688753269235,2003-12-01
9522,12635,0.0479943215085892,2003-12-01
9523,13341,0.0583699508967256,2003-12-01
9524,14822,0.0708148364829814,2003-12-01
9525,15417,0.0567774196399165,2003-12-01
9526,61302,0.0647456393159286,2003-12-01
9527,133768,0.0616371188340713,2003-12-01
9528,145701,0.0504389194064083,2003-12-01
9529,149070,0.0555222748709136,2003-12-01
9530,4674,0.0587194444295614,2004-03-01
9531,4723,0.0438346756387843,2004-03-01
9532,5786,0.0524326467706139,2004-03-01
9533,6682,0.0395749779404583,2004-03-01
9534,7647,0.0370871353935779,2004-03-01
9535,8007,0.0627854713123209,2004-03-01
9536,9783,0.0576369349358841,2004-03-01
9537,11856,0.0456331236406762,2004-03-01
9538,12635,0.0405970673228365,2004-03-01
9539,13341,0.054533399775462,2004-03-01
9540,14822,0.0609047980478926,2004-03-01
9541,15417,0.0465620217081872,2004-03-01
9542,61302,0.0525886421874405,2004-03-01
9543,141913,0.0439454981207882,2004-03-01
9544,145701,0.0440541911611107,2004-03-01
9545,149070,0.0439764016054754,2004-03-01
9546,165993,0.0488632265579324,2004-03-01
9547,4674,0.0334876203899761,2004-06-01
9548,4723,0.0199250971260005,2004-06-01
9549,8007,0.0231897707866035,2004-06-01
9550,11811,0.0516725488439225,2004-06-01
9551,12726,0.0203515049512372,2004-06-01
9552,13341,0.0384735659141522,2004-06-01
9553,13561,0.0216368784577797,2004-06-01
9554,13988,0.0389212604681347,2004-06-01
9555,14822,0.0590463495018256,2004-06-01
9556,15208,0.0257049279524307,2004-06-01
9557,15417,0.0529937676810324,2004-06-01
9558,28034,0.0296987171891864,2004-06-01
9559,30990,0.0259657885456211,2004-06-01
9560,61302,0.058589568354126,2004-06-01
9561,61388,0.0320984765791515,2004-06-01
9562,114628,0.025401753146162,2004-06-01
9563,124434,0.0190356024467196,2004-06-01
9564,149070,0.0357176185820941,2004-06-01
9565,4674,0.0467722917663325,2004-09-01
9566,4723,0.0393723074163868,2004-09-01
9567,4973,0.0442493884062043,2004-09-01
9568,5786,0.0449797655088412,2004-09-01
9569,6781,0.0519862082444609,2004-09-01
9570,8007,0.0565012987513221,2004-09-01
9571,8898,0.0480346670404952,2004-09-01
9572,9783,0.0504424739632798,2004-09-01
9573,13341,0.0599858704083354,2004-09-01
9574,14822,0.0637089774137123,2004-09-01
9575,15208,0.0411792450572554,2004-09-01
9576,61302,0.0680627036443812,2004-09-01
9577,61388,0.0381703979905754,2004-09-01
9578,61739,0.0379454403290014,2004-09-01
9579,114628,0.0433543086468583,2004-09-01
9580,133768,0.045261786011642,2004-09-01
9581,149070,0.0441889388311141,2004-09-01
9582,149337,0.0409053542378676,2004-09-01
9583,4674,0.0485926382243633,2004-12-01
9584,6682,0.0708219707012176,2004-12-01
9585,7065,0.0458444245159626,2004-12-01
9586,8007,0.0586252063512802,2004-12-01
9587,9783,0.0517803728580474,2004-12-01
9588,10614,0.0526275001466274,2004-12-01
9589,11856,0.0486329607665538,2004-12-01
9590,12124,0.0468282997608184,2004-12-01
9591,13341,0.0483251735568046,2004-12-01
9592,13561,0.0446410328149795,2004-12-01
9593,14822,0.069715566933155,2004-12-01
9594,15417,0.0466815270483493,2004-12-01
9595,61739,0.0546502619981765,2004-12-01
9596,114628,0.0542442351579666,2004-12-01
9597,133768,0.0502217151224613,2004-12-01
9598,149070,0.0623446442186832,2004-12-01
9599,157057,0.0479230396449565,2004-12-01
9600,165993,0.0500175207853317,2004-12-01
9601,2019,0.0582946941372364,2005-03-01
9602,4723,0.0565094717853266,2005-03-01
9603,6682,0.1021653579256308,2005-03-01
9604,6742,0.0546116429972328,2005-03-01
9605,6781,0.064850162910995,2005-03-01
9606,8007,0.1183606914616946,2005-03-01
9607,10614,0.080452319566284,2005-03-01
9608,13341,0.0684695726371911,2005-03-01
9609,14822,0.0650076562799283,2005-03-01
9610,14824,0.0561752458752051,2005-03-01
9611,15417,0.0756315839194724,2005-03-01
9612,28034,0.0595302700803039,2005-03-01
9613,28349,0.0611743649763089,2005-03-01
9614,61302,0.0668503735388808,2005-03-01
9615,61739,0.0589797898472108,2005-03-01
9616,133768,0.0558181030623241,2005-03-01
9617,158742,0.067612450661969,2005-03-01
9618,165993,0.0893424641353545,2005-03-01
9619,1449,0.0302955677380267,2005-06-01
9620,4885,0.0352616749760867,2005-06-01
9621,4973,0.03622090375638,2005-06-01
9622,8007,0.0395871467959173,2005-06-01
9623,8898,0.0345681813062458,2005-06-01
9624,10614,0.0310944246891253,2005-06-01
9625,11811,0.0348347870057121,2005-06-01
9626,12635,0.0334090830945463,2005-06-01
9627,13341,0.052584295992139,2005-06-01
9628,14822,0.0514250180842146,2005-06-01
9629,15417,0.0318763255561371,2005-06-01
9630,61302,0.0642174426001865,2005-06-01
9631,61388,0.0315063524944455,2005-06-01
9632,114628,0.0348556070881494,2005-06-01
9633,141913,0.045488109341078,2005-06-01
9634,149070,0.0299502423026857,2005-06-01
9635,149337,0.0436246719783758,2005-06-01
9636,165993,0.033045000711784,2005-06-01
9637,1449,0.0438147381733389,2005-09-01
9638,4723,0.0455411568563334,2005-09-01
9639,4885,0.0456901874212945,2005-09-01
9640,6682,0.0561048612621938,2005-09-01
9641,8007,0.0453895107460859,2005-09-01
9642,8898,0.0411906986113315,2005-09-01
9643,9783,0.0419852950381424,2005-09-01
9644,10614,0.0399450881017329,2005-09-01
9645,12635,0.0506381808450895,2005-09-01
9646,12726,0.0408830509095482,2005-09-01
9647,13341,0.0585853405842599,2005-09-01
9648,14822,0.0622846039167457,2005-09-01
9649,15417,0.0400834288284764,2005-09-01
9650,30990,0.0383240021345028,2005-09-01
9651,61302,0.0643972610002761,2005-09-01
9652,61388,0.0393516117996936,2005-09-01
9653,114628,0.0384830891090486,2005-09-01
9654,133768,0.0390292871586469,2005-09-01
9655,1449,0.0573640192156351,2005-12-01
9656,3243,0.046371264208681,2005-12-01
9657,4723,0.0504696820808825,2005-12-01
9658,4885,0.055443238304929,2005-12-01
9659,5786,0.0506213620685532,2005-12-01
9660,6682,0.0529815295160367,2005-12-01
9661,8007,0.0635422438725479,2005-12-01
9662,8898,0.050227863525817,2005-12-01
9663,9783,0.0485336674598997,2005-12-01
9664,10614,0.0529740302860379,2005-12-01
9665,11856,0.0473133669637725,2005-12-01
9666,12138,0.0455869052968139,2005-12-01
9667,12635,0.0484261676205937,2005-12-01
9668,13341,0.0566445737579751,2005-12-01
9669,14822,0.0645652737766352,2005-12-01
9670,23592,0.0576517686896831,2005-12-01
9671,61302,0.0667535541359499,2005-12-01
9672,163610,0.0507105901687581,2005-12-01
9673,165993,0.0595506732203121,2005-12-01
9674,1449,0.0550250810183158,2006-03-01
9675,3243,0.0398697913966996,2006-03-01
9676,4723,0.0523450586204509,2006-03-01
9677,4737,0.0416208601962128,2006-03-01
9678,5786,0.0496848520419396,2006-03-01
9679,6682,0.0506979823637914,2006-03-01
9680,8007,0.0544467414713272,2006-03-01
9681,9783,0.0470264450344849,2006-03-01
9682,10614,0.0439813443675158,2006-03-01
9683,11856,0.0442237947361064,2006-03-01
9684,12635,0.0539371317287427,2006-03-01
9685,12726,0.0413716559811071,2006-03-01
9686,13341,0.0455239401844769,2006-03-01
9687,14822,0.0631938684555255,2006-03-01
9688,15417,0.0443629050699439,2006-03-01
9689,61302,0.0606811222504612,2006-03-01
9690,114628,0.0439683509333924,2006-03-01
9691,165993,0.0553868840069348,2006-03-01
9692,4885,0.0357041078628716,2006-06-01
9693,4973,0.0284017507565798,2006-06-01
9694,5786,0.0288278043647419,2006-06-01
9695,6781,0.0284558505148877,2006-06-01
9696,8007,0.0283796391879277,2006-06-01
9697,11811,0.0313114936592088,2006-06-01
9698,12124,0.0413244995830289,2006-06-01
9699,13341,0.0460899252980926,2006-06-01
9700,14822,0.0493929991725567,2006-06-01
9701,14824,0.0305915095826489,2006-06-01
9702,30990,0.0291193849752924,2006-06-01
9703,61302,0.0501481236855829,2006-06-01
9704,114628,0.0459438120798891,2006-06-01
9705,141913,0.0298635980861895,2006-06-01
9706,149070,0.0330702739979869,2006-06-01
9707,149337,0.0445926053852802,2006-06-01
9708,160225,0.060271673805577,2006-06-01
9709,163610,0.0313107938310892,2006-06-01
9710,165993,0.0306891828662895,2006-06-01
9711,1449,0.0465183364584229,2006-09-01
9712,4723,0.0381122357062195,2006-09-01
9713,4885,0.0424132140537617,2006-09-01
9714,5786,0.0361474155433197,2006-09-01
9715,7065,0.0357305540557948,2006-09-01
9716,8007,0.0358104926121329,2006-09-01
9717,11811,0.042448776976136,2006-09-01
9718,12124,0.0400675747827375,2006-09-01
9719,12635,0.042957159245725,2006-09-01
9720,13341,0.0363219506001186,2006-09-01
9721,14822,0.0553560198252809,2006-09-01
9722,61302,0.0618070979072431,2006-09-01
9723,61388,0.0365589890477695,2006-09-01
9724,65886,0.0408049807108783,2006-09-01
9725,114628,0.0411075386868351,2006-09-01
9726,149070,0.0358547944902768,2006-09-01
9727,149337,0.0415205839054258,2006-09-01
9728,160225,0.0521905801183486,2006-09-01
9729,163610,0.0457734169342692,2006-09-01
9730,1449,0.0548482719165961,2006-12-01
9731,4723,0.0447306497775119,2006-12-01
9732,4885,0.0460630597730285,2006-12-01
9733,4973,0.0418892234380931,2006-12-01
9734,5786,0.0552288644825392,2006-12-01
9735,9783,0.0458038967740998,2006-12-01
9736,12124,0.0415037426845112,2006-12-01
9737,12635,0.0428458940156566,2006-12-01
9738,13341,0.0408267585818217,2006-12-01
9739,14822,0.0643830427475089,2006-12-01
9740,15417,0.0420462582867355,2006-12-01
9741,61302,0.0657324453070326,2006-12-01
9742,61739,0.0431793385141545,2006-12-01
9743,114628,0.0422353893270698,2006-12-01
9744,143356,0.0461423331702638,2006-12-01
9745,149337,0.0414487348580756,2006-12-01
9746,157057,0.0452689511814156,2006-12-01
9747,160225,0.0449958225363235,2006-12-01
9748,163610,0.0486025058809262,2006-12-01
9749,1449,0.0515120971172794,2007-03-01
9750,4973,0.0461716383887734,2007-03-01
9751,5786,0.0490503433853242,2007-03-01
9752,6781,0.0466272674751761,2007-03-01
9753,12635,0.0452925746269704,2007-03-01
9754,12726,0.0497708722851582,2007-03-01
9755,13341,0.048639671289247,2007-03-01
9756,14822,0.0669772433523807,2007-03-01
9757,15417,0.0550734260729984,2007-03-01
9758,61302,0.063948894267449,2007-03-01
9759,65886,0.0514785310924669,2007-03-01
9760,114628,0.0445807873279757,2007-03-01
9761,139665,0.0438041317317917,2007-03-01
9762,141913,0.0542800176834699,2007-03-01
9763,149070,0.0464593993369639,2007-03-01
9764,149337,0.0629762120463699,2007-03-01
9765,157057,0.0465421987527676,2007-03-01
9766,165993,0.0447370234927972,2007-03-01
9767,175263,0.0477986868505884,2007-03-01
9768,4885,0.0342781595603625,2007-06-01
9769,12124,0.0420282644986866,2007-06-01
9770,12726,0.0313600319907326,2007-06-01
9771,13341,0.0307052037104089,2007-06-01
9772,14822,0.0503615271293889,2007-06-01
9773,15417,0.0369027113542222,2007-06-01
9774,28349,0.0336797994543048,2007-06-01
9775,61302,0.0630475002441883,2007-06-01
9776,61388,0.0386782992171056,2007-06-01
9777,61739,0.0318856657074132,2007-06-01
9778,65886,0.0368313205195721,2007-06-01
9779,114628,0.0421493115916281,2007-06-01
9780,133768,0.0313410961936508,2007-06-01
9781,141913,0.0420975506519654,2007-06-01
9782,143356,0.0371786308581344,2007-06-01
9783,149070,0.0393974395024717,2007-06-01
9784,149337,0.0384021223831047,2007-06-01
9785,157057,0.0310796957583485,2007-06-01
9786,160225,0.0423594676771942,2007-06-01
9787,8898,0.0377117492945504,2007-09-04
9788,9783,0.0407482479587297,2007-09-04
9789,12124,0.0450970356784528,2007-09-04
9790,12635,0.044734066874798,2007-09-04
9791,14822,0.0612232003523174,2007-09-04
9792,15417,0.0434208900722359,2007-09-04
9793,28034,0.0382830934609175,2007-09-04
9794,28349,0.038234904163824,2007-09-04
9795,30990,0.0385928447608901,2007-09-04
9796,61302,0.0622036545593199,2007-09-04
9797,61388,0.0396528039625603,2007-09-04
9798,65886,0.0410322111237488,2007-09-04
9799,114628,0.0454671149947863,2007-09-04
9800,143356,0.0387659433345685,2007-09-04
9801,149070,0.041573404204289,2007-09-04
9802,149337,0.0464857624509323,2007-09-04
9803,157057,0.0379289798038039,2007-09-04
9804,160225,0.0574210279446155,2007-09-04
9805,177088,0.0614019434590419,2007-09-04
9806,4737,0.0384570842377633,2007-12-03
9807,5786,0.0500117055770429,2007-12-03
9808,7065,0.0417416701046528,2007-12-03
9809,12635,0.0417875214110108,2007-12-03
9810,13561,0.0544873631420125,2007-12-03
9811,14822,0.0505648437450632,2007-12-03
9812,14824,0.0359451587283055,2007-12-03
9813,15417,0.0380187762254508,2007-12-03
9814,30990,0.0435980518005752,2007-12-03
9815,61302,0.0439346964456206,2007-12-03
9816,114628,0.0357410401772191,2007-12-03
9817,133768,0.0426443202051139,2007-12-03
9818,143356,0.0351148004950598,2007-12-03
9819,149337,0.0597269401656203,2007-12-03
9820,154755,0.0391438742996877,2007-12-03
9821,157057,0.0374616302787389,2007-12-03
9822,160225,0.0525065383734997,2007-12-03
9823,175263,0.0719782445812446,2007-12-03
9824,177088,0.0647300202879708,2007-12-03
9825,1449,0.0860883405975873,2008-03-03
9826,4737,0.060396258322683,2008-03-03
9827,5786,0.0633827139178776,2008-03-03
9828,6682,0.0487387992977308,2008-03-03
9829,7065,0.0504814621102712,2008-03-03
9830,11856,0.0618502908568906,2008-03-03
9831,12138,0.0463642797109161,2008-03-03
9832,12635,0.051364875422466,2008-03-03
9833,12726,0.0480260176841523,2008-03-03
9834,13988,0.0432059171626566,2008-03-03
9835,14822,0.067455383749538,2008-03-03
9836,24379,0.0561406036828899,2008-03-03
9837,61302,0.0512508374714487,2008-03-03
9838,149337,0.0855057258837729,2008-03-03
9839,158742,0.0758885330796166,2008-03-03
9840,160225,0.0925347309507725,2008-03-03
9841,165993,0.0483300274510262,2008-03-03
9842,175263,0.0897721320803474,2008-03-03
9843,177088,0.076633760673711,2008-03-03
9844,4674,0.0397609350447176,2008-06-02
9845,4737,0.0822950515657403,2008-06-02
9846,4885,0.0831592819181014,2008-06-02
9847,5786,0.0815192444086098,2008-06-02
9848,9783,0.0530672003509931,2008-06-02
9849,12726,0.0516318400698649,2008-06-02
9850,13561,0.1093594705398299,2008-06-02
9851,14822,0.0690480199125358,2008-06-02
9852,24379,0.050930485047015,2008-06-02
9853,30990,0.0409890095700542,2008-06-02
9854,61302,0.0568290878219389,2008-06-02
9855,63172,0.0433614229612207,2008-06-02
9856,114628,0.0451632056426194,2008-06-02
9857,149070,0.0331193024884989,2008-06-02
9858,157057,0.033452424351497,2008-06-02
9859,158742,0.0879353798620589,2008-06-02
9860,160225,0.032982742913441,2008-06-02
9861,163610,0.0372505611796327,2008-06-02
9862,175263,0.0704342269057138,2008-06-02
9863,177088,0.04467229240449,2008-06-02
9864,4601,0.0660669450063564,2008-09-02
9865,4674,0.0589196720375954,2008-09-02
9866,4737,0.0578664248799995,2008-09-02
9867,4885,0.0857336289940121,2008-09-02
9868,5786,0.0736829330369848,2008-09-02
9869,7163,0.0385616769870854,2008-09-02
9870,9783,0.0578664248799995,2008-09-02
9871,11856,0.0585908375347093,2008-09-02
9872,12635,0.0482308689864563,2008-09-02
9873,12726,0.0685145025738424,2008-09-02
9874,13561,0.0560824810272302,2008-09-02
9875,14822,0.0593512572869199,2008-09-02
9876,15208,0.1020142365095884,2008-09-02
9877,24379,0.041123231752175,2008-09-02
9878,61302,0.0577480305165759,2008-09-02
9879,149337,0.0641371872012915,2008-09-02
9880,158354,0.0449817150978043,2008-09-02
9881,158742,0.0701817161310208,2008-09-02
9882,163610,0.0598298212696204,2008-09-02
9883,175263,0.0452806533072991,2008-09-02
9884,4601,0.0910915935324599,2008-12-01
9885,4640,0.0823600665293785,2008-12-01
9886,4737,0.0717868743932139,2008-12-01
9887,4885,0.094732966416247,2008-12-01
9888,6682,0.0828399222400729,2008-12-01
9889,9783,0.0733034769522651,2008-12-01
9890,12726,0.0815955958116943,2008-12-01
9891,14822,0.07079579858006,2008-12-01
9892,15208,0.0767123984475374,2008-12-01
9893,61739,0.0751838793631793,2008-12-01
9894,133768,0.070339296077214,2008-12-01
9895,139665,0.0704718359410281,2008-12-01
9896,141913,0.0711324252740394,2008-12-01
9897,143356,0.0737026473511668,2008-12-01
9898,145701,0.08320962904195,2008-12-01
9899,149337,0.091007050987645,2008-12-01
9900,158742,0.0905036595136688,2008-12-01
9901,163610,0.0735584602166449,2008-12-01
9902,165993,0.0741163091985713,2008-12-01
9903,175263,0.0755633173810512,2008-12-01
9904,1447,0.043868533066527,2009-03-02
9905,1449,0.0445762699888913,2009-03-02
9906,1487,0.0383653468795183,2009-03-02
9907,6682,0.0504237185401728,2009-03-02
9908,6781,0.039488042361542,2009-03-02
9909,7163,0.0471295993445926,2009-03-02
9910,8898,0.039770034015058,2009-03-02
9911,10614,0.0418809940617643,2009-03-02
9912,12635,0.0500410855767374,2009-03-02
9913,12726,0.0530263446109649,2009-03-02
9914,15417,0.0467629669832677,2009-03-02
9915,25030,0.0532974070399996,2009-03-02
9916,141913,0.0473457664251001,2009-03-02
9917,149337,0.0478344288538774,2009-03-02
9918,157057,0.0469868147516478,2009-03-02
9919,163610,0.0396279219547575,2009-03-02
9920,165993,0.0488382256776103,2009-03-02
9921,175263,0.0394863766098442,2009-03-02
9922,178507,0.0406302837724426,2009-03-02
9923,4601,0.0735198366220492,2009-06-01
9924,4640,0.0490935646837431,2009-06-01
9925,4674,0.046084023358678,2009-06-01
9926,5786,0.0547344317057887,2009-06-01
9927,6742,0.0369386785535975,2009-06-01
9928,6781,0.0490434463859812,2009-06-01
9929,9783,0.0398679246697749,2009-06-01
9930,10614,0.0422882066626949,2009-06-01
9931,12726,0.0659813220109845,2009-06-01
9932,13561,0.0953810902860806,2009-06-01
9933,15208,0.0735198366220492,2009-06-01
9934,63172,0.0329529980028819,2009-06-01
9935,133768,0.0356257457456806,2009-06-01
9936,145701,0.048046710088212,2009-06-01
9937,149337,0.0616185697093351,2009-06-01
9938,154755,0.0462361079128795,2009-06-01
9939,158354,0.0469583669430597,2009-06-01
9940,175263,0.070958850636384,2009-06-01
9941,177088,0.0505210722408963,2009-06-01
9942,179534,0.056000430907691,2009-06-01
9943,3231,0.0271795061668683,2009-09-01
9944,4601,0.1240085203400679,2009-09-01
9945,4640,0.0457149910053117,2009-09-01
9946,4674,0.0662384117849943,2009-09-01
9947,5786,0.0656205028758977,2009-09-01
9948,8898,0.0359522214569646,2009-09-01
9949,9783,0.0532998911525311,2009-09-01
9950,10614,0.0317671936111479,2009-09-01
9951,12635,0.0264562771150862,2009-09-01
9952,12726,0.0865023691387417,2009-09-01
9953,13561,0.0633929230051649,2009-09-01
9954,15208,0.1099879927441549,2009-09-01
9955,24379,0.0282269152268142,2009-09-01
9956,61302,0.0421095583183284,2009-09-01
9957,145701,0.0883917640082334,2009-09-01
9958,149337,0.095729790624093,2009-09-01
9959,154755,0.0806002363528072,2009-09-01
9960,160225,0.0684940720959845,2009-09-01
9961,175263,0.0875915478862877,2009-09-01
9962,177088,0.0559897008529763,2009-09-01
9963,1449,0.0155833110940676,2009-12-01
9964,4973,0.020011043158412,2009-12-01
9965,7065,-0.0010466529268643,2009-12-01
9966,7163,0.0017483637575829,2009-12-01
9967,7982,-0.0002430907399009,2009-12-01
9968,8898,0.008055939117614,2009-12-01
9969,11811,0.006000919596416,2009-12-01
9970,12635,0.0270196358864008,2009-12-01
9971,12726,0.010503584310701,2009-12-01
9972,13341,0.0231039007558588,2009-12-01
9973,13561,0.0001613102013492,2009-12-01
9974,14822,0.0156133331975404,2009-12-01
9975,15417,0.0390261741332977,2009-12-01
9976,149337,0.0141333890104805,2009-12-01
9977,160225,0.0177035274779733,2009-12-01
9978,163610,0.0008058326183048,2009-12-01
9979,165993,0.0083839417900421,2009-12-01
9980,175263,0.0132413575073696,2009-12-01
9981,178507,0.0006770220594187,2009-12-01
9982,179534,0.0049414754350977,2009-12-01
9983,1449,0.002187700787681,2010-03-01
9984,3221,0.0054666455789142,2010-03-01
9985,4973,0.0028933146234378,2010-03-01
9986,6682,0.0020469217128455,2010-03-01
9987,7163,0.0132054342027052,2010-03-01
9988,11811,0.0015961600397892,2010-03-01
9989,12138,0.0037005800376964,2010-03-01
9990,12635,0.0233296090301423,2010-03-01
9991,13341,0.0195913445069624,2010-03-01
9992,14822,0.0110027987520768,2010-03-01
9993,15417,0.0376014789857865,2010-03-01
9994,63172,0.0066871970690572,2010-03-01
9995,141913,0.0216368781326755,2010-03-01
9996,144009,-0.0048258104675299,2010-03-01
9997,149337,0.0005540560569825,2010-03-01
9998,158742,0.0015634530019513,2010-03-01
9999,160225,0.0125594070650365,2010-03-01
10000,163610,-0.0039750502816177,2010-03-01
10001,175263,0.0076820680039241,2010-03-01
10002,179534,-0.0045257590171211,2010-03-01
10003,4601,0.0201740662169488,2010-06-01
10004,4640,0.021682442495998,2010-06-01
10005,4674,0.0227427052087183,2010-06-01
10006,5786,0.0129244100698335,2010-06-01
10007,6682,0.0295872450901357,2010-06-01
10008,9783,0.0167460206320874,2010-06-01
10009,11811,0.0162566521000704,2010-06-01
10010,12635,0.0302919144574803,2010-06-01
10011,13341,0.0242732018489561,2010-06-01
10012,14822,0.0558765577628396,2010-06-01
10013,15208,0.0199686959464695,2010-06-01
10014,15417,0.0468851919225663,2010-06-01
10015,63172,0.0187256246585221,2010-06-01
10016,141913,0.0255728661264658,2010-06-01
10017,149337,0.051395084368129,2010-06-01
10018,154755,0.0221616665075763,2010-06-01
10019,160225,0.0173496080482325,2010-06-01
10020,175263,0.0245130319185783,2010-06-01
10021,177088,0.0262762194740905,2010-06-01
10022,180081,0.0128415718965557,2010-06-01
10023,4601,0.0451245077710679,2010-09-01
10024,4640,0.0245742612674019,2010-09-01
10025,4674,0.0600526733371226,2010-09-01
10026,4737,0.0260204445630043,2010-09-01
10027,5786,0.0458126895462964,2010-09-01
10028,8898,0.0288282915638288,2010-09-01
10029,9783,0.0503986543994362,2010-09-01
10030,12635,0.0370743639462902,2010-09-01
10031,12726,0.0359297560048526,2010-09-01
10032,13341,0.0279601859678115,2010-09-01
10033,13561,0.048187694505536,2010-09-01
10034,14822,0.0770818927163972,2010-09-01
10035,15208,0.0451245077710679,2010-09-01
10036,15417,0.0545878902733017,2010-09-01
10037,24379,0.0498210599273289,2010-09-01
10038,149337,0.0769139752963402,2010-09-01
10039,154755,0.0488657989113109,2010-09-01
10040,175263,0.0266162266941831,2010-09-01
10041,177088,0.0606109645950964,2010-09-01
10042,179741,0.0782324219489414,2010-09-01
10043,184500,0.0228516367212602,2010-09-01
10044,4601,0.0284436343348571,2010-12-01
10045,4640,0.0246857184871407,2010-12-01
10046,4674,0.050940693840186,2010-12-01
10047,4737,0.0449480215972204,2010-12-01
10048,5786,0.0336949764594618,2010-12-01
10049,9783,0.0474206013010827,2010-12-01
10050,12635,0.0371460254268641,2010-12-01
10051,12726,0.0396256464175662,2010-12-01
10052,13341,0.03241679140711,2010-12-01
10053,13561,0.0264536158662159,2010-12-01
10054,14822,0.0726042929615434,2010-12-01
10055,15208,0.0284436343348571,2010-12-01
10056,15417,0.0387746125319933,2010-12-01
10057,24379,0.0263998905293798,2010-12-01
10058,141913,0.0228351076404374,2010-12-01
10059,149337,0.0651544785605642,2010-12-01
10060,154755,0.0433241762303975,2010-12-01
10061,177088,0.0554732851973845,2010-12-01
10062,179534,0.0237099919012412,2010-12-01
10063,179741,0.0507080863141349,2010-12-01
10064,184500,0.0252507091682968,2010-12-01
10065,4601,0.0354719469875806,2011-03-01
10066,4640,0.0298631129028741,2011-03-01
10067,4674,0.047858498898217,2011-03-01
10068,4737,0.0260726858632709,2011-03-01
10069,5786,0.0362426736255074,2011-03-01
10070,7163,0.0213895134478567,2011-03-01
10071,9783,0.0578058327734922,2011-03-01
10072,12635,0.032581062837285,2011-03-01
10073,12726,0.0406785581678424,2011-03-01
10074,13341,0.034593514092915,2011-03-01
10075,13561,0.0314165538225189,2011-03-01
10076,14822,0.0825009344765647,2011-03-01
10077,15208,0.0354719469875806,2011-03-01
10078,15417,0.0438615407429812,2011-03-01
10079,24379,0.0513384611665432,2011-03-01
10080,61302,0.0382101378106972,2011-03-01
10081,149337,0.0614737274933643,2011-03-01
10082,158354,0.0384493746932096,2011-03-01
10083,175263,0.0340489369277179,2011-03-01
10084,177088,0.0438844466480359,2011-03-01
10085,179741,0.0609852159272988,2011-03-01
10086,4601,0.0210820361233787,2011-06-01
10087,4640,0.0180183491353422,2011-06-01
10088,4674,0.0547646912657246,2011-06-01
10089,4737,0.0257964982255353,2011-06-01
10090,5786,0.0318518233719478,2011-06-01
10091,7647,0.0255872072723456,2011-06-01
10092,9783,0.0400219252820272,2011-06-01
10093,12635,0.0265698424309854,2011-06-01
10094,12726,0.0234864777207096,2011-06-01
10095,13341,0.0261693795847597,2011-06-01
10096,13561,0.0175043424567317,2011-06-01
10097,14822,0.0499792972386408,2011-06-01
10098,15417,0.0418578493855199,2011-06-01
10099,24379,0.0397553928055027,2011-06-01
10100,149337,0.0516202644970127,2011-06-01
10101,154755,0.0274681621725427,2011-06-01
10102,158354,0.0234359157210548,2011-06-01
10103,177088,0.0150661371448499,2011-06-01
10104,179534,0.0172939741651268,2011-06-01
10105,179741,0.040082849582807,2011-06-01
10106,184500,0.0244204935587905,2011-06-01
10107,1449,0.0346948585099854,2011-09-01
10108,4640,0.0346863386631057,2011-09-01
10109,4674,0.0332592598273418,2011-09-01
10110,4737,0.0261772921211498,2011-09-01
10111,5786,0.0257085486037817,2011-09-01
10112,7647,0.0330345423712955,2011-09-01
10113,8898,0.0218586656765816,2011-09-01
10114,9783,0.0363509572312252,2011-09-01
10115,12635,0.0348623925851554,2011-09-01
10116,12726,0.0319882402993313,2011-09-01
10117,13041,0.0227472367179858,2011-09-01
10118,13341,0.0358259702106978,2011-09-01
10119,14822,0.0573678438569436,2011-09-01
10120,15417,0.0404155262956202,2011-09-01
10121,24379,0.0426447274077756,2011-09-01
10122,61302,0.0216123176973823,2011-09-01
10123,149337,0.0445133710098479,2011-09-01
10124,154755,0.0189857829365219,2011-09-01
10125,158354,0.0398206365043006,2011-09-01
10126,177088,0.0331219346596738,2011-09-01
10127,179741,0.0498546864524945,2011-09-01
10128,1449,0.024804501215959,2011-12-01
10129,4674,0.0446529955504979,2011-12-01
10130,5786,0.0188391452109299,2011-12-01
10131,6742,0.0705967801824571,2011-12-01
10132,7647,0.0107634419623203,2011-12-01
10133,11687,0.0268591385359013,2011-12-01
10134,12124,0.069638640062407,2011-12-01
10135,12726,0.0110402385773412,2011-12-01
10136,13041,0.0320752968880928,2011-12-01
10137,13341,0.0271013370381449,2011-12-01
10138,14822,0.0112754684059955,2011-12-01
10139,15417,0.0112754684059955,2011-12-01
10140,24379,0.018523775734378,2011-12-01
10141,61739,0.0180938305455514,2011-12-01
10142,63172,0.0099477825358467,2011-12-01
10143,133768,0.0253579688009718,2011-12-01
10144,145701,0.0088728980770859,2011-12-01
10145,158354,0.0399905212304998,2011-12-01
10146,179534,0.0164112433293003,2011-12-01
10147,179741,0.0346795950156862,2011-12-01
10148,184500,0.0252482390878526,2011-12-01
10149,1449,0.0293456104264148,2012-03-01
10150,1487,0.0276075807880592,2012-03-01
10151,4640,0.0210967811464501,2012-03-01
10152,4737,0.0333401197275095,2012-03-01
10153,5786,0.0941597390737891,2012-03-01
10154,6742,0.079996282675603,2012-03-01
10155,11687,0.0448803976252916,2012-03-01
10156,12124,0.0523088448311169,2012-03-01
10157,12726,0.0673097045541252,2012-03-01
10158,13041,0.0370394682229249,2012-03-01
10159,14822,0.0272143678990231,2012-03-01
10160,15417,0.0233462123218985,2012-03-01
10161,24379,0.0413093991357985,2012-03-01
10162,61302,0.0222252600848409,2012-03-01
10163,61739,0.0524860788399308,2012-03-01
10164,63172,0.0240701187263921,2012-03-01
10165,133768,0.0293595776972342,2012-03-01
10166,149337,0.0405660079419025,2012-03-01
10167,158354,0.140412407415222,2012-03-01
10168,179741,0.0506642334425864,2012-03-01
10169,184500,0.0308438398148548,2012-03-01
10170,1449,0.0083379410207271,2012-06-01
10171,6682,0.0076465257443487,2012-06-01
10172,6742,0.00645088031888,2012-06-01
10173,12124,0.0047749616205692,2012-06-01
10174,12635,0.0048699830658733,2012-06-01
10175,12726,0.0076465257443487,2012-06-01
10176,13341,0.0083379410207271,2012-06-01
10177,13988,0.0047749616205692,2012-06-01
10178,14822,0.0055413204245269,2012-06-01
10179,15417,0.0055413204245269,2012-06-01
10180,24379,0.0165641810745,2012-06-01
10181,61302,0.0055413204245269,2012-06-01
10182,61739,0.0122014638036489,2012-06-01
10183,133768,0.0069751855917274,2012-06-01
10184,145701,0.0048699830658733,2012-06-01
10185,149337,0.0144589757546782,2012-06-01
10186,158354,0.0089572379365563,2012-06-01
10187,177088,0.0096486499533057,2012-06-01
10188,179534,0.0045620342716574,2012-06-01
10189,184500,0.0049161496572196,2012-06-01
10190,189459,0.008086702786386,2012-06-01
10191,1449,0.0018362487899139,2012-09-04
10192,4601,0.0035006464459002,2012-09-04
10193,4737,0.003988976124674,2012-09-04
10194,6682,-0.0001181809275294,2012-09-04
10195,6742,0.0061598517931997,2012-09-04
10196,7647,0.003988976124674,2012-09-04
10197,12124,-0.0006238311179913,2012-09-04
10198,12635,0.0018362487899139,2012-09-04
10199,12726,0.0061598517931997,2012-09-04
10200,13341,0.0018362487899139,2012-09-04
10201,13988,-0.0006238311179913,2012-09-04
10202,14822,0.0018362487899139,2012-09-04
10203,15417,0.0018362487899139,2012-09-04
10204,24379,0.0740517079830169,2012-09-04
10205,61302,0.0018362487899139,2012-09-04
10206,61739,-0.0001181809275294,2012-09-04
10207,145701,0.0061598517931997,2012-09-04
10208,149337,0.0106660230085253,2012-09-04
10209,158354,0.0745889022946357,2012-09-04
10210,179741,0.0061598517931997,2012-09-04
10211,180081,0.0039056509267538,2012-09-04
10212,184500,0.0039056509267538,2012-09-04
10213,1449,0.0221295940752659,2012-12-03
10214,1487,0.0247846397907856,2012-12-03
10215,5786,0.0246228790411221,2012-12-03
10216,6682,0.0414253669626171,2012-12-03
10217,7065,0.0214426791392929,2012-12-03
10218,9783,0.0296753340677289,2012-12-03
10219,12726,0.0483383222114626,2012-12-03
10220,13341,0.039000520112229,2012-12-03
10221,14822,0.0421528445866354,2012-12-03
10222,15417,0.0381126499888321,2012-12-03
10223,24379,0.0394880619384863,2012-12-03
10224,28349,0.0220976813078743,2012-12-03
10225,63172,0.0229040648787908,2012-12-03
10226,141913,0.0231774986850122,2012-12-03
10227,149337,0.0546553010743331,2012-12-03
10228,157057,0.0272242781201032,2012-12-03
10229,158354,0.0301730172777774,2012-12-03
10230,179741,0.050837454117301,2012-12-03
10231,180081,0.0228182110659767,2012-12-03
10232,184500,0.0255520351514692,2012-12-03
10233,189459,0.0215748000011028,2012-12-03
10234,4640,0.0337590249017178,2013-03-01
10235,4674,0.0314984013189209,2013-03-01
10236,5786,0.0324075880968603,2013-03-01
10237,6682,0.0487121102048147,2013-03-01
10238,7065,0.0273057523986036,2013-03-01
10239,9783,0.0343009140876111,2013-03-01
10240,12726,0.0476505843279555,2013-03-01
10241,13561,0.0595091874494426,2013-03-01
10242,14822,0.0443760977616806,2013-03-01
10243,15417,0.0443361698505414,2013-03-01
10244,139665,0.0269625262740108,2013-03-01
10245,141913,0.036591381445289,2013-03-01
10246,149337,0.0520636710338307,2013-03-01
10247,158354,0.0356102031146765,2013-03-01
10248,165993,0.0289665503240667,2013-03-01
10249,175263,0.0394077641690917,2013-03-01
10250,177088,0.0262684762138257,2013-03-01
10251,178507,0.0252625236664542,2013-03-01
10252,179741,0.0521344263334565,2013-03-01
10253,180081,0.035019598007245,2013-03-01
10254,184500,0.0272772810691058,2013-03-01
10255,4640,0.0253061560639496,2013-06-03
10256,4674,0.034662091988787,2013-06-03
10257,5786,0.0238289860117574,2013-06-03
10258,6682,0.0213827603692034,2013-06-03
10259,7065,0.0169987089821273,2013-06-03
10260,9783,0.0161588572314476,2013-06-03
10261,11811,0.018292441734774,2013-06-03
10262,12726,0.0294483246302564,2013-06-03
10263,13341,0.0255034898383611,2013-06-03
10264,13561,0.0472496901443702,2013-06-03
10265,14822,0.030009044276762,2013-06-03
10266,15417,0.0341498459993697,2013-06-03
10267,24379,0.0245108216631609,2013-06-03
10268,61302,0.0237273582116059,2013-06-03
10269,63172,0.0250137899693739,2013-06-03
10270,139665,0.0207851889796817,2013-06-03
10271,141913,0.0225090229162473,2013-06-03
10272,149337,0.0342659725637912,2013-06-03
10273,160225,0.0151832620575804,2013-06-03
10274,179741,0.0322035218941319,2013-06-03
10275,180081,0.023411618368672,2013-06-03
10276,184500,0.0255149265119132,2013-06-03
10277,4601,0.0284142092056915,2013-09-03
10278,4640,0.0354386887226993,2013-09-03
10279,4674,0.0437514249424256,2013-09-03
10280,5786,0.0442456012698052,2013-09-03
10281,6682,0.0353610386727608,2013-09-03
10282,7065,0.0234510910472049,2013-09-03
10283,9783,0.0256174460632221,2013-09-03
10284,12726,0.0305972947782556,2013-09-03
10285,13341,0.0295281765279356,2013-09-03
10286,13561,0.047616551949867,2013-09-03
10287,14822,0.0405114123442406,2013-09-03
10288,15208,0.0238463236130448,2013-09-03
10289,15417,0.0452312570764521,2013-09-03
10290,24379,0.0341479859903488,2013-09-03
10291,139665,0.0272999146488417,2013-09-03
10292,141913,0.0247167626028915,2013-09-03
10293,149337,0.0415563973295054,2013-09-03
10294,158354,0.0254096991881706,2013-09-03
10295,177088,0.0298352976082479,2013-09-03
10296,179741,0.0354169731440837,2013-09-03
10297,180081,0.0460477764630591,2013-09-03
10298,184500,0.0305798893873407,2013-09-03
10299,1449,0.0094028885346115,2013-12-02
10300,1487,0.0094028885346115,2013-12-02
10301,2968,0.0346180972575215,2013-12-02
10302,3221,0.0094028885346115,2013-12-02
10303,4601,0.0216321214029764,2013-12-02
10304,4640,0.0164975131673513,2013-12-02
10305,4737,0.0108095506969677,2013-12-02
10306,4973,0.0094028885346115,2013-12-02
10307,6682,0.0094028885346115,2013-12-02
10308,6781,0.0094028885346115,2013-12-02
10309,7065,0.0094028885346115,2013-12-02
10310,7163,0.0094028885346115,2013-12-02
10311,10614,0.0094028885346115,2013-12-02
10312,12635,0.0094028885346115,2013-12-02
10313,12726,0.0094028885346115,2013-12-02
10314,13341,0.0094028885346115,2013-12-02
10315,13561,0.035086253267012,2013-12-02
10316,14822,0.0201535456445601,2013-12-02
10317,14824,0.0094028885346115,2013-12-02
10318,15208,0.0277947222542297,2013-12-02
10319,15417,0.0125573853290411,2013-12-02
10320,24379,0.0506675551317958,2013-12-02
10321,25030,0.0104140247264644,2013-12-02
10322,28349,0.0094028885346115,2013-12-02
10323,61302,0.0221846975867614,2013-12-02
10324,61388,0.0094028885346115,2013-12-02
10325,63172,0.0104140247264644,2013-12-02
10326,65886,0.0094028885346115,2013-12-02
10327,141913,0.0094028885346115,2013-12-02
10328,149337,0.0203410789755332,2013-12-02
10329,157057,0.0094028885346115,2013-12-02
10330,158354,0.0173177865213266,2013-12-02
10331,165993,0.0094028885346115,2013-12-02
10332,175263,0.0209523127352281,2013-12-02
10333,177088,0.0122650581625313,2013-12-02
10334,178507,0.0094028885346115,2013-12-02
10335,179741,0.0122650581625313,2013-12-02
10336,180081,0.0273763837623747,2013-12-02
10337,4640,0.0386730632172531,2014-03-03
10338,4674,0.0304153287835846,2014-03-03
10339,5786,0.0344617210232477,2014-03-03
10340,9783,0.0304153287835846,2014-03-03
10341,11687,0.0259853903642581,2014-03-03
10342,12635,0.017505574197366,2014-03-03
10343,13341,0.0206593264846355,2014-03-03
10344,13561,0.0461669800975435,2014-03-03
10345,14822,0.0598093041513286,2014-03-03
10346,15417,0.0365125060435792,2014-03-03
10347,20430,0.0390040616839727,2014-03-03
10348,24379,0.0879658370561378,2014-03-03
10349,61302,0.0227354814847982,2014-03-03
10350,61388,0.0250617326936086,2014-03-03
10351,149337,0.0516690990006947,2014-03-03
10352,158354,0.0418467167363771,2014-03-03
10353,163610,0.0515527657783409,2014-03-03
10354,175263,0.0318584641963005,2014-03-03
10355,177088,0.0190520167467137,2014-03-03
10356,179741,0.0369768525775057,2014-03-03
10357,180081,0.0494467307960634,2014-03-03
10358,184498,0.0300116059167127,2014-03-03
10359,4601,0.0667629209327281,2014-06-02
10360,4640,0.0370153668294178,2014-06-02
10361,4674,0.0525992563510864,2014-06-02
10362,5786,0.0627048301145529,2014-06-02
10363,7065,0.0325065431315525,2014-06-02
10364,7647,0.0501054735624626,2014-06-02
10365,9783,0.0403372519924256,2014-06-02
10366,13561,0.0676670546852685,2014-06-02
10367,14822,0.0486045034471901,2014-06-02
10368,15208,0.0676073451207314,2014-06-02
10369,15417,0.0478939945753463,2014-06-02
10370,24379,0.0429260647068026,2014-06-02
10371,63172,0.0328660662103189,2014-06-02
10372,139665,0.0354660313914648,2014-06-02
10373,149337,0.0432922709385936,2014-06-02
10374,157057,0.0319855973384133,2014-06-02
10375,158354,0.0377937647073795,2014-06-02
10376,160225,0.0429288826664705,2014-06-02
10377,175263,0.0383022190834072,2014-06-02
10378,179741,0.051113565600972,2014-06-02
10379,184500,0.0328409003748639,2014-06-02
10380,1487,0.0395560846735207,2014-09-02
10381,4601,0.0475581774959656,2014-09-02
10382,4640,0.0383935345138171,2014-09-02
10383,4674,0.0525740890628749,2014-09-02
10384,5786,0.0456249535960113,2014-09-02
10385,6682,0.0370967679826212,2014-09-02
10386,7647,0.042828703453994,2014-09-02
10387,9783,0.0441504809042091,2014-09-02
10388,12726,0.0397250011748567,2014-09-02
10389,13561,0.074297664698913,2014-09-02
10390,14822,0.0505912716263794,2014-09-02
10391,15208,0.0479854383228822,2014-09-02
10392,15417,0.0457988957043882,2014-09-02
10393,20686,0.0552459784211562,2014-09-02
10394,24379,0.0469370405598239,2014-09-02
10395,149337,0.0470042821742086,2014-09-02
10396,158354,0.0445852899737898,2014-09-02
10397,160225,0.0391203583994407,2014-09-02
10398,175263,0.0376515085636299,2014-09-02
10399,179741,0.0390211133909526,2014-09-02
10400,184500,0.0401518110014501,2014-09-02
10401,189459,0.0432826194208711,2014-09-02
10402,4601,0.0544903694898676,2014-12-01
10403,4674,0.0662039106837978,2014-12-01
10404,4737,0.0424527669900332,2014-12-01
10405,5786,0.0455855493271456,2014-12-01
10406,6682,0.0520029603309029,2014-12-01
10407,7647,0.0421489848767201,2014-12-01
10408,9783,0.0468328781873028,2014-12-01
10409,12726,0.0420049498349989,2014-12-01
10410,13561,0.0838817707305776,2014-12-01
10411,14822,0.0479789542418879,2014-12-01
10412,15208,0.0545307335562226,2014-12-01
10413,15417,0.0500173640521132,2014-12-01
10414,24379,0.0523593629811317,2014-12-01
10415,61380,0.0428788258309131,2014-12-01
10416,139665,0.0426082846936381,2014-12-01
10417,149337,0.045468856768076,2014-12-01
10418,157057,0.0460704017573093,2014-12-01
10419,158354,0.0695983846529928,2014-12-01
10420,160225,0.0479827894438529,2014-12-01
10421,179741,0.0484961588965477,2014-12-01
10422,184500,0.0469615519952968,2014-12-01
10423,189459,0.0549818013841327,2014-12-01
10424,4601,0.0975853651762008,2015-03-02
10425,4640,0.0264307204633951,2015-03-02
10426,4674,0.0264307204633951,2015-03-02
10427,5786,0.0279390383511781,2015-03-02
10428,6682,0.0221942141652107,2015-03-02
10429,9783,0.0264307204633951,2015-03-02
10430,12726,0.0218949373811483,2015-03-02
10431,13561,0.0306315887719392,2015-03-02
10432,14822,0.0281184278428554,2015-03-02
10433,15208,0.0975853651762008,2015-03-02
10434,15417,0.0281184278428554,2015-03-02
10435,20430,0.0264307204633951,2015-03-02
10436,24379,0.0281184278428554,2015-03-02
10437,28034,0.0205129832029342,2015-03-02
10438,61302,0.0205129832029342,2015-03-02
10439,61380,0.0264163371175527,2015-03-02
10440,149337,0.0281184278428554,2015-03-02
10441,157057,0.0205635149031877,2015-03-02
10442,158354,0.0274103097617626,2015-03-02
10443,175263,0.0281184278428554,2015-03-02
10444,179741,0.0264163371175527,2015-03-02
10445,180081,0.0281184278428554,2015-03-02
10446,184700,0.0205129832029342,2015-03-02
10447,189459,0.026947459205985,2015-03-02
10448,1449,0.0198370330035686,2015-06-01
10449,1487,0.0198370330035686,2015-06-01
10450,3221,0.0198370330035686,2015-06-01
10451,4885,0.0198370330035686,2015-06-01
10452,4973,0.0198370330035686,2015-06-01
10453,6682,0.0259776301681995,2015-06-01
10454,6742,0.0198370330035686,2015-06-01
10455,6781,0.0198370330035686,2015-06-01
10456,7065,0.0198370330035686,2015-06-01
10457,7163,0.0198370330035686,2015-06-01
10458,10614,0.0198370330035686,2015-06-01
10459,11811,0.0198370330035686,2015-06-01
10460,12138,0.0198370330035686,2015-06-01
10461,12635,0.0198370330035686,2015-06-01
10462,12726,0.0254301019012928,2015-06-01
10463,13341,0.0209912322461605,2015-06-01
10464,14822,0.0203845612704753,2015-06-01
10465,14824,0.0198370330035686,2015-06-01
10466,15417,0.0203845612704753,2015-06-01
10467,24379,0.0203845612704753,2015-06-01
10468,25030,0.0198370330035686,2015-06-01
10469,28034,0.0198370330035686,2015-06-01
10470,28349,0.0198370330035686,2015-06-01
10471,61302,0.0198370330035686,2015-06-01
10472,61380,0.0198370330035686,2015-06-01
10473,61388,0.0198370330035686,2015-06-01
10474,63172,0.0198370330035686,2015-06-01
10475,65886,0.0198370330035686,2015-06-01
10476,124434,0.0198370330035686,2015-06-01
10477,133768,0.0254301019012928,2015-06-01
10478,141913,0.0198370330035686,2015-06-01
10479,143356,0.0254301019012928,2015-06-01
10480,145701,0.0198370330035686,2015-06-01
10481,149070,0.0198370330035686,2015-06-01
10482,149337,0.0203845612704753,2015-06-01
10483,157057,0.0254301019012928,2015-06-01
10484,158354,0.03092054836452,2015-06-01
10485,158742,0.0198370330035686,2015-06-01
10486,160225,0.0198370330035686,2015-06-01
10487,163610,0.0198370330035686,2015-06-01
10488,164708,0.0198370330035686,2015-06-01
10489,165993,0.0198370330035686,2015-06-01
10490,177088,0.0198370330035686,2015-06-01
10491,178507,0.0198370330035686,2015-06-01
10492,179534,0.0198370330035686,2015-06-01
10493,179741,0.0203845612704753,2015-06-01
10494,184498,0.0198370330035686,2015-06-01
10495,184500,0.0198370330035686,2015-06-01
10496,184700,0.0198370330035686,2015-06-01
10497,189459,0.0304211471229791,2015-06-01
10498,4640,0.0280864685773849,2015-09-01
10499,4674,0.0259775500744581,2015-09-01
10500,5786,0.0341883189976215,2015-09-01
10501,6682,0.0325759574770927,2015-09-01
10502,6781,0.0272231511771678,2015-09-01
10503,9783,0.0259775500744581,2015-09-01
10504,11687,0.0328098125755786,2015-09-01
10505,13341,0.0262608304619789,2015-09-01
10506,13561,0.2738581597805023,2015-09-01
10507,14822,0.0314624533057212,2015-09-01
10508,15417,0.0305036827921867,2015-09-01
10509,20430,0.0259775500744581,2015-09-01
10510,24379,0.0283947642892599,2015-09-01
10511,24616,0.043180476874113,2015-09-01
10512,28349,0.0262608304619789,2015-09-01
10513,61380,0.0359835065901279,2015-09-01
10514,149337,0.0314624533057212,2015-09-01
10515,157057,0.0262608304619789,2015-09-01
10516,175263,0.0259775500744581,2015-09-01
10517,179741,0.046221237629652,2015-09-01
10518,180081,0.0283947642892599,2015-09-01
10519,189459,0.044212456792593,2015-09-01
10520,1487,0.0266820229589939,2015-12-01
10521,4640,0.0207066144794225,2015-12-01
10522,4674,0.0207066144794225,2015-12-01
10523,6682,0.0302235186100006,2015-12-01
10524,6781,0.0233477689325809,2015-12-01
10525,7647,0.0207066144794225,2015-12-01
10526,9783,0.0207066144794225,2015-12-01
10527,12726,0.0237010605633258,2015-12-01
10528,13561,0.1700554341077804,2015-12-01
10529,14822,0.0230381526052951,2015-12-01
10530,15417,0.0230381526052951,2015-12-01
10531,20430,0.0207066144794225,2015-12-01
10532,24379,0.0230381526052951,2015-12-01
10533,25030,0.0266820229589939,2015-12-01
10534,28349,0.024931451305747,2015-12-01
10535,133768,0.0230575799942016,2015-12-01
10536,143356,0.0249262768775224,2015-12-01
10537,157057,0.0310854278504848,2015-12-01
10538,158354,0.026811484247446,2015-12-01
10539,175263,0.0207066144794225,2015-12-01
10540,177088,0.0266820229589939,2015-12-01
10541,179741,0.0337369851768016,2015-12-01
10542,180081,0.0258201137185096,2015-12-01
10543,184498,0.0261876937001943,2015-12-01
10544,189459,0.037408497184515,2015-12-01
10545,1449,0.0222457256168127,2016-03-01
10546,1487,0.0249421391636133,2016-03-01
10547,3221,0.0222457256168127,2016-03-01
10548,4885,0.0222457256168127,2016-03-01
10549,4973,0.0222457256168127,2016-03-01
10550,6682,0.0333245173096656,2016-03-01
10551,7065,0.0222457256168127,2016-03-01
10552,10614,0.0222457256168127,2016-03-01
10553,11811,0.0222457256168127,2016-03-01
10554,12635,0.0222457256168127,2016-03-01
10555,12726,0.0314909256994724,2016-03-01
10556,13341,0.0222457256168127,2016-03-01
10557,13561,0.2212322205305099,2016-03-01
10558,14822,0.0241134259849786,2016-03-01
10559,14824,0.0222457256168127,2016-03-01
10560,15417,0.0241134259849786,2016-03-01
10561,24379,0.0241134259849786,2016-03-01
10562,24616,0.0222457256168127,2016-03-01
10563,25030,0.0222457256168127,2016-03-01
10564,28034,0.0222457256168127,2016-03-01
10565,28349,0.0314909256994724,2016-03-01
10566,61302,0.0222457256168127,2016-03-01
10567,61380,0.0222457256168127,2016-03-01
10568,61388,0.0222457256168127,2016-03-01
10569,63172,0.0222457256168127,2016-03-01
10570,65886,0.0222457256168127,2016-03-01
10571,124434,0.0222457256168127,2016-03-01
10572,133768,0.0289656110107898,2016-03-01
10573,141913,0.0222457256168127,2016-03-01
10574,143356,0.0252665244042873,2016-03-01
10575,149070,0.0222457256168127,2016-03-01
10576,149337,0.0234913378953933,2016-03-01
10577,157057,0.0314909256994724,2016-03-01
10578,158354,0.223184734582901,2016-03-01
10579,158742,0.0222457256168127,2016-03-01
10580,160225,0.0222457256168127,2016-03-01
10581,163610,0.0222457256168127,2016-03-01
10582,165993,0.0222457256168127,2016-03-01
10583,175263,0.0241134259849786,2016-03-01
10584,177088,0.0234913378953933,2016-03-01
10585,178507,0.0222457256168127,2016-03-01
10586,179534,0.0222457256168127,2016-03-01
10587,179741,0.0240792986005544,2016-03-01
10588,184498,0.0317216031253337,2016-03-01
10589,184500,0.0222457256168127,2016-03-01
10590,184700,0.0222457256168127,2016-03-01
10591,189459,0.0337713211774826,2016-03-01
10592,1449,0.0215546526014804,2016-06-01
10593,3221,0.0215546526014804,2016-06-01
10594,4885,0.0215546526014804,2016-06-01
10595,4973,0.0215546526014804,2016-06-01
10596,6682,0.0250052213668823,2016-06-01
10597,6742,0.0259595513343811,2016-06-01
10598,6781,0.0230114851146936,2016-06-01
10599,7065,0.0215546526014804,2016-06-01
10600,7163,0.0215546526014804,2016-06-01
10601,10614,0.0215546526014804,2016-06-01
10602,11811,0.0215546526014804,2016-06-01
10603,12138,0.0215546526014804,2016-06-01
10604,12635,0.0215546526014804,2016-06-01
10605,12726,0.0275519527494907,2016-06-01
10606,13341,0.0215546526014804,2016-06-01
10607,13561,0.1986818462610244,2016-06-01
10608,14822,0.0244094897061586,2016-06-01
10609,14824,0.0215546526014804,2016-06-01
10610,15417,0.0226176753640174,2016-06-01
10611,24379,0.0244094897061586,2016-06-01
10612,24616,0.0215546526014804,2016-06-01
10613,25030,0.0215546526014804,2016-06-01
10614,28034,0.0215546526014804,2016-06-01
10615,28349,0.0275519527494907,2016-06-01
10616,61302,0.0215546526014804,2016-06-01
10617,61380,0.0215546526014804,2016-06-01
10618,61388,0.0215546526014804,2016-06-01
10619,63172,0.0215546526014804,2016-06-01
10620,65886,0.0215546526014804,2016-06-01
10621,124434,0.0215546526014804,2016-06-01
10622,133768,0.0259595513343811,2016-06-01
10623,141913,0.0215546526014804,2016-06-01
10624,149070,0.0215546526014804,2016-06-01
10625,149337,0.0215546526014804,2016-06-01
10626,157057,0.0275519527494907,2016-06-01
10627,158354,0.1970080435276031,2016-06-01
10628,158742,0.0215546526014804,2016-06-01
10629,160225,0.0215546526014804,2016-06-01
10630,163610,0.0215546526014804,2016-06-01
10631,165993,0.0215546526014804,2016-06-01
10632,177088,0.0226176753640174,2016-06-01
10633,178507,0.0215546526014804,2016-06-01
10634,179534,0.0215546526014804,2016-06-01
10635,179741,0.0334949903190135,2016-06-01
10636,184498,0.0338299684226512,2016-06-01
10637,184500,0.0215546526014804,2016-06-01
10638,184700,0.0215546526014804,2016-06-01
10639,1449,0.0180246848613023,2016-09-01
10640,3221,0.0180246848613023,2016-09-01
10641,4885,0.0180246848613023,2016-09-01
10642,4973,0.0180246848613023,2016-09-01
10643,6682,0.0321168564260005,2016-09-01
10644,6742,0.0574567317962646,2016-09-01
10645,6781,0.0193032138049602,2016-09-01
10646,7065,0.0180246848613023,2016-09-01
10647,10614,0.0180246848613023,2016-09-01
10648,11811,0.0180246848613023,2016-09-01
10649,12138,0.0180246848613023,2016-09-01
10650,12635,0.0180246848613023,2016-09-01
10651,12726,0.0303207281976938,2016-09-01
10652,13341,0.0180246848613023,2016-09-01
10653,13561,0.2452448010444641,2016-09-01
10654,14822,0.0196005906909704,2016-09-01
10655,14824,0.0180246848613023,2016-09-01
10656,15417,0.0187341999262571,2016-09-01
10657,24379,0.0196005906909704,2016-09-01
10658,24616,0.0180246848613023,2016-09-01
10659,25030,0.0180246848613023,2016-09-01
10660,28034,0.0180246848613023,2016-09-01
10661,28349,0.0303207281976938,2016-09-01
10662,61302,0.0180246848613023,2016-09-01
10663,61380,0.0180246848613023,2016-09-01
10664,61388,0.0180246848613023,2016-09-01
10665,63172,0.0180246848613023,2016-09-01
10666,65886,0.0180246848613023,2016-09-01
10667,124434,0.0180246848613023,2016-09-01
10668,133768,0.0315992496907711,2016-09-01
10669,141913,0.0180246848613023,2016-09-01
10670,143356,0.0419043451547622,2016-09-01
10671,144009,0.0180246848613023,2016-09-01
10672,149070,0.0180246848613023,2016-09-01
10673,149337,0.0180246848613023,2016-09-01
10674,157057,0.0303207281976938,2016-09-01
10675,158742,0.0180246848613023,2016-09-01
10676,160225,0.0180246848613023,2016-09-01
10677,163610,0.0180246848613023,2016-09-01
10678,165993,0.0180246848613023,2016-09-01
10679,177088,0.0187341999262571,2016-09-01
10680,178507,0.0180246848613023,2016-09-01
10681,179534,0.0180246848613023,2016-09-01
10682,179741,0.01956332847476,2016-09-01
10683,184498,0.0290726106613874,2016-09-01
10684,184500,0.0180246848613023,2016-09-01
10685,184700,0.0180246848613023,2016-09-01
10686,1449,0.024042785167694,2016-12-01
10687,3221,0.024042785167694,2016-12-01
10688,3243,0.0327931866049766,2016-12-01
10689,4885,0.024042785167694,2016-12-01
10690,4973,0.024042785167694,2016-12-01
10691,7065,0.024042785167694,2016-12-01
10692,7647,0.0446099936962127,2016-12-01
10693,10614,0.024042785167694,2016-12-01
10694,11811,0.024042785167694,2016-12-01
10695,12138,0.024042785167694,2016-12-01
10696,12635,0.024042785167694,2016-12-01
10697,13341,0.0246297027915716,2016-12-01
10698,14822,0.0245985314249992,2016-12-01
10699,14824,0.024042785167694,2016-12-01
10700,15417,0.024042785167694,2016-12-01
10701,24379,0.0245725158601999,2016-12-01
10702,24616,0.024042785167694,2016-12-01
10703,25030,0.024042785167694,2016-12-01
10704,28034,0.024042785167694,2016-12-01
10705,28349,0.0246297027915716,2016-12-01
10706,61302,0.024042785167694,2016-12-01
10707,61380,0.024042785167694,2016-12-01
10708,61388,0.0251140668988227,2016-12-01
10709,63172,0.0241685435175895,2016-12-01
10710,65886,0.024042785167694,2016-12-01
10711,124434,0.024042785167694,2016-12-01
10712,141913,0.024042785167694,2016-12-01
10713,144009,0.0326964855194091,2016-12-01
10714,149070,0.024042785167694,2016-12-01
10715,149337,0.0245985314249992,2016-12-01
10716,157057,0.0263155922293663,2016-12-01
10717,158742,0.024042785167694,2016-12-01
10718,160225,0.024042785167694,2016-12-01
10719,163610,0.024042785167694,2016-12-01
10720,165993,0.024042785167694,2016-12-01
10721,175263,0.0325297117233276,2016-12-01
10722,177088,0.0245985314249992,2016-12-01
10723,178507,0.0241685435175895,2016-12-01
10724,179534,0.024042785167694,2016-12-01
10725,179741,0.0281696766614913,2016-12-01
10726,180081,0.0247242897748947,2016-12-01
10727,184500,0.0241685435175895,2016-12-01
10728,184700,0.024042785167694,2016-12-01
10729,189459,0.0274785291403532,2016-12-01
10730,1449,0.0170496571809053,2017-03-01
10731,3221,0.0170496571809053,2017-03-01
10732,4885,0.0170496571809053,2017-03-01
10733,4973,0.0170496571809053,2017-03-01
10734,7065,0.0170496571809053,2017-03-01
10735,10614,0.0170496571809053,2017-03-01
10736,11811,0.0170496571809053,2017-03-01
10737,12138,0.0170496571809053,2017-03-01
10738,12635,0.0170496571809053,2017-03-01
10739,12726,0.0170496571809053,2017-03-01
10740,13341,0.0170496571809053,2017-03-01
10741,13561,0.0183967035263776,2017-03-01
10742,14822,0.0170496571809053,2017-03-01
10743,14824,0.0170496571809053,2017-03-01
10744,15417,0.0170496571809053,2017-03-01
10745,24379,0.0170496571809053,2017-03-01
10746,24616,0.0170496571809053,2017-03-01
10747,25030,0.0170496571809053,2017-03-01
10748,28034,0.0170496571809053,2017-03-01
10749,28349,0.0170496571809053,2017-03-01
10750,61302,0.0170496571809053,2017-03-01
10751,61380,0.0170496571809053,2017-03-01
10752,61388,0.0170496571809053,2017-03-01
10753,63172,0.0170496571809053,2017-03-01
10754,65886,0.0170496571809053,2017-03-01
10755,124434,0.0170496571809053,2017-03-01
10756,144009,0.0170496571809053,2017-03-01
10757,149070,0.0170496571809053,2017-03-01
10758,149337,0.0170496571809053,2017-03-01
10759,157057,0.0170496571809053,2017-03-01
10760,158354,0.0183967035263776,2017-03-01
10761,158742,0.0170496571809053,2017-03-01
10762,160225,0.0170496571809053,2017-03-01
10763,163610,0.0170496571809053,2017-03-01
10764,165993,0.0170496571809053,2017-03-01
10765,177088,0.0170496571809053,2017-03-01
10766,178507,0.0170496571809053,2017-03-01
10767,179534,0.0170496571809053,2017-03-01
10768,179741,0.0177940502762794,2017-03-01
10769,180081,0.0170496571809053,2017-03-01
10770,184500,0.0170496571809053,2017-03-01
10771,184700,0.0170496571809053,2017-03-01
10772,1449,0.0207347627729177,2017-09-01
10773,3221,0.0207347627729177,2017-09-01
10774,4885,0.0207347627729177,2017-09-01
10775,4973,0.0207347627729177,2017-09-01
10776,6682,0.0229234602302312,2017-09-01
10777,6781,0.0207347627729177,2017-09-01
10778,7065,0.0207347627729177,2017-09-01
10779,7163,0.0207347627729177,2017-09-01
10780,10614,0.0207347627729177,2017-09-01
10781,11811,0.0207347627729177,2017-09-01
10782,12138,0.0207347627729177,2017-09-01
10783,12635,0.0207347627729177,2017-09-01
10784,12726,0.0207347627729177,2017-09-01
10785,13341,0.0207347627729177,2017-09-01
10786,14822,0.0229234602302312,2017-09-01
10787,14824,0.0207347627729177,2017-09-01
10788,15417,0.0207347627729177,2017-09-01
10789,24379,0.0229234602302312,2017-09-01
10790,24616,0.0207347627729177,2017-09-01
10791,25030,0.0207347627729177,2017-09-01
10792,28034,0.0207347627729177,2017-09-01
10793,28349,0.0207347627729177,2017-09-01
10794,31774,0.0295598618686199,2017-09-01
10795,61302,0.0207347627729177,2017-09-01
10796,61380,0.0207347627729177,2017-09-01
10797,61388,0.0207347627729177,2017-09-01
10798,63172,0.0207347627729177,2017-09-01
10799,65886,0.0207347627729177,2017-09-01
10800,124434,0.0207347627729177,2017-09-01
10801,144009,0.0207347627729177,2017-09-01
10802,149070,0.0207347627729177,2017-09-01
10803,157057,0.0207347627729177,2017-09-01
10804,158354,0.0545371696352958,2017-09-01
10805,158742,0.0207347627729177,2017-09-01
10806,160225,0.0207347627729177,2017-09-01
10807,163610,0.0207347627729177,2017-09-01
10808,164708,0.0295845232903957,2017-09-01
10809,165993,0.0207347627729177,2017-09-01
10810,177088,0.0207347627729177,2017-09-01
10811,179534,0.0207347627729177,2017-09-01
10812,179741,0.0226926859468221,2017-09-01
10813,180081,0.0229234602302312,2017-09-01
10814,184500,0.0207347627729177,2017-09-01
10815,184700,0.0207347627729177,2017-09-01
10816,1449,0.018579987809062,2017-12-01
10817,3221,0.018579987809062,2017-12-01
10818,4885,0.018579987809062,2017-12-01
10819,4973,0.018579987809062,2017-12-01
10820,6781,0.018579987809062,2017-12-01
10821,7065,0.018579987809062,2017-12-01
10822,7163,0.018579987809062,2017-12-01
10823,10614,0.018579987809062,2017-12-01
10824,11811,0.018579987809062,2017-12-01
10825,12138,0.018579987809062,2017-12-01
10826,12635,0.018579987809062,2017-12-01
10827,12726,0.018579987809062,2017-12-01
10828,13341,0.018579987809062,2017-12-01
10829,14822,0.018579987809062,2017-12-01
10830,14824,0.018579987809062,2017-12-01
10831,15417,0.018579987809062,2017-12-01
10832,24379,0.018579987809062,2017-12-01
10833,24616,0.018579987809062,2017-12-01
10834,25030,0.018579987809062,2017-12-01
10835,28034,0.018579987809062,2017-12-01
10836,28349,0.018579987809062,2017-12-01
10837,31774,0.0328491814434528,2017-12-01
10838,61302,0.018579987809062,2017-12-01
10839,61380,0.018579987809062,2017-12-01
10840,61388,0.018579987809062,2017-12-01
10841,63172,0.018579987809062,2017-12-01
10842,65886,0.018579987809062,2017-12-01
10843,124434,0.018579987809062,2017-12-01
10844,141913,0.018579987809062,2017-12-01
10845,144009,0.018579987809062,2017-12-01
10846,149070,0.018579987809062,2017-12-01
10847,149337,0.018579987809062,2017-12-01
10848,158354,0.081551969051361,2017-12-01
10849,158742,0.018579987809062,2017-12-01
10850,160225,0.018579987809062,2017-12-01
10851,163610,0.018579987809062,2017-12-01
10852,165993,0.018579987809062,2017-12-01
10853,177088,0.018579987809062,2017-12-01
10854,178507,0.018579987809062,2017-12-01
10855,179534,0.018579987809062,2017-12-01
10856,179741,0.0288875792175531,2017-12-01
10857,180081,0.018579987809062,2017-12-01
10858,184500,0.018579987809062,2017-12-01
10859,184700,0.018579987809062,2017-12-01
10860,4674,0.0331682252736274,2018-03-01
10861,4737,0.0351506062548605,2018-03-01
10862,5786,0.0381661413534239,2018-03-01
10863,7065,0.0366179641091184,2018-03-01
10864,7163,0.0369210784104757,2018-03-01
10865,9783,0.0299824841184569,2018-03-01
10866,11811,0.031139126256354,2018-03-01
10867,12635,0.0356227409627531,2018-03-01
10868,13561,0.0427322767246862,2018-03-01
10869,15417,0.0318867539546029,2018-03-01
10870,20430,0.0300402147185599,2018-03-01
10871,24379,0.0348143987181398,2018-03-01
10872,24616,0.0305827681403826,2018-03-01
10873,61380,0.0347644101009028,2018-03-01
10874,63172,0.0369490338891414,2018-03-01
10875,149337,0.0296141386778704,2018-03-01
10876,158354,0.0799178892852847,2018-03-01
10877,160225,0.0433159065895212,2018-03-01
10878,178507,0.0399469281882871,2018-03-01
10879,179534,0.0382064788676454,2018-03-01
10880,179741,0.046988217646976,2018-03-01
10881,189459,0.0305170880565199,2018-03-01
10882,4674,0.0293818441078179,2018-06-01
10883,5786,0.0347254948889137,2018-06-01
10884,7065,0.0325906367643322,2018-06-01
10885,7163,0.0296100638994275,2018-06-01
10886,9783,0.0298571576867509,2018-06-01
10887,12635,0.0385189659616508,2018-06-01
10888,13561,0.0331409394178114,2018-06-01
10889,15208,0.0350153661623003,2018-06-01
10890,15417,0.0341328334604993,2018-06-01
10891,24379,0.03380458580979,2018-06-01
10892,24616,0.0349144176209186,2018-06-01
10893,61380,0.0353621236664108,2018-06-01
10894,63172,0.0404310363096753,2018-06-01
10895,158354,0.0679340233746435,2018-06-01
10896,160225,0.0455422595130594,2018-06-01
10897,178507,0.0391319422331447,2018-06-01
10898,179534,0.0451368843282588,2018-06-01
10899,179741,0.0439058695164343,2018-06-01
10900,180081,0.0291391040380277,2018-06-01
10901,184498,0.0316033738833912,2018-06-01
10902,184500,0.0309964690180636,2018-06-01
10903,189459,0.0300592736106086,2018-06-01
10904,4601,0.0399408502697117,2018-09-04
10905,4674,0.0279373479499541,2018-09-04
10906,4973,0.0281584680036843,2018-09-04
10907,5786,0.0350899214653151,2018-09-04
10908,7065,0.0368974634691617,2018-09-04
10909,7163,0.0354786344010084,2018-09-04
10910,12635,0.0390690242528181,2018-09-04
10911,13561,0.0417897333131157,2018-09-04
10912,15208,0.0389299293659618,2018-09-04
10913,15417,0.0357425540739847,2018-09-04
10914,24379,0.0370995945434311,2018-09-04
10915,24616,0.035192832852804,2018-09-04
10916,33695,0.0506666924905954,2018-09-04
10917,61380,0.0400231609684272,2018-09-04
10918,63172,0.0409124502556599,2018-09-04
10919,141913,0.0303150229305585,2018-09-04
10920,158354,0.0754364611817606,2018-09-04
10921,160225,0.0434243298112851,2018-09-04
10922,165993,0.0309996942419127,2018-09-04
10923,179534,0.0450725961934567,2018-09-04
10924,179741,0.0432700503204318,2018-09-04
10925,189459,0.0329274551287426,2018-09-04
10926,4601,0.0321950748700974,2018-12-03
10927,4674,0.0383782374662097,2018-12-03
10928,4737,0.0328652393530984,2018-12-03
10929,6682,0.0342982530312081,2018-12-03
10930,7065,0.0354975620303457,2018-12-03
10931,7163,0.0440250699846181,2018-12-03
10932,11811,0.0314515977523979,2018-12-03
10933,12635,0.0405805052046264,2018-12-03
10934,15208,0.0425503455878957,2018-12-03
10935,15417,0.0399871252352605,2018-12-03
10936,24379,0.0370934067071732,2018-12-03
10937,24616,0.0376705374794808,2018-12-03
10938,61380,0.038826824310211,2018-12-03
10939,63172,0.0423300922286494,2018-12-03
10940,141913,0.0323324929714587,2018-12-03
10941,158354,0.0714403363068572,2018-12-03
10942,160225,0.0459465957219943,2018-12-03
10943,165993,0.0360099107280454,2018-12-03
10944,178507,0.0323723995668502,2018-12-03
10945,179534,0.0429419763892331,2018-12-03
10946,179741,0.0520265737365701,2018-12-03
10947,189459,0.0343978771778201,2018-12-03
10948,1487,0.0326646749782133,2019-06-03
10949,4674,0.0502329984679603,2019-06-03
10950,4737,0.0502329984679603,2019-06-03
10951,5786,0.0466147500639415,2019-06-03
10952,6682,0.0750379672277216,2019-06-03
10953,7163,0.0499889353461638,2019-06-03
10954,9783,0.0703510942785931,2019-06-03
10955,12635,0.0336999718485985,2019-06-03
10956,12726,0.0339579856753768,2019-06-03
10957,15417,0.0322647384353264,2019-06-03
10958,24379,0.0359990061158357,2019-06-03
10959,24616,0.0327487176812354,2019-06-03
10960,31774,0.0322843673801122,2019-06-03
10961,61380,0.0317801852791483,2019-06-03
10962,63172,0.0320845511335433,2019-06-03
10963,141913,0.0319412773929501,2019-06-03
10964,149070,0.0311109267054022,2019-06-03
10965,158354,0.1107857910132836,2019-06-03
10966,160225,0.0494813801978234,2019-06-03
10967,165993,0.0311109267054022,2019-06-03
10968,179534,0.0327487176812354,2019-06-03
10969,180081,0.0322647384353264,2019-06-03
10970,184500,0.0317801852791483,2019-06-03
10971,3221,0.0336959659530425,2019-09-03
10972,4737,0.0500324069749751,2019-09-03
10973,4973,0.0318179470528042,2019-09-03
10974,5786,0.0394622091307654,2019-09-03
10975,7065,0.0337785751090768,2019-09-03
10976,7163,0.0367729164578206,2019-09-03
10977,9783,0.0673007847372537,2019-09-03
10978,11811,0.0337785751090768,2019-09-03
10979,12635,0.0339360068179317,2019-09-03
10980,15417,0.0320579879176934,2019-09-03
10981,20430,0.0312166500047793,2019-09-03
10982,24379,0.0319100776966327,2019-09-03
10983,24616,0.0318881373315108,2019-09-03
10984,31774,0.0417805286532351,2019-09-03
10985,61380,0.0337785751090768,2019-09-03
10986,63172,0.0337785751090768,2019-09-03
10987,139665,0.0357884499870075,2019-09-03
10988,149070,0.0318179470528042,2019-09-03
10989,160225,0.0367729164578206,2019-09-03
10990,179534,0.0337785751090768,2019-09-03
10991,179741,0.0352855612371383,2019-09-03
10992,184500,0.0318179470528042,2019-09-03
10993,1449,0.0384999408766735,2019-12-02
10994,4973,0.0402735002808493,2019-12-02
10995,6742,0.0967061456484111,2019-12-02
10996,7065,0.0402735002808493,2019-12-02
10997,10614,0.0384999408766735,2019-12-02
10998,11811,0.0402735002808493,2019-12-02
10999,12138,0.0384999408766735,2019-12-02
11000,12726,0.0386123235863665,2019-12-02
11001,13341,0.0384999408766735,2019-12-02
11002,14822,0.0384999408766735,2019-12-02
11003,14824,0.0384999408766735,2019-12-02
11004,15417,0.0402735002808493,2019-12-02
11005,20430,0.0589144418899727,2019-12-02
11006,24379,0.0411703977943746,2019-12-02
11007,24616,0.0402735002808493,2019-12-02
11008,25030,0.0385137736454656,2019-12-02
11009,28034,0.0384999408766735,2019-12-02
11010,30990,0.0394973182307571,2019-12-02
11011,31774,0.056680450011498,2019-12-02
11012,61302,0.0384999408766735,2019-12-02
11013,61380,0.0402735002808493,2019-12-02
11014,143356,0.0760063223592592,2019-12-02
11015,149337,0.0386265082626327,2019-12-02
11016,163610,0.0384999408766735,2019-12-02
11017,177088,0.0384999408766735,2019-12-02
11018,184500,0.0415315979735989,2019-12-02
11019,4601,0.0713242905649221,2020-03-02
11020,4674,0.0582624437952412,2020-03-02
11021,4737,0.0559431639683632,2020-03-02
11022,4885,0.0502886363608211,2020-03-02
11023,5786,0.0549457686954055,2020-03-02
11024,6682,0.052924900823361,2020-03-02
11025,7163,0.0528689278618479,2020-03-02
11026,9783,0.0551413563925689,2020-03-02
11027,12726,0.0539932233953694,2020-03-02
11028,13561,0.0822775116699395,2020-03-02
11029,15208,0.0775535266188545,2020-03-02
11030,24379,0.0576232203698971,2020-03-02
11031,31774,0.0701956216093104,2020-03-02
11032,61380,0.0510850912174652,2020-03-02
11033,63172,0.0502593861797748,2020-03-02
11034,158354,0.0798482772464331,2020-03-02
11035,160225,0.0515289921413965,2020-03-02
11036,175263,0.0738915314797447,2020-03-02
11037,178507,0.0687937827404465,2020-03-02
11038,179534,0.0500028540645371,2020-03-02
11039,179741,0.0532930256684564,2020-03-02
11040,180081,0.0526867553361634,2020-03-02
11041,4601,0.0529357289496074,2020-06-01
11042,4640,0.0480573783230232,2020-06-01
11043,4674,0.0501771863695103,2020-06-01
11044,4737,0.052780978517325,2020-06-01
11045,5786,0.0468722885501801,2020-06-01
11046,6742,0.0483236496334317,2020-06-01
11047,7163,0.0501854320356558,2020-06-01
11048,9783,0.04846166571612,2020-06-01
11049,11811,0.048885309212011,2020-06-01
11050,12726,0.0546404496875671,2020-06-01
11051,15208,0.057787326542409,2020-06-01
11052,15417,0.0464997768031059,2020-06-01
11053,24379,0.0467715235139007,2020-06-01
11054,24616,0.0490277538241689,2020-06-01
11055,61380,0.05328618444714,2020-06-01
11056,63172,0.0528040447431306,2020-06-01
11057,139665,0.0615007407242773,2020-06-01
11058,143356,0.0456613508796719,2020-06-01
11059,160225,0.0562414442523251,2020-06-01
11060,178507,0.0520345164660111,2020-06-01
11061,179534,0.0518015170997211,2020-06-01
11062,179741,0.0490720152839702,2020-06-01
11063,3221,0.0418354946142738,2020-09-01
11064,4674,0.0362528890043677,2020-09-01
11065,4737,0.0365409360139659,2020-09-01
11066,4973,0.0451236132616189,2020-09-01
11067,7065,0.0491058273329777,2020-09-01
11068,7163,0.0488212680989927,2020-09-01
11069,11811,0.0476364523291021,2020-09-01
11070,15208,0.0373173706399387,2020-09-01
11071,15417,0.0483658827873921,2020-09-01
11072,24379,0.0415686764180938,2020-09-01
11073,24616,0.0468016957533442,2020-09-01
11074,61380,0.0483570741036339,2020-09-01
11075,63172,0.0478863159947882,2020-09-01
11076,139665,0.0474732386255743,2020-09-01
11077,149337,0.0453976997336541,2020-09-01
11078,160225,0.0490753104381025,2020-09-01
11079,175263,0.0366247945620194,2020-09-01
11080,178507,0.0454325416631062,2020-09-01
11081,179534,0.049001101678743,2020-09-01
11082,180081,0.0484854688990352,2020-09-01
11083,184500,0.0464431312497856,2020-09-01
11084,184700,0.0405512804482515,2020-09-01
11085,3221,0.041655357606446,2020-12-01
11086,4601,0.0443305080950253,2020-12-01
11087,4674,0.0420759210212773,2020-12-01
11088,4737,0.0458983752859931,2020-12-01
11089,5786,0.0414288733589634,2020-12-01
11090,7065,0.0458320571124432,2020-12-01
11091,7163,0.048047396450819,2020-12-01
11092,9783,0.0408251122964391,2020-12-01
11093,11811,0.0465206199307508,2020-12-01
11094,15208,0.0443305080950253,2020-12-01
11095,15417,0.046145447667947,2020-12-01
11096,24379,0.0433574121904542,2020-12-01
11097,24616,0.0469700958601488,2020-12-01
11098,61380,0.0445722717072949,2020-12-01
11099,63172,0.046473100942899,2020-12-01
11100,139665,0.0457970326102927,2020-12-01
11101,149337,0.0408291925889239,2020-12-01
11102,160225,0.0459659635828341,2020-12-01
11103,178507,0.042693474264861,2020-12-01
11104,179534,0.0460407789689483,2020-12-01
11105,180081,0.0456576541114307,2020-12-01
11106,184500,0.0414249385303661,2020-12-01
11107,3221,0.0371910861389763,2021-03-01
11108,4601,0.159093092158707,2021-03-01
11109,4885,0.0395750615984458,2021-03-01
11110,4973,0.0388314642163473,2021-03-01
11111,6742,0.0696807583445667,2021-03-01
11112,7065,0.0388314642163473,2021-03-01
11113,7163,0.0407728779098869,2021-03-01
11114,8245,0.0518299148471658,2021-03-01
11115,11811,0.0388314642163473,2021-03-01
11116,13561,0.0566910975685688,2021-03-01
11117,15208,0.1571437503861199,2021-03-01
11118,15417,0.0388314642163473,2021-03-01
11119,24379,0.0427247860979241,2021-03-01
11120,24616,0.0371910861389763,2021-03-01
11121,61380,0.0371910861389763,2021-03-01
11122,63172,0.0371910861389763,2021-03-01
11123,139665,0.0407728779098869,2021-03-01
11124,143356,0.0617235049694875,2021-03-01
11125,144009,0.0371910861389763,2021-03-01
11126,149337,0.0388314642163473,2021-03-01
11127,158354,0.0737649848302521,2021-03-01
11128,163610,0.0378202892391949,2021-03-01
11129,179534,0.0371910861389763,2021-03-01
11130,180081,0.0404119534947698,2021-03-01
11131,184500,0.0388314642163473,2021-03-01
11132,3221,0.0327443961525179,2021-06-01
11133,4973,0.0377910968282502,2021-06-01
11134,6742,0.0717038553297794,2021-06-01
11135,7065,0.0347897754741871,2021-06-01
11136,7163,0.0381357419994411,2021-06-01
11137,11811,0.036623567728325,2021-06-01
11138,12726,0.0393850956882572,2021-06-01
11139,15417,0.0382601168310415,2021-06-01
11140,24616,0.036623567728325,2021-06-01
11141,61380,0.036623567728325,2021-06-01
11142,63172,0.036623567728325,2021-06-01
11143,139665,0.0417014370337845,2021-06-01
11144,141913,0.0353236405065768,2021-06-01
11145,149070,0.0323557721288827,2021-06-01
11146,149337,0.0372128509191054,2021-06-01
11147,160225,0.0381357419994411,2021-06-01
11148,163610,0.0327748820457687,2021-06-01
11149,165993,0.0356026089672022,2021-06-01
11150,178507,0.0378206784514412,2021-06-01
11151,179534,0.036623567728325,2021-06-01
11152,184500,0.0380352329568929,2021-06-01
11153,184700,0.0347525965214506,2021-06-01
11154,3221,0.0354854679015479,2021-09-01
11155,4601,0.2255933550675392,2021-09-01
11156,4973,0.0386748194218249,2021-09-01
11157,7065,0.0366068834447834,2021-09-01
11158,7163,0.0399367755446322,2021-09-01
11159,11811,0.0354854679015479,2021-09-01
11160,12726,0.0473823379127468,2021-09-01
11161,15208,0.2255933550675392,2021-09-01
11162,15417,0.0385520497281846,2021-09-01
11163,24616,0.0387244564687103,2021-09-01
11164,39067,0.0619668730766197,2021-09-01
11165,61380,0.0387244564687103,2021-09-01
11166,63172,0.0388370962221939,2021-09-01
11167,139665,0.0399367755446322,2021-09-01
11168,141913,0.0366212339014011,2021-09-01
11169,149337,0.0382636363593262,2021-09-01
11170,160225,0.0398241357911487,2021-09-01
11171,163610,0.0331561658496658,2021-09-01
11172,178507,0.0404474786406802,2021-09-01
11173,179534,0.0388370962221939,2021-09-01
11174,180081,0.0347321080358783,2021-09-01
11175,184500,0.0381479675889197,2021-09-01
11176,184700,0.0438772590479621,2021-09-01
11177,1487,0.0320008546113967,2021-12-01
11178,3221,0.0330767519772052,2021-12-01
11179,4601,0.1499563157558441,2021-12-01
11180,4674,0.0314923971891403,2021-12-01
11181,7163,0.0317353382706642,2021-12-01
11182,11811,0.0325698815286159,2021-12-01
11183,12635,0.0325698815286159,2021-12-01
11184,12726,0.0316653810441494,2021-12-01
11185,15208,0.1499563157558441,2021-12-01
11186,15417,0.0325698815286159,2021-12-01
11187,20430,0.0314923971891403,2021-12-01
11188,24379,0.0314923971891403,2021-12-01
11189,28349,0.0314923971891403,2021-12-01
11190,33695,0.0322646647691726,2021-12-01
11191,39067,0.031805220991373,2021-12-01
11192,141913,0.0325698815286159,2021-12-01
11193,143356,0.0326226316392421,2021-12-01
11194,144009,0.0346362739801406,2021-12-01
11195,160225,0.0330913811922073,2021-12-01
11196,165993,0.0348086394369602,2021-12-01
11197,175263,0.0314923971891403,2021-12-01
11198,178507,0.0359812080860137,2021-12-01
11199,180081,0.0326785072684288,2021-12-01
11200,3243,0.0315618254244327,2022-03-01
11201,4601,0.0591548383235931,2022-03-01
11202,4973,0.0337854512035846,2022-03-01
11203,7065,0.0411017127335071,2022-03-01
11204,7163,0.0375280193984508,2022-03-01
11205,11811,0.0344484746456146,2022-03-01
11206,12635,0.0320149399340152,2022-03-01
11207,12726,0.032206829637289,2022-03-01
11208,15208,0.2082210779190063,2022-03-01
11209,15417,0.0344484746456146,2022-03-01
11210,24616,0.0341311916708946,2022-03-01
11211,39067,0.0321907140314579,2022-03-01
11212,63172,0.0309134870767593,2022-03-01
11213,139665,0.0344468802213668,2022-03-01
11214,144009,0.0379381105303764,2022-03-01
11215,145701,0.0333794057369232,2022-03-01
11216,149337,0.0314961858093738,2022-03-01
11217,158354,0.0375649593770504,2022-03-01
11218,160225,0.0350875109434127,2022-03-01
11219,178507,0.038040068000555,2022-03-01
11220,179534,0.0344484746456146,2022-03-01
11221,184500,0.0480023995041847,2022-03-01
11222,184700,0.0377916134893894,2022-03-01
11223,1447,0.0352318888269204,2022-06-01
11224,1449,0.0352318888269204,2022-06-01
11225,3243,0.041485064963618,2022-06-01
11226,4601,0.0810223323535677,2022-06-01
11227,4674,0.0352318888269204,2022-06-01
11228,4885,0.0374645552201104,2022-06-01
11229,4973,0.0352318888269204,2022-06-01
11230,6682,0.0375495258383334,2022-06-01
11231,6781,0.0374645552201104,2022-06-01
11232,7065,0.0352318888269204,2022-06-01
11233,7163,0.0364693161949141,2022-06-01
11234,9783,0.0352318888269204,2022-06-01
11235,10614,0.0352318888269204,2022-06-01
11236,12138,0.0352318888269204,2022-06-01
11237,12635,0.0352318888269204,2022-06-01
11238,12726,0.0353765239046006,2022-06-01
11239,13341,0.0352318888269204,2022-06-01
11240,14822,0.0352318888269204,2022-06-01
11241,15208,0.0810223323535677,2022-06-01
11242,15417,0.0352318888269204,2022-06-01
11243,20430,0.0352318888269204,2022-06-01
11244,20686,0.0352318888269204,2022-06-01
11245,24379,0.0374645552201104,2022-06-01
11246,24616,0.0352318888269204,2022-06-01
11247,28349,0.0352318888269204,2022-06-01
11248,61302,0.0352318888269204,2022-06-01
11249,61380,0.0352318888269204,2022-06-01
11250,61739,0.0352318888269204,2022-06-01
11251,63172,0.0364693161949141,2022-06-01
11252,139665,0.0352318888269204,2022-06-01
11253,141913,0.0352318888269204,2022-06-01
11254,144009,0.0352318888269204,2022-06-01
11255,149337,0.0352318888269204,2022-06-01
11256,157057,0.0352318888269204,2022-06-01
11257,158742,0.0352318888269204,2022-06-01
11258,160225,0.0352318888269204,2022-06-01
11259,163610,0.0352318888269204,2022-06-01
11260,175263,0.0352318888269204,2022-06-01
11261,177088,0.0352318888269204,2022-06-01
11262,179534,0.0364693161949141,2022-06-01
11263,179741,0.0359614153047809,2022-06-01
11264,184500,0.0352318888269204,2022-06-01
11265,189459,0.0352318888269204,2022-06-01
11266,3221,0.0542016980069577,2022-09-01
11267,4601,0.072538367617389,2022-09-01
11268,5786,0.0480476037363188,2022-09-01
11269,7065,0.0510686466732262,2022-09-01
11270,11811,0.0462404297026301,2022-09-01
11271,13561,0.062001973796859,2022-09-01
11272,15208,0.0723425837777299,2022-09-01
11273,15417,0.0521497812448494,2022-09-01
11274,20430,0.0467805005900823,2022-09-01
11275,21825,0.0560699438964628,2022-09-01
11276,24616,0.0485300452894048,2022-09-01
11277,39067,0.0542771231172035,2022-09-01
11278,61380,0.0461661320375082,2022-09-01
11279,63172,0.0463578390145788,2022-09-01
11280,139665,0.0506484084560082,2022-09-01
11281,158354,0.05229320804723,2022-09-01
11282,160225,0.0507958602979959,2022-09-01
11283,175263,0.0500598691908523,2022-09-01
11284,178507,0.0539291136962619,2022-09-01
11285,179534,0.0506209309596457,2022-09-01
11286,179741,0.0481527733495339,2022-09-01
11287,180081,0.0455337748965013,2022-09-01
11288,184500,0.0457691780220202,2022-09-01
11289,2019,0.0401003919541835,2022-12-01
11290,3221,0.0409653559327125,2022-12-01
11291,7647,0.0418458543717861,2022-12-01
11292,8007,0.0401003919541835,2022-12-01
11293,9783,0.0407772399485111,2022-12-01
11294,12635,0.0411776192486286,2022-12-01
11295,13988,0.0403847396373748,2022-12-01
11296,15208,0.0773129239678382,2022-12-01
11297,15417,0.0420264825224876,2022-12-01
11298,20430,0.0440361537039279,2022-12-01
11299,24616,0.0421185791492462,2022-12-01
11300,39067,0.0392876863479614,2022-12-01
11301,63172,0.0420043319463729,2022-12-01
11302,139665,0.0433191545307636,2022-12-01
11303,149337,0.0413892827928066,2022-12-01
11304,158354,0.0556338168680667,2022-12-01
11305,163610,0.0391067750751972,2022-12-01
11306,175263,0.0436924397945404,2022-12-01
11307,177088,0.041297186166048,2022-12-01
11308,178507,0.1419140398502349,2022-12-01
11309,179534,0.0425804443657398,2022-12-01
11310,180081,0.039948247373104,2022-12-01
11311,184500,0.0415424667298793,2022-12-01
11312,4601,0.0378634817898273,2023-03-01
11313,4674,0.0334441997110843,2023-03-01
11314,4737,0.0334441997110843,2023-03-01
11315,4885,0.0334441997110843,2023-03-01
11316,5786,0.0336990542709827,2023-03-01
11317,6682,0.0334441997110843,2023-03-01
11318,8898,0.0334441997110843,2023-03-01
11319,9783,0.0336990542709827,2023-03-01
11320,11811,0.0334441997110843,2023-03-01
11321,13341,0.0334441997110843,2023-03-01
11322,14824,0.0334441997110843,2023-03-01
11323,15208,0.0378634817898273,2023-03-01
11324,15417,0.0334441997110843,2023-03-01
11325,20430,0.0336990542709827,2023-03-01
11326,24616,0.0334441997110843,2023-03-01
11327,28349,0.0334441997110843,2023-03-01
11328,39067,0.0334441997110843,2023-03-01
11329,39750,0.0334441997110843,2023-03-01
11330,63172,0.0337341986596584,2023-03-01
11331,141913,0.0334441997110843,2023-03-01
11332,143356,0.0336990542709827,2023-03-01
11333,149337,0.0334441997110843,2023-03-01
11334,158354,0.0334441997110843,2023-03-01
11335,163610,0.0334441997110843,2023-03-01
11336,165993,0.0334441997110843,2023-03-01
11337,175263,0.0336990542709827,2023-03-01
11338,177088,0.0334441997110843,2023-03-01
11339,178507,0.0634375736117363,2023-03-01
11340,179534,0.0334441997110843,2023-03-01
11341,179741,0.0334441997110843,2023-03-01
11342,180081,0.0334441997110843,2023-03-01
11343,184500,0.0334441997110843,2023-03-01
11344,3243,0.0482941500933021,2023-06-01
11345,4601,0.072852582069681,2023-06-01
11346,4674,0.0514648777994903,2023-06-01
11347,5786,0.0490178980664865,2023-06-01
11348,6742,0.0795467859575085,2023-06-01
11349,7647,0.0516928145137377,2023-06-01
11350,9783,0.0546867208611836,2023-06-01
11351,11687,0.0476545206180227,2023-06-01
11352,13561,0.0691961029791426,2023-06-01
11353,15208,0.0757973751331844,2023-06-01
11354,15417,0.0501808086353869,2023-06-01
11355,20430,0.0450429939368364,2023-06-01
11356,21825,0.0548090690981504,2023-06-01
11357,24616,0.0452239800740311,2023-06-01
11358,31774,0.0531132491146963,2023-06-01
11359,39067,0.0458902710080785,2023-06-01
11360,41918,0.0734675763950112,2023-06-01
11361,149337,0.0501692366198233,2023-06-01
11362,158354,0.0629471568397702,2023-06-01
11363,175263,0.0457170899057854,2023-06-01
11364,178507,0.0498832010881677,2023-06-01
11365,180081,0.0475791434034937,2023-06-01
11366,184500,0.0450158772260531,2023-06-01
11367,3243,0.0605215094883137,2023-09-01
11368,4601,0.1781873987925081,2023-09-01
11369,4723,0.0347541616588941,2023-09-01
11370,4737,0.0582155814721591,2023-09-01
11371,4885,0.0640155081262716,2023-09-01
11372,6742,0.0576315992432096,2023-09-01
11373,9783,0.0592499139565061,2023-09-01
11374,11687,0.0484147500724815,2023-09-01
11375,11856,0.0881554389570243,2023-09-01
11376,12635,0.0349019812066615,2023-09-01
11377,13341,0.0331302963681555,2023-09-01
11378,15208,0.1781873987925081,2023-09-01
11379,15417,0.0371866841970266,2023-09-01
11380,20430,0.0436620074960051,2023-09-01
11381,21825,0.0920847463595732,2023-09-01
11382,24616,0.0371866841970266,2023-09-01
11383,39067,0.0346886047118031,2023-09-01
11384,39750,0.0341892322627755,2023-09-01
11385,41918,0.1781873987925081,2023-09-01
11386,149337,0.0371888498318151,2023-09-01
11387,158354,0.0741029907389963,2023-09-01
11388,177088,0.0374105181382625,2023-09-01
11389,180081,0.0337894910406736,2023-09-01
11390,3221,0.044850188220666,2023-12-01
11391,3243,0.0643547648715291,2023-12-01
11392,4601,0.1388758008652518,2023-12-01
11393,4640,0.0308748073692117,2023-12-01
11394,4737,0.0707468975665921,2023-12-01
11395,4885,0.0333441250840738,2023-12-01
11396,5786,0.0329882602104936,2023-12-01
11397,6742,0.0311042502468454,2023-12-01
11398,9783,0.0658621545858974,2023-12-01
11399,11811,0.0353277065374541,2023-12-01
11400,12635,0.0368635111987189,2023-12-01
11401,15208,0.1388758008652518,2023-12-01
11402,15417,0.0353277065374541,2023-12-01
11403,21825,0.064019086407612,2023-12-01
11404,24616,0.0353277065374541,2023-12-01
11405,30990,0.0323795969990068,2023-12-01
11406,33695,0.0305708409693141,2023-12-01
11407,39750,0.0321197646808743,2023-12-01
11408,41918,0.1388758008652518,2023-12-01
11409,133768,0.0305708409693141,2023-12-01
11410,149337,0.035580524003956,2023-12-01
11411,158354,0.0534963392696966,2023-12-01
11412,175263,0.0331766866377705,2023-12-01
11413,177088,0.0367790039036953,2023-12-01
11414,3221,0.0278994672396077,2024-03-01
11415,3243,0.0426530498496652,2024-03-01
11416,4601,0.0798700136685702,2024-03-01
11417,4885,0.0357627868671598,2024-03-01
11418,6742,0.04668641050476,2024-03-01
11419,9783,0.0412010056705769,2024-03-01
11420,11811,0.0251244015526358,2024-03-01
11421,12635,0.0248653582546502,2024-03-01
11422,14824,0.0292682474050856,2024-03-01
11423,15208,0.0798700136685702,2024-03-01
11424,15417,0.0298667828163617,2024-03-01
11425,24616,0.0298667828163617,2024-03-01
11426,41918,0.0798700136685702,2024-03-01
11427,61302,0.0276771587241599,2024-03-01
11428,133768,0.0265304403171136,2024-03-01
11429,141913,0.0268001979358362,2024-03-01
11430,149337,0.028176632175126,2024-03-01
11431,158354,0.0360413834478259,2024-03-01
11432,163610,0.0249498428730025,2024-03-01
11433,175263,0.029570192663373,2024-03-01
11434,177088,0.0288443361077616,2024-03-01
11435,179534,0.025221087922746,2024-03-01
11436,180081,0.0294597424604908,2024-03-01
11437,3221,0.0231855230673293,2024-06-03
11438,3243,0.0389959009701183,2024-06-03
11439,4885,0.0299662998655423,2024-06-03
11440,5786,0.0230828549110706,2024-06-03
11441,9783,0.0397743007820463,2024-06-03
11442,10035,0.0231272456089908,2024-06-03
11443,12635,0.0279441401892673,2024-06-03
11444,12726,0.024960864884164,2024-06-03
11445,15417,0.0253837317514408,2024-06-03
11446,21825,0.046728987939274,2024-06-03
11447,24616,0.0279441401892673,2024-06-03
11448,41918,0.0501515682427906,2024-06-03
11449,61739,0.0234219020614581,2024-06-03
11450,141913,0.0253837317514408,2024-06-03
11451,144009,0.0266681159378893,2024-06-03
11452,149070,0.0253837317514408,2024-06-03
11453,149337,0.0253837317514408,2024-06-03
11454,158354,0.0319162504119107,2024-06-03
11455,158742,0.0237888415188468,2024-06-03
11456,163610,0.0253837317514408,2024-06-03
11457,177088,0.0270298446367977,2024-06-03
11458,180081,0.0263492499566733,2024-06-03
11459,184500,0.027109296723095,2024-06-03
11460,1487,0.0281265269206012,2024-09-03
11461,4723,0.0282009083995327,2024-09-03
11462,4885,0.0276486146553365,2024-09-03
11463,5786,0.0251130434956948,2024-09-03
11464,7065,0.0271091801895029,2024-09-03
11465,7647,0.0260950167356208,2024-09-03
11466,7982,0.0258341136346213,2024-09-03
11467,11687,0.028466626799872,2024-09-03
11468,11811,0.0267657778717594,2024-09-03
11469,11856,0.0400029939014,2024-09-03
11470,15417,0.0278030835701552,2024-09-03
11471,21825,0.0483763483094039,2024-09-03
11472,31774,0.031808079647464,2024-09-03
11473,39067,0.0263271348009373,2024-09-03
11474,41918,0.0482361602692763,2024-09-03
11475,61380,0.0270495244529433,2024-09-03
11476,141913,0.0293167226791783,2024-09-03
11477,143356,0.0253466719567763,2024-09-03
11478,149337,0.0268544810860228,2024-09-03
11479,163610,0.0273292249634918,2024-09-03
11480,165993,0.0261315959157326,2024-09-03
11481,177088,0.0248077823589002,2024-09-03
11482,180081,0.0274673894948263,2024-09-03
11483,2019,0.0184955094009637,2024-12-02
11484,3231,0.0186022501438856,2024-12-02
11485,3243,0.0225167497992515,2024-12-02
11486,4601,0.0192643795162439,2024-12-02
11487,4885,0.0188029799610376,2024-12-02
11488,11856,0.0297393910586833,2024-12-02
11489,13988,0.0185797233134508,2024-12-02
11490,15208,0.02161874063313,2024-12-02
11491,15417,0.0186203699558973,2024-12-02
11492,20430,0.0179523006081581,2024-12-02
11493,21825,0.0297393910586833,2024-12-02
11494,24616,0.0199808217585086,2024-12-02
11495,31774,0.0176741536706686,2024-12-02
11496,39067,0.0208522751927375,2024-12-02
11497,63172,0.017821567133069,2024-12-02
11498,141913,0.0199808217585086,2024-12-02
11499,144009,0.0228039659559726,2024-12-02
11500,149337,0.021386619657278,2024-12-02
11501,158354,0.0176741536706686,2024-12-02
11502,165993,0.021386619657278,2024-12-02
11503,179534,0.0182221326977014,2024-12-02
11504,179741,0.0210064388811588,2024-12-02
11505,184500,0.01955421641469,2024-12-02
11506,1327,0.1463942393777164,2001-03-01
11507,1632,0.1563693950588517,2001-03-01
11508,1690,0.1626738680653483,2001-03-01
11509,12141,0.1644535675763073,2001-03-01
11510,12884,0.1950990729836384,2001-03-01
11511,24800,0.2057280327219202,2001-03-01
11512,28139,0.150870776971034,2001-03-01
11513,29241,0.2222126346901218,2001-03-01
11514,61591,0.1823995825425819,2001-03-01
11515,64356,0.1839778418784308,2001-03-01
11516,66368,0.1653529214862848,2001-03-01
11517,117768,0.1468536410543575,2001-03-01
11518,121718,0.1877567153599205,2001-03-01
11519,125595,0.2238801826904391,2001-03-01
11520,1632,0.0944534167647361,2001-06-01
11521,1690,0.104739136993885,2001-06-01
11522,7343,0.0997135564684867,2001-06-01
11523,12141,0.0944534167647361,2001-06-01
11524,12142,0.0956762507557869,2001-06-01
11525,24800,0.1396630406379699,2001-06-01
11526,27928,0.0986790135502815,2001-06-01
11527,29241,0.0949213206768035,2001-06-01
11528,61591,0.0944534167647361,2001-06-01
11529,64356,0.0997135564684867,2001-06-01
11530,121077,0.1003508791327476,2001-06-01
11531,121718,0.0937175005674362,2001-06-01
11532,125595,0.1278446465730667,2001-06-01
11533,126721,0.0937059000134468,2001-06-01
11534,1704,0.1033302476673809,2001-09-04
11535,5606,0.1124974749174015,2001-09-04
11536,7343,0.1017810927640557,2001-09-04
11537,10453,0.0965075788519152,2001-09-04
11538,14282,0.1240931220718251,2001-09-04
11539,15855,0.1113960274742861,2001-09-04
11540,24975,0.0996091321592458,2001-09-04
11541,28195,0.1106556350683343,2001-09-04
11542,29241,0.1465195079884143,2001-09-04
11543,61591,0.1017810927640557,2001-09-04
11544,111864,0.1137413937672364,2001-09-04
11545,117768,0.1035275433088285,2001-09-04
11546,121077,0.1256289268961434,2001-09-04
11547,121718,0.1059900669688383,2001-09-04
11548,125595,0.1163764442630324,2001-09-04
11549,1327,0.1048837706667693,2001-12-03
11550,1690,0.1165244792771447,2001-12-03
11551,1704,0.119495206004923,2001-12-03
11552,3532,0.0937665771427576,2001-12-03
11553,7343,0.1213411787043615,2001-12-03
11554,10420,0.1020606117145952,2001-12-03
11555,10499,0.095586550950972,2001-12-03
11556,12141,0.0961867911022948,2001-12-03
11557,24800,0.1235209291214414,2001-12-03
11558,27928,0.0897676888344773,2001-12-03
11559,61591,0.0963582181978076,2001-12-03
11560,111864,0.0923826272958751,2001-12-03
11561,121077,0.1286897075798651,2001-12-03
11562,121718,0.098593877500834,2001-12-03
11563,125595,0.1148312950947499,2001-12-03
11564,1161,0.0858655451489426,2002-09-03
11565,1327,0.0703475035065356,2002-09-03
11566,1690,0.1176789318196823,2002-09-03
11567,3532,0.087110144100573,2002-09-03
11568,6008,0.0745218536299338,2002-09-03
11569,7343,0.0786114514472812,2002-09-03
11570,10420,0.0837431516392747,2002-09-03
11571,10453,0.0842757315306771,2002-09-03
11572,15855,0.0932230003490951,2002-09-03
11573,24925,0.0677961222886606,2002-09-03
11574,28195,0.0741676011926249,2002-09-03
11575,29241,0.0771190384809539,2002-09-03
11576,117768,0.1005826124233754,2002-09-03
11577,121077,0.0904650806128687,2002-09-03
11578,125595,0.0728532017927037,2002-09-03
11579,1161,0.0887491502661067,2002-12-02
11580,1690,0.1270179432349703,2002-12-02
11581,3336,0.094475544406015,2002-12-02
11582,3532,0.0945805193777708,2002-12-02
11583,6008,0.0799753511110135,2002-12-02
11584,6565,0.1150235645142164,2002-12-02
11585,10420,0.098214152211365,2002-12-02
11586,10453,0.0906287415934158,2002-12-02
11587,15855,0.0776277127029755,2002-12-02
11588,29241,0.0965163308479336,2002-12-02
11589,63080,0.0867233103204445,2002-12-02
11590,117768,0.1186352281354581,2002-12-02
11591,121077,0.1127547792066489,2002-12-02
11592,121718,0.1060007744749099,2002-12-02
11593,125595,0.0893003255872827,2002-12-02
11594,1161,0.0366831831634044,2003-03-03
11595,1327,0.0366831831634044,2003-03-03
11596,7343,0.0366831831634044,2003-03-03
11597,7585,0.0366831831634044,2003-03-03
11598,10420,0.0366831831634044,2003-03-03
11599,10453,0.0366831831634044,2003-03-03
11600,11399,0.0525935515761375,2003-03-03
11601,18699,0.0366831831634044,2003-03-03
11602,24975,0.0366831831634044,2003-03-03
11603,28139,0.0366831831634044,2003-03-03
11604,29241,0.0366831831634044,2003-03-03
11605,117768,0.041686326265335,2003-03-03
11606,125595,0.0683599188923835,2003-03-03
11607,126721,0.0525935515761375,2003-03-03
11608,134932,0.0499647632241249,2003-03-03
11609,143357,0.0525935515761375,2003-03-03
11610,1327,0.0438247294990752,2003-12-01
11611,1690,0.0681014017559971,2003-12-01
11612,3336,0.0668801357317921,2003-12-01
11613,5606,0.0918716899331402,2003-12-01
11614,7343,0.051385261514769,2003-12-01
11615,10789,0.0610021009251777,2003-12-01
11616,14282,0.0545791407464475,2003-12-01
11617,15855,0.0353247352909935,2003-12-01
11618,22815,0.0893119783509856,2003-12-01
11619,24925,0.0335999220046835,2003-12-01
11620,63080,0.0334184652940907,2003-12-01
11621,111864,0.0512666894863672,2003-12-01
11622,117768,0.0580542556832958,2003-12-01
11623,126721,0.0555566121085586,2003-12-01
11624,150937,0.0433280381027743,2003-12-01
11625,1327,0.0108922459185123,2004-03-01
11626,1690,0.0108922459185123,2004-03-01
11627,1878,0.0097632808610796,2004-03-01
11628,3336,0.0097632808610796,2004-03-01
11629,3532,0.0108922459185123,2004-03-01
11630,5606,0.0108922459185123,2004-03-01
11631,6304,0.0188792832195758,2004-03-01
11632,10420,0.0108922459185123,2004-03-01
11633,11399,0.0365341529250144,2004-03-01
11634,11636,0.0097632808610796,2004-03-01
11635,12141,0.0188792832195758,2004-03-01
11636,12441,0.0108922459185123,2004-03-01
11637,12540,0.0097632808610796,2004-03-01
11638,22815,0.0097632808610796,2004-03-01
11639,24925,0.0188792832195758,2004-03-01
11640,27928,0.0097632808610796,2004-03-01
11641,28385,0.0108922459185123,2004-03-01
11642,63080,0.0097632808610796,2004-03-01
11643,64356,0.028638819232583,2004-03-01
11644,117768,0.0108435871079564,2004-03-01
11645,126721,0.0097632808610796,2004-03-01
11646,150937,0.0365341529250144,2004-03-01
11647,1690,0.0821490566486381,2004-06-01
11648,3336,0.054007695102908,2004-06-01
11649,5606,0.0925556639143808,2004-06-01
11650,6565,0.036700395174653,2004-06-01
11651,11399,0.0619095382745194,2004-06-01
11652,12142,0.0392310340160665,2004-06-01
11653,14282,0.0602698480728897,2004-06-01
11654,22815,0.062242164137515,2004-06-01
11655,27928,0.0355233531850354,2004-06-01
11656,61591,0.0369103962140734,2004-06-01
11657,63080,0.0320895377776689,2004-06-01
11658,111864,0.0328563007717728,2004-06-01
11659,117768,0.0643857069106634,2004-06-01
11660,143357,0.0342938520170145,2004-06-01
11661,150937,0.0856011495801888,2004-06-01
11662,1327,0.0774229237757871,2004-09-01
11663,1690,0.1021275723156245,2004-09-01
11664,1704,0.0528641274646822,2004-09-01
11665,5606,0.085993184018165,2004-09-01
11666,6565,0.0475174874973169,2004-09-01
11667,7343,0.0694306064413518,2004-09-01
11668,10499,0.0612886423050433,2004-09-01
11669,11399,0.1012065466832804,2004-09-01
11670,14282,0.0686798447789925,2004-09-01
11671,22815,0.0915018034721361,2004-09-01
11672,28195,0.0509280406199416,2004-09-01
11673,117768,0.0800935459809821,2004-09-01
11674,121077,0.0554902178734901,2004-09-01
11675,134932,0.0572616337347795,2004-09-01
11676,150937,0.0939070195744345,2004-09-01
11677,1327,0.0609186479146852,2004-12-01
11678,1690,0.0999796212651718,2004-12-01
11679,1704,0.0743306235840371,2004-12-01
11680,5606,0.1031099545549917,2004-12-01
11681,6008,0.0738274529824696,2004-12-01
11682,6565,0.089179663882758,2004-12-01
11683,7343,0.0640094236569101,2004-12-01
11684,10453,0.0839607550018486,2004-12-01
11685,10499,0.0683553301958663,2004-12-01
11686,11399,0.0640233122687095,2004-12-01
11687,14282,0.0602770078831101,2004-12-01
11688,117768,0.1083145223266432,2004-12-01
11689,134932,0.0973089350661606,2004-12-01
11690,150937,0.0736759786079752,2004-12-01
11691,160888,0.078296275691314,2004-12-01
11692,1327,0.0906185129345979,2005-03-01
11693,1690,0.0701399128644341,2005-03-01
11694,1704,0.0529696659277896,2005-03-01
11695,5606,0.0847188285868574,2005-03-01
11696,6008,0.0645334904025639,2005-03-01
11697,6565,0.0904655476578748,2005-03-01
11698,7343,0.0932110929597499,2005-03-01
11699,10420,0.0496823674900846,2005-03-01
11700,10453,0.0601482184732436,2005-03-01
11701,11399,0.060472492545036,2005-03-01
11702,14282,0.0575860750827289,2005-03-01
11703,22815,0.0544287838913055,2005-03-01
11704,117768,0.1132551240724283,2005-03-01
11705,134932,0.0692063073419154,2005-03-01
11706,150937,0.065439848925125,2005-03-01
11707,1327,0.0803665269260131,2005-06-01
11708,1690,0.055351147248496,2005-06-01
11709,1704,0.0584654453220639,2005-06-01
11710,3336,0.0606486453334511,2005-06-01
11711,5606,0.0970031259460428,2005-06-01
11712,6565,0.0886541730792944,2005-06-01
11713,10420,0.056708359332507,2005-06-01
11714,10453,0.048790041049821,2005-06-01
11715,10789,0.0507056168003195,2005-06-01
11716,11399,0.0545246399372369,2005-06-01
11717,14282,0.0591052053886146,2005-06-01
11718,29241,0.0590646534225668,2005-06-01
11719,117768,0.1036099554178879,2005-06-01
11720,134932,0.0784342598512433,2005-06-01
11721,150937,0.0515005724567942,2005-06-01
11722,1327,0.0720099875937414,2005-09-01
11723,1690,0.0644833939362428,2005-09-01
11724,1704,0.0564099783727831,2005-09-01
11725,3336,0.0455527689869309,2005-09-01
11726,5606,0.0495561402911508,2005-09-01
11727,6565,0.0922425453621415,2005-09-01
11728,7343,0.0620208189997888,2005-09-01
11729,14282,0.0574045984577568,2005-09-01
11730,15855,0.0447793689967707,2005-09-01
11731,22815,0.045380725463226,2005-09-01
11732,28385,0.0558414864366953,2005-09-01
11733,29241,0.046081975812854,2005-09-01
11734,117768,0.1005908902004352,2005-09-01
11735,134932,0.0542878748945967,2005-09-01
11736,150937,0.0908315776065314,2005-09-01
11737,1327,0.0804593499364954,2005-12-01
11738,1690,0.0701491028047499,2005-12-01
11739,3336,0.0596062366971377,2005-12-01
11740,5606,0.0626371278564757,2005-12-01
11741,6008,0.0522142358989031,2005-12-01
11742,6565,0.080747249398982,2005-12-01
11743,7343,0.0646980867179667,2005-12-01
11744,10420,0.0558664453051365,2005-12-01
11745,11399,0.067890087369301,2005-12-01
11746,14282,0.059130141879433,2005-12-01
11747,22815,0.0762505413903805,2005-12-01
11748,117768,0.0750535709124684,2005-12-01
11749,134932,0.0784380710809313,2005-12-01
11750,150937,0.0916924391714099,2005-12-01
11751,160888,0.0646867633348,2005-12-01
11752,1327,0.0852854527034811,2006-03-01
11753,1690,0.0577188453421293,2006-03-01
11754,5606,0.0623980311788259,2006-03-01
11755,6008,0.0568616661789048,2006-03-01
11756,6565,0.0741743865838223,2006-03-01
11757,7343,0.0559991338334316,2006-03-01
11758,10453,0.0602548374302385,2006-03-01
11759,11399,0.0559426590113529,2006-03-01
11760,11636,0.0590321834838343,2006-03-01
11761,14282,0.06537670538342,2006-03-01
11762,22815,0.0639443781713547,2006-03-01
11763,117768,0.0678400964567978,2006-03-01
11764,121718,0.052865931582201,2006-03-01
11765,134932,0.055347857455398,2006-03-01
11766,150937,0.0921943523305618,2006-03-01
11767,1327,0.0570989678895802,2006-06-01
11768,2504,0.0593111955193912,2006-06-01
11769,5606,0.0883198909376779,2006-06-01
11770,6304,0.0997485630346951,2006-06-01
11771,6565,0.0809554809034862,2006-06-01
11772,11399,0.058516460082968,2006-06-01
11773,14282,0.056283694864084,2006-06-01
11774,27928,0.0773727531339408,2006-06-01
11775,27965,0.0911715304295195,2006-06-01
11776,28385,0.0602718883086783,2006-06-01
11777,111864,0.0670855042152549,2006-06-01
11778,117768,0.0665707399579279,2006-06-01
11779,134932,0.0805238263021633,2006-06-01
11780,143357,0.1130171236450714,2006-06-01
11781,150937,0.0694705060788131,2006-06-01
11782,1327,0.0708794380024571,2006-09-01
11783,1704,0.056584614709413,2006-09-01
11784,5606,0.0758045343303086,2006-09-01
11785,6008,0.0659993040312251,2006-09-01
11786,6565,0.0580603924738157,2006-09-01
11787,7343,0.0533046905754609,2006-09-01
11788,10453,0.078179286852335,2006-09-01
11789,11399,0.0894307478041606,2006-09-01
11790,14282,0.0602996671978962,2006-09-01
11791,15855,0.0756406161959733,2006-09-01
11792,20779,0.0554978889366664,2006-09-01
11793,117768,0.0664845305548499,2006-09-01
11794,121718,0.0576510667849441,2006-09-01
11795,134932,0.085379945990597,2006-09-01
11796,150937,0.0587128269608116,2006-09-01
11797,1327,0.085040761172827,2006-12-01
11798,1690,0.0644768809411741,2006-12-01
11799,1704,0.0590858297744176,2006-12-01
11800,5606,0.0727520307855335,2006-12-01
11801,6008,0.0622897335012161,2006-12-01
11802,6565,0.0872777843249153,2006-12-01
11803,10420,0.0661145756473563,2006-12-01
11804,10453,0.0896362588046902,2006-12-01
11805,10499,0.0548073423560057,2006-12-01
11806,11399,0.077484011382581,2006-12-01
11807,14282,0.0624543869589277,2006-12-01
11808,15855,0.0639849771178131,2006-12-01
11809,117768,0.0756499704863905,2006-12-01
11810,121718,0.0528993323663624,2006-12-01
11811,134932,0.0988226357275589,2006-12-01
11812,150937,0.0474695191178064,2006-12-01
11813,1327,0.0693685784935951,2007-03-01
11814,1690,0.0446677729487419,2007-03-01
11815,3532,0.0555340982973575,2007-03-01
11816,6304,0.0353783965110778,2007-03-01
11817,6565,0.0446677729487419,2007-03-01
11818,10453,0.0356625840067863,2007-03-01
11819,11399,0.0502209067344665,2007-03-01
11820,12441,0.0401844270527362,2007-03-01
11821,14282,0.0446677729487419,2007-03-01
11822,15855,0.0446677729487419,2007-03-01
11823,22815,0.0389019064605236,2007-03-01
11824,27965,0.0424694865942001,2007-03-01
11825,66368,0.0421353206038475,2007-03-01
11826,111864,0.034383900463581,2007-03-01
11827,117768,0.0446677729487419,2007-03-01
11828,157855,0.0426876693964004,2007-03-01
11829,1327,0.072300024330616,2007-06-01
11830,1690,0.0377716571092605,2007-06-01
11831,1878,0.0349768176674842,2007-06-01
11832,3336,0.0461255349218845,2007-06-01
11833,5606,0.0333608239889144,2007-06-01
11834,6565,0.0415140949189662,2007-06-01
11835,11399,0.0461255349218845,2007-06-01
11836,12141,0.0415716953575611,2007-06-01
11837,14282,0.0415140949189662,2007-06-01
11838,15855,0.0415140949189662,2007-06-01
11839,27928,0.0448770187795162,2007-06-01
11840,27965,0.0404672287404537,2007-06-01
11841,29241,0.0326791852712631,2007-06-01
11842,117768,0.0415140949189662,2007-06-01
11843,143357,0.0612086951732635,2007-06-01
11844,176567,0.0613161250948905,2007-06-01
11845,1327,0.0784753859043121,2007-09-04
11846,1632,0.0455807819962501,2007-09-04
11847,1690,0.0560186430811882,2007-09-04
11848,6565,0.0580501109361648,2007-09-04
11849,12141,0.0436515025794506,2007-09-04
11850,12441,0.0461304374039173,2007-09-04
11851,14282,0.0560186430811882,2007-09-04
11852,15855,0.0443102680146694,2007-09-04
11853,18699,0.043668620288372,2007-09-04
11854,20779,0.0436515025794506,2007-09-04
11855,24800,0.0455807819962501,2007-09-04
11856,27928,0.0471855551004409,2007-09-04
11857,28385,0.0462205372750759,2007-09-04
11858,111864,0.0563079044222831,2007-09-04
11859,117768,0.0580501109361648,2007-09-04
11860,143357,0.0708245038986206,2007-09-04
11861,176567,0.0673056840896606,2007-09-04
11862,1327,0.056160962840529,2007-12-03
11863,1690,0.0521482434018609,2007-12-03
11864,1704,0.0622346697200623,2007-12-03
11865,6565,0.0589129349654528,2007-12-03
11866,7343,0.0460098045488419,2007-12-03
11867,10420,0.0587722606360872,2007-12-03
11868,12441,0.0553224004538612,2007-12-03
11869,14282,0.051583680673711,2007-12-03
11870,15855,0.0574828174208287,2007-12-03
11871,18699,0.0699258691197314,2007-12-03
11872,29241,0.0433341260052194,2007-12-03
11873,111864,0.0576666473182941,2007-12-03
11874,117768,0.054513471691461,2007-12-03
11875,143357,0.0531012455516321,2007-12-03
11876,150937,0.0632134346191859,2007-12-03
11877,176567,0.0641088817510886,2007-12-03
11878,1161,0.1260946553413826,2008-03-03
11879,1327,0.0517356540832609,2008-03-03
11880,1632,0.0510702939449069,2008-03-03
11881,3532,0.0552736484718483,2008-03-03
11882,6565,0.0681636176775658,2008-03-03
11883,7343,0.158477771513419,2008-03-03
11884,10420,0.0502312811172587,2008-03-03
11885,11399,0.0507976571343424,2008-03-03
11886,11636,0.0709474250309107,2008-03-03
11887,13421,0.0584607357462213,2008-03-03
11888,15855,0.0618661707924404,2008-03-03
11889,111864,0.0746421575850484,2008-03-03
11890,117768,0.0574113655873626,2008-03-03
11891,143357,0.0732280210738431,2008-03-03
11892,150937,0.0595248160626406,2008-03-03
11893,176567,0.0923156769250121,2008-03-03
11894,1161,0.072831280529499,2008-06-02
11895,1690,0.0386578328907489,2008-06-02
11896,2504,0.0586173981428146,2008-06-02
11897,6066,0.0327448919415473,2008-06-02
11898,6565,0.0386578328907489,2008-06-02
11899,7343,0.0720718801021575,2008-06-02
11900,10420,0.03717777505517,2008-06-02
11901,11636,0.0400080606341362,2008-06-02
11902,12441,0.0326731540262699,2008-06-02
11903,14282,0.0386578328907489,2008-06-02
11904,15855,0.0386578328907489,2008-06-02
11905,28385,0.0370817817747592,2008-06-02
11906,29241,0.0370817817747592,2008-06-02
11907,66368,0.0808497592806816,2008-06-02
11908,117768,0.0370817817747592,2008-06-02
11909,176567,0.0395132191479206,2008-06-02
11910,1161,0.0403027758002281,2008-09-02
11911,1327,0.0285707358270883,2008-09-02
11912,1632,0.0258643180131912,2008-09-02
11913,1690,0.0285707358270883,2008-09-02
11914,1878,0.0350113697350025,2008-09-02
11915,3532,0.0258643180131912,2008-09-02
11916,5606,0.0258643180131912,2008-09-02
11917,6304,0.0258643180131912,2008-09-02
11918,6565,0.0285707358270883,2008-09-02
11919,7343,0.0404103621840477,2008-09-02
11920,7506,0.0258643180131912,2008-09-02
11921,11399,0.0258643180131912,2008-09-02
11922,12141,0.0258643180131912,2008-09-02
11923,13421,0.0281968936324119,2008-09-02
11924,13824,0.0258643180131912,2008-09-02
11925,14282,0.0285707358270883,2008-09-02
11926,15855,0.0281968936324119,2008-09-02
11927,20779,0.0258643180131912,2008-09-02
11928,24975,0.0258643180131912,2008-09-02
11929,27928,0.0258643180131912,2008-09-02
11930,117768,0.0281968936324119,2008-09-02
11931,143357,0.0350113697350025,2008-09-02
11932,150937,0.0297235883772373,2008-09-02
11933,176567,0.0355513170361518,2008-09-02
11934,1327,0.049645148217678,2008-12-01
11935,3336,0.049645148217678,2008-12-01
11936,3532,0.0476378686726093,2008-12-01
11937,6565,0.0527800805866718,2008-12-01
11938,7343,0.1005879119038581,2008-12-01
11939,10420,0.0938891395926475,2008-12-01
11940,10453,0.049645148217678,2008-12-01
11941,11399,0.0489947013556957,2008-12-01
11942,11636,0.049645148217678,2008-12-01
11943,13421,0.1035012379288673,2008-12-01
11944,24800,0.0518585741519928,2008-12-01
11945,28139,0.0735327824950218,2008-12-01
11946,28195,0.0472550801932811,2008-12-01
11947,28385,0.1012696325778961,2008-12-01
11948,64356,0.049645148217678,2008-12-01
11949,111864,0.0527800805866718,2008-12-01
11950,1161,0.052348218858242,2009-03-02
11951,1690,0.0446038767695426,2009-03-02
11952,3336,0.0504294522106647,2009-03-02
11953,6304,0.0586814545094966,2009-03-02
11954,7343,0.1226530894637107,2009-03-02
11955,10420,0.097176656126976,2009-03-02
11956,11636,0.046079184859991,2009-03-02
11957,12441,0.1494127511978149,2009-03-02
11958,12884,0.0869596898555755,2009-03-02
11959,13421,0.090915746986866,2009-03-02
11960,14282,0.0467852391302585,2009-03-02
11961,28385,0.0454407148063182,2009-03-02
11962,29241,0.0971208289265632,2009-03-02
11963,111864,0.0447206310927867,2009-03-02
11964,143357,0.1304807066917419,2009-03-02
11965,176567,0.0481926202774047,2009-03-02
11966,1161,0.0644482381637141,2009-06-01
11967,3336,0.085449298019726,2009-06-01
11968,5606,0.0824946892662708,2009-06-01
11969,6565,0.0657315177836386,2009-06-01
11970,7343,0.1485765661921928,2009-06-01
11971,10453,0.0647009912000746,2009-06-01
11972,12141,0.1386096210919489,2009-06-01
11973,14282,0.0738065223429444,2009-06-01
11974,15855,0.0606240769149099,2009-06-01
11975,28139,0.0588626168013201,2009-06-01
11976,28195,0.052781475305066,2009-06-01
11977,117768,0.116284724638135,2009-06-01
11978,134932,0.0627760233198257,2009-06-01
11979,143357,0.1515019562379936,2009-06-01
11980,150937,0.0606240769149099,2009-06-01
11981,176567,0.0691556442167504,2009-06-01
11982,1161,0.1069195980804026,2009-09-01
11983,1690,0.0656375957075735,2009-09-01
11984,1704,0.0762836676619189,2009-09-01
11985,3336,0.0675898799830983,2009-09-01
11986,6565,0.2050746044328799,2009-09-01
11987,7343,0.1519098983130432,2009-09-01
11988,12141,0.14407026823693,2009-09-01
11989,12441,0.0693474889821803,2009-09-01
11990,14282,0.0789197383470561,2009-09-01
11991,27928,0.0786442550237326,2009-09-01
11992,28139,0.0835026225291347,2009-09-01
11993,117768,0.2120771788261228,2009-09-01
11994,134932,0.1091567116022694,2009-09-01
11995,143357,0.3264262455699404,2009-09-01
11996,157855,0.0695221254953284,2009-09-01
11997,175955,0.073384751689408,2009-09-01
11998,176567,0.1120155065583994,2009-09-01
11999,1161,0.0307008485570908,2009-12-01
12000,1690,0.0483175348840033,2009-12-01
12001,1704,0.0240169868481588,2009-12-01
12002,5606,0.0221713324592527,2009-12-01
12003,7343,0.0267724133934167,2009-12-01
12004,10420,0.0250821756218911,2009-12-01
12005,10453,0.0313012427642046,2009-12-01
12006,13421,0.0249519262076283,2009-12-01
12007,14282,0.0564299007371829,2009-12-01
12008,15855,0.0353505497174606,2009-12-01
12009,29241,0.0358464586579879,2009-12-01
12010,117768,0.057750564936476,2009-12-01
12011,143357,0.0240006301759451,2009-12-01
12012,150937,0.0442499247892949,2009-12-01
12013,176567,0.0429240479196594,2009-12-01
12014,180711,0.0393991973301628,2009-12-01
12015,183377,0.0563034094173206,2009-12-01
12016,1161,0.0401744938669748,2010-03-01
12017,1690,0.0462000373683384,2010-03-01
12018,10420,0.0275036788013844,2010-03-01
12019,10453,0.0297344343730325,2010-03-01
12020,12884,0.0354022950273828,2010-03-01
12021,13421,0.0258764463815442,2010-03-01
12022,14282,0.0354851246092726,2010-03-01
12023,15855,0.0359671998075951,2010-03-01
12024,28385,0.0190063388312198,2010-03-01
12025,29241,0.0241134722569098,2010-03-01
12026,64356,0.0217393150562772,2010-03-01
12027,117768,0.0445095970590048,2010-03-01
12028,143357,0.023618465772284,2010-03-01
12029,150937,0.0469546617106519,2010-03-01
12030,176567,0.0355851517316043,2010-03-01
12031,180711,0.0324717388553247,2010-03-01
12032,183377,0.0541215294243376,2010-03-01
12033,1161,0.0845382042361605,2010-06-01
12034,1690,0.0673997240839095,2010-06-01
12035,3532,0.0555288486295681,2010-06-01
12036,5606,0.0500677123359638,2010-06-01
12037,10453,0.0514693899306363,2010-06-01
12038,12884,0.0641188667923353,2010-06-01
12039,14282,0.0647528779061888,2010-06-01
12040,15855,0.0697630553022686,2010-06-01
12041,28385,0.078701034867661,2010-06-01
12042,29241,0.0574190325411533,2010-06-01
12043,117768,0.0589086678799391,2010-06-01
12044,134932,0.0636441612118751,2010-06-01
12045,143357,0.0592101962760461,2010-06-01
12046,150937,0.0887261669925917,2010-06-01
12047,176567,0.0766395033532082,2010-06-01
12048,180711,0.0660592116185543,2010-06-01
12049,183377,0.0684002151669858,2010-06-01
12050,1161,0.0808470141104102,2010-09-01
12051,1690,0.0631925912534589,2010-09-01
12052,3532,0.0592964715983862,2010-09-01
12053,6008,0.0663440674441542,2010-09-01
12054,6565,0.0654230213852043,2010-09-01
12055,7343,0.0733326389906744,2010-09-01
12056,12884,0.0628352053610304,2010-09-01
12057,14282,0.0636763809609025,2010-09-01
12058,15855,0.0692843405978139,2010-09-01
12059,28385,0.0667168121187146,2010-09-01
12060,29241,0.0698465245570718,2010-09-01
12061,117768,0.0959597873052294,2010-09-01
12062,134932,0.0852434108794154,2010-09-01
12063,150937,0.0896153981669017,2010-09-01
12064,176567,0.076279732352556,2010-09-01
12065,180711,0.0740775553786014,2010-09-01
12066,184725,0.064800422949548,2010-09-01
12067,1161,0.0879107564493307,2010-12-01
12068,3532,0.0641420806059665,2010-12-01
12069,6008,0.0682586730621557,2010-12-01
12070,6565,0.0756864602033191,2010-12-01
12071,7343,0.0884547890386679,2010-12-01
12072,10420,0.0733472505502121,2010-12-01
12073,10453,0.0764332564089771,2010-12-01
12074,12884,0.0731909393044513,2010-12-01
12075,13421,0.0676723456195678,2010-12-01
12076,15855,0.0795581894649598,2010-12-01
12077,28139,0.0758794592467026,2010-12-01
12078,117768,0.0718749833433042,2010-12-01
12079,134932,0.0913378927419747,2010-12-01
12080,150937,0.088418955195715,2010-12-01
12081,176567,0.0897428797264954,2010-12-01
12082,180711,0.0794731797638058,2010-12-01
12083,184725,0.0758388337641654,2010-12-01
12084,1161,0.1258725523948669,2011-03-01
12085,3532,0.0967591851949691,2011-03-01
12086,5606,0.089359663426876,2011-03-01
12087,6008,0.1025067642331123,2011-03-01
12088,6565,0.1034560576081276,2011-03-01
12089,7343,0.1461796164512634,2011-03-01
12090,10453,0.0751617923378944,2011-03-01
12091,12884,0.074331022799015,2011-03-01
12092,14282,0.0763500183820724,2011-03-01
12093,20779,0.1008676588535308,2011-03-01
12094,27965,0.0757425650954246,2011-03-01
12095,28385,0.0709792450070381,2011-03-01
12096,66368,0.671732485294342,2011-03-01
12097,134932,0.0721141248941421,2011-03-01
12098,143357,0.1510568559169769,2011-03-01
12099,150937,0.1000163629651069,2011-03-01
12100,176567,0.1051913946866989,2011-03-01
12101,1690,0.0548291131854057,2011-06-01
12102,1704,0.0567045733332634,2011-06-01
12103,2504,0.0663126185536384,2011-06-01
12104,3336,0.0500296652317047,2011-06-01
12105,3532,0.1162261217832565,2011-06-01
12106,5606,0.0841881111264228,2011-06-01
12107,6008,0.0852986723184585,2011-06-01
12108,6565,0.0793464928865432,2011-06-01
12109,11399,0.0710426941514015,2011-06-01
12110,12884,0.0685057565569877,2011-06-01
12111,20779,0.0887154340744018,2011-06-01
12112,28139,0.1536071300506591,2011-06-01
12113,28195,0.1348602920770645,2011-06-01
12114,28385,0.0776851251721382,2011-06-01
12115,117768,0.064258337020874,2011-06-01
12116,160888,0.0603421181440353,2011-06-01
12117,176567,0.0697235316038131,2011-06-01
12118,1704,0.0519215874373912,2011-09-01
12119,5606,0.1033165827393531,2011-09-01
12120,6008,0.0366102866828441,2011-09-01
12121,6066,0.0411956682801246,2011-09-01
12122,6304,0.0345471873879432,2011-09-01
12123,7343,0.0384164042770862,2011-09-01
12124,10420,0.0397957153618335,2011-09-01
12125,10453,0.0576946139335632,2011-09-01
12126,27965,0.0354154966771602,2011-09-01
12127,28139,0.0413214862346649,2011-09-01
12128,28195,0.0914734676480293,2011-09-01
12129,66368,0.0980081483721733,2011-09-01
12130,117768,0.0453594624996185,2011-09-01
12131,150937,0.0465336926281452,2011-09-01
12132,176567,0.0435696579515934,2011-09-01
12133,180711,0.0417421460151672,2011-09-01
12134,184725,0.0855061784386634,2011-09-01
12135,1161,0.0838860794901847,2011-12-01
12136,1327,0.0617394633591175,2011-12-01
12137,1704,0.0579351484775543,2011-12-01
12138,3336,0.146109864115715,2011-12-01
12139,3532,0.0788874849677085,2011-12-01
12140,5606,0.0579351484775543,2011-12-01
12141,6066,0.4648789763450622,2011-12-01
12142,6565,0.0649867355823516,2011-12-01
12143,10420,0.081488698720932,2011-12-01
12144,10453,0.0734363719820976,2011-12-01
12145,15855,0.0645855292677879,2011-12-01
12146,28385,0.0682931467890739,2011-12-01
12147,117768,0.0649867355823516,2011-12-01
12148,134932,0.0579351484775543,2011-12-01
12149,150937,0.0579351484775543,2011-12-01
12150,176567,0.0667182952165603,2011-12-01
12151,184725,0.0589734092354774,2011-12-01
12152,1161,0.1290267588263206,2012-03-01
12153,2504,0.2133116152334223,2012-03-01
12154,3532,0.1072334073299368,2012-03-01
12155,6066,0.1056703359017088,2012-03-01
12156,10420,0.2006357647901268,2012-03-01
12157,10453,0.1107282586900239,2012-03-01
12158,10789,0.1279113927582482,2012-03-01
12159,12441,0.1056703359017088,2012-03-01
12160,12540,0.1024097829687649,2012-03-01
12161,12884,0.1252817311876283,2012-03-01
12162,13421,0.1629182556491364,2012-03-01
12163,28195,0.1389976900669984,2012-03-01
12164,28385,0.1032383872445049,2012-03-01
12165,61591,0.1384878086581701,2012-03-01
12166,64356,0.1221546002098178,2012-03-01
12167,175404,0.1047461502967793,2012-03-01
12168,184725,0.129631238451908,2012-03-01
12169,1161,0.0463045574724674,2012-06-01
12170,1690,0.0497202724218368,2012-06-01
12171,1878,0.0555520430207252,2012-06-01
12172,5606,0.0486934632062912,2012-06-01
12173,6008,0.0497202724218368,2012-06-01
12174,7343,0.0560475215315818,2012-06-01
12175,10420,0.0560475215315818,2012-06-01
12176,10499,0.0536199584603309,2012-06-01
12177,12884,0.0463045574724674,2012-06-01
12178,13421,0.0553102791309356,2012-06-01
12179,28139,0.0452276170253753,2012-06-01
12180,28195,0.0497202724218368,2012-06-01
12181,28385,0.0512570217251777,2012-06-01
12182,29241,0.0360158644616603,2012-06-01
12183,134932,0.0463045574724674,2012-06-01
12184,183377,0.0465071946382522,2012-06-01
12185,184725,0.0497202724218368,2012-06-01
12186,187450,0.0422258898615837,2012-06-01
12187,1161,0.1060413133435337,2012-09-04
12188,5606,0.076297122852911,2012-09-04
12189,7343,0.0675710621855111,2012-09-04
12190,10420,0.0670335111658147,2012-09-04
12191,12441,0.0560336392971594,2012-09-04
12192,12884,0.0789819275564486,2012-09-04
12193,13421,0.0731129794699766,2012-09-04
12194,15855,0.077969987086607,2012-09-04
12195,28385,0.102366916855687,2012-09-04
12196,29241,0.0620068634639857,2012-09-04
12197,117768,0.0711341239883552,2012-09-04
12198,134932,0.0734856900877848,2012-09-04
12199,143357,0.0551911711018933,2012-09-04
12200,176567,0.0678950763604114,2012-09-04
12201,180711,0.0589219941973057,2012-09-04
12202,183377,0.0628429308445764,2012-09-04
12203,184725,0.0642391141079984,2012-09-04
12204,187450,0.0944181482085213,2012-09-04
12205,1161,0.0544810034334659,2012-12-03
12206,1632,0.0326822847127914,2012-12-03
12207,1690,0.1671136617660522,2012-12-03
12208,1878,0.0326822847127914,2012-12-03
12209,3336,0.0369332209229469,2012-12-03
12210,5606,0.0692661106586456,2012-12-03
12211,6008,0.0326822847127914,2012-12-03
12212,6565,0.0424001030623912,2012-12-03
12213,7343,0.0478294789791107,2012-12-03
12214,10420,0.0522450618445873,2012-12-03
12215,10453,0.0326822847127914,2012-12-03
12216,10499,0.0326822847127914,2012-12-03
12217,12141,0.0326822847127914,2012-12-03
12218,12142,0.0326822847127914,2012-12-03
12219,12884,0.041570134460926,2012-12-03
12220,13421,0.0626562163233757,2012-12-03
12221,18699,0.0599750317633152,2012-12-03
12222,22815,0.0326822847127914,2012-12-03
12223,24800,0.0326822847127914,2012-12-03
12224,27928,0.0326822847127914,2012-12-03
12225,28195,0.0326822847127914,2012-12-03
12226,28385,0.0522450618445873,2012-12-03
12227,29241,0.041570134460926,2012-12-03
12228,61591,0.0326822847127914,2012-12-03
12229,64356,0.1886001378297805,2012-12-03
12230,134932,0.0380275174975395,2012-12-03
12231,150937,0.0326822847127914,2012-12-03
12232,180711,0.0370482616126537,2012-12-03
12233,184725,0.0330816842615604,2012-12-03
12234,187450,0.051746916025877,2012-12-03
12235,1161,0.0858706906437873,2013-03-01
12236,1690,0.1780595034360885,2013-03-01
12237,6008,0.0370008535683155,2013-03-01
12238,7585,0.0547537021338939,2013-03-01
12239,10420,0.0559718757867813,2013-03-01
12240,10499,0.0370008535683155,2013-03-01
12241,11399,0.0370008535683155,2013-03-01
12242,13421,0.0538589842617511,2013-03-01
12243,22815,0.0370008535683155,2013-03-01
12244,28195,0.0663853138685226,2013-03-01
12245,28385,0.0600150525569915,2013-03-01
12246,61591,0.0388503558933734,2013-03-01
12247,64356,0.1560649424791336,2013-03-01
12248,66368,0.0395817123353481,2013-03-01
12249,117768,0.0411327220499515,2013-03-01
12250,134932,0.0613940320909023,2013-03-01
12251,150937,0.0388503558933734,2013-03-01
12252,160888,0.1061512604355812,2013-03-01
12253,180711,0.0411327220499515,2013-03-01
12254,187450,0.0622173510491848,2013-03-01
12255,1161,0.0491517056520567,2013-06-03
12256,1690,0.0376825746787404,2013-06-03
12257,1878,0.0416182859718822,2013-06-03
12258,7343,0.0386600005488509,2013-06-03
12259,7585,0.0541118402447891,2013-06-03
12260,10420,0.0586669447107998,2013-06-03
12261,10499,0.0448233017439572,2013-06-03
12262,10789,0.0424072341591084,2013-06-03
12263,13421,0.0388812587567235,2013-06-03
12264,28195,0.0670964225527014,2013-06-03
12265,28385,0.0400621789556476,2013-06-03
12266,61591,0.0352715659503937,2013-06-03
12267,64356,0.0356144056628626,2013-06-03
12268,117768,0.0541382486849622,2013-06-03
12269,178310,0.0411973498107894,2013-06-03
12270,180711,0.0541382486849622,2013-06-03
12271,183377,0.0428486605104106,2013-06-03
12272,187450,0.0546540844985896,2013-06-03
12273,1161,0.071693425390202,2013-09-03
12274,5606,0.0488014855590943,2013-09-03
12275,6565,0.0513778354369652,2013-09-03
12276,10420,0.0802709826997506,2013-09-03
12277,10789,0.0609749769348954,2013-09-03
12278,12142,0.0586926118914711,2013-09-03
12279,13421,0.0643730610716972,2013-09-03
12280,15855,0.0575203421420268,2013-09-03
12281,28195,0.0672608314801369,2013-09-03
12282,28385,0.0554533167055539,2013-09-03
12283,29241,0.0543502077206675,2013-09-03
12284,61591,0.0672218304114841,2013-09-03
12285,64356,0.0472964852483401,2013-09-03
12286,117768,0.0440015311279742,2013-09-03
12287,171007,0.0644494082298511,2013-09-03
12288,171067,0.0751492177592842,2013-09-03
12289,180711,0.0440015311279742,2013-09-03
12290,183377,0.0513778354369652,2013-09-03
12291,187450,0.0532154948910406,2013-09-03
12292,1161,0.0796837886923193,2013-12-02
12293,1690,0.0489200981102732,2013-12-02
12294,3336,0.0549804564903762,2013-12-02
12295,6008,0.0638925311714104,2013-12-02
12296,10420,0.0579890096051558,2013-12-02
12297,12441,0.0521448076944988,2013-12-02
12298,13421,0.0605230749741743,2013-12-02
12299,15855,0.0557477882886517,2013-12-02
12300,27928,0.0475531422844169,2013-12-02
12301,28385,0.0501867475447246,2013-12-02
12302,29241,0.0474717667610404,2013-12-02
12303,61591,0.0580033365430232,2013-12-02
12304,117768,0.0563392451351137,2013-12-02
12305,134932,0.0615598788760026,2013-12-02
12306,150937,0.0529147846643872,2013-12-02
12307,176567,0.0534297297963094,2013-12-02
12308,183377,0.0736046662461653,2013-12-02
12309,187450,0.077851621800741,2013-12-02
12310,1161,0.0896446477808206,2014-03-03
12311,5606,0.0631939998037041,2014-03-03
12312,6066,0.0556361570103232,2014-03-03
12313,12441,0.06378794022206,2014-03-03
12314,13421,0.0581458372623435,2014-03-03
12315,28195,0.0677793616725153,2014-03-03
12316,28385,0.0773198523345825,2014-03-03
12317,64356,0.0542610091426188,2014-03-03
12318,117768,0.0569170772451684,2014-03-03
12319,134932,0.0581626995728679,2014-03-03
12320,150937,0.0651589819966758,2014-03-03
12321,171007,0.0609907307482989,2014-03-03
12322,171067,0.0715345122506273,2014-03-03
12323,176567,0.0598171204905518,2014-03-03
12324,183377,0.0647407941960095,2014-03-03
12325,184725,0.0696859456211285,2014-03-03
12326,187450,0.0759236119248394,2014-03-03
12327,1690,0.0747798410988437,2014-06-02
12328,10453,0.0529552896156966,2014-06-02
12329,10499,0.0379360113902112,2014-06-02
12330,11399,0.0953876094216445,2014-06-02
12331,12441,0.0376368995943733,2014-06-02
12332,13421,0.0392855019108618,2014-06-02
12333,27928,0.0953715930295457,2014-06-02
12334,27965,0.0739476855163724,2014-06-02
12335,28195,0.0751846436837947,2014-06-02
12336,61591,0.080845762689777,2014-06-02
12337,117768,0.0536253012250629,2014-06-02
12338,150937,0.0641352933587005,2014-06-02
12339,171067,0.0370534566020589,2014-06-02
12340,176567,0.0379387520811898,2014-06-02
12341,180711,0.0406459347507079,2014-06-02
12342,184725,0.0393613036360455,2014-06-02
12343,187450,0.048191877093796,2014-06-02
12344,1161,0.0722939828394068,2014-09-02
12345,1690,0.0492117394798098,2014-09-02
12346,2504,0.0537383381754616,2014-09-02
12347,5606,0.0554367412786736,2014-09-02
12348,6066,0.0542242597969639,2014-09-02
12349,12441,0.0576508874432704,2014-09-02
12350,13421,0.0469842405401613,2014-09-02
12351,15855,0.0582914001956069,2014-09-02
12352,28195,0.0619561577431488,2014-09-02
12353,28385,0.0520157344131499,2014-09-02
12354,61591,0.047240834276783,2014-09-02
12355,117768,0.0487043949587459,2014-09-02
12356,150937,0.0555038804288608,2014-09-02
12357,171007,0.055163349478052,2014-09-02
12358,171067,0.0551527893416539,2014-09-02
12359,180711,0.0558117092468676,2014-09-02
12360,184725,0.0633054307137791,2014-09-02
12361,187450,0.0693818603447607,2014-09-02
12362,1161,0.0687553486549208,2014-12-01
12363,5606,0.0552335135269816,2014-12-01
12364,6008,0.052425882563268,2014-12-01
12365,6066,0.0564389121173098,2014-12-01
12366,12441,0.0609545325264623,2014-12-01
12367,13421,0.054896008859912,2014-12-01
12368,20232,0.0707900414911756,2014-12-01
12369,27928,0.0581031267680448,2014-12-01
12370,28195,0.0561689470716245,2014-12-01
12371,61591,0.0580715657254814,2014-12-01
12372,117768,0.0546283779189788,2014-12-01
12373,143357,0.0594101807064693,2014-12-01
12374,150937,0.0603820858432405,2014-12-01
12375,171007,0.0562387626248273,2014-12-01
12376,171067,0.0572039733718732,2014-12-01
12377,176567,0.0623163954627027,2014-12-01
12378,184725,0.0718235505823299,2014-12-01
12379,187450,0.0637430489600374,2014-12-01
12380,1161,0.086255181037312,2015-03-02
12381,5606,0.0692234570373649,2015-03-02
12382,6008,0.0626811595454144,2015-03-02
12383,6066,0.0588044169075788,2015-03-02
12384,7343,0.0591527939459449,2015-03-02
12385,13421,0.0662179383823606,2015-03-02
12386,20232,0.0684555687061997,2015-03-02
12387,27928,0.0636177350483637,2015-03-02
12388,27965,0.0615526217500066,2015-03-02
12389,28195,0.0717477010233361,2015-03-02
12390,61591,0.0701013605962656,2015-03-02
12391,117768,0.0692881778403564,2015-03-02
12392,121718,0.0731681152189386,2015-03-02
12393,134932,0.0683673468472397,2015-03-02
12394,150937,0.064427101397101,2015-03-02
12395,176567,0.0601322480494038,2015-03-02
12396,184725,0.0735343929863234,2015-03-02
12397,187450,0.0622402975564528,2015-03-02
12398,1690,0.0354291349649429,2015-06-01
12399,1878,0.0439181961119174,2015-06-01
12400,3532,0.036699928343296,2015-06-01
12401,6066,0.03433708101511,2015-06-01
12402,6304,0.03433708101511,2015-06-01
12403,7585,0.03433708101511,2015-06-01
12404,10499,0.0439181961119174,2015-06-01
12405,11399,0.0387587957084178,2015-06-01
12406,12141,0.0439181961119174,2015-06-01
12407,12540,0.0459861271083354,2015-06-01
12408,20232,0.0439181961119174,2015-06-01
12409,27965,0.0439181961119174,2015-06-01
12410,28139,0.0354291349649429,2015-06-01
12411,28195,0.0354291349649429,2015-06-01
12412,61591,0.0439181961119174,2015-06-01
12413,117768,0.036699928343296,2015-06-01
12414,121718,0.0439181961119174,2015-06-01
12415,143357,0.03433708101511,2015-06-01
12416,150937,0.0439181961119174,2015-06-01
12417,176567,0.0420371405780315,2015-06-01
12418,180711,0.0459861271083354,2015-06-01
12419,184725,0.0439181961119174,2015-06-01
12420,1161,0.0594384409487247,2015-09-01
12421,1704,0.0405269302427768,2015-09-01
12422,10499,0.0459192581474781,2015-09-01
12423,11399,0.0520788505673408,2015-09-01
12424,12142,0.0460823662579059,2015-09-01
12425,12540,0.0483339168131351,2015-09-01
12426,13421,0.0483339168131351,2015-09-01
12427,20232,0.0459192581474781,2015-09-01
12428,20748,0.0453624539077281,2015-09-01
12429,22815,0.0455760173499584,2015-09-01
12430,27965,0.0459192581474781,2015-09-01
12431,61591,0.0538224726915359,2015-09-01
12432,117768,0.0562371313571929,2015-09-01
12433,121077,0.0459192581474781,2015-09-01
12434,121718,0.0546755194664001,2015-09-01
12435,150937,0.0459192581474781,2015-09-01
12436,178310,0.0662131607532501,2015-09-01
12437,180711,0.0459192581474781,2015-09-01
12438,184725,0.0459192581474781,2015-09-01
12439,1161,0.084812693297863,2015-12-01
12440,1690,0.0372426398098468,2015-12-01
12441,1878,0.0372426398098468,2015-12-01
12442,6008,0.0372426398098468,2015-12-01
12443,6304,0.0445883274078369,2015-12-01
12444,7343,0.0372426398098468,2015-12-01
12445,10453,0.0372426398098468,2015-12-01
12446,10499,0.0372426398098468,2015-12-01
12447,11399,0.0372426398098468,2015-12-01
12448,12141,0.0372426398098468,2015-12-01
12449,12540,0.0372426398098468,2015-12-01
12450,13421,0.0372426398098468,2015-12-01
12451,20232,0.0372426398098468,2015-12-01
12452,22815,0.0372426398098468,2015-12-01
12453,23119,0.0372426398098468,2015-12-01
12454,24405,0.037366721779108,2015-12-01
12455,24975,0.0389146469533443,2015-12-01
12456,27928,0.0372426398098468,2015-12-01
12457,28139,0.0372426398098468,2015-12-01
12458,61591,0.0372426398098468,2015-12-01
12459,121077,0.0372426398098468,2015-12-01
12460,121718,0.0372426398098468,2015-12-01
12461,134932,0.0372426398098468,2015-12-01
12462,175955,0.0391198918223381,2015-12-01
12463,176567,0.0372426398098468,2015-12-01
12464,180711,0.0372426398098468,2015-12-01
12465,1161,0.0753195434808731,2016-03-01
12466,1690,0.0401543378829956,2016-03-01
12467,1704,0.0401543378829956,2016-03-01
12468,2504,0.040385790169239,2016-03-01
12469,3532,0.0403176210820674,2016-03-01
12470,5606,0.0734441056847572,2016-03-01
12471,6008,0.0401543378829956,2016-03-01
12472,6304,0.0413732677698135,2016-03-01
12473,7343,0.0617859996855258,2016-03-01
12474,10453,0.0401543378829956,2016-03-01
12475,13421,0.0401543378829956,2016-03-01
12476,15855,0.0401543378829956,2016-03-01
12477,20232,0.0401543378829956,2016-03-01
12478,20779,0.0422869734466075,2016-03-01
12479,22815,0.0401543378829956,2016-03-01
12480,23119,0.0401543378829956,2016-03-01
12481,24405,0.0582646019756794,2016-03-01
12482,24925,0.0448223277926445,2016-03-01
12483,28139,0.0403176210820674,2016-03-01
12484,28195,0.0403176210820674,2016-03-01
12485,61591,0.0401543378829956,2016-03-01
12486,66368,0.0673081576824188,2016-03-01
12487,117768,0.0401543378829956,2016-03-01
12488,121718,0.0401543378829956,2016-03-01
12489,125595,0.042609579861164,2016-03-01
12490,126721,0.042609579861164,2016-03-01
12491,134932,0.0401543378829956,2016-03-01
12492,150937,0.0401543378829956,2016-03-01
12493,176567,0.0401543378829956,2016-03-01
12494,187450,0.0401543378829956,2016-03-01
12495,1690,0.0435052588582038,2016-06-01
12496,1878,0.0424612499773502,2016-06-01
12497,3532,0.0472201891243457,2016-06-01
12498,6008,0.0435052588582038,2016-06-01
12499,10453,0.0464918352663517,2016-06-01
12500,10499,0.044916670769453,2016-06-01
12501,11399,0.044916670769453,2016-06-01
12502,12540,0.044916670769453,2016-06-01
12503,13421,0.0464918352663517,2016-06-01
12504,23119,0.0464918352663517,2016-06-01
12505,28195,0.0435052588582038,2016-06-01
12506,64853,0.044916670769453,2016-06-01
12507,117768,0.0464918352663517,2016-06-01
12508,134932,0.0435052588582038,2016-06-01
12509,150937,0.0435052588582038,2016-06-01
12510,175404,0.044916670769453,2016-06-01
12511,176567,0.0435052588582038,2016-06-01
12512,180711,0.0441050007939338,2016-06-01
12513,184725,0.0772673040628433,2016-06-01
12514,1690,0.0480584017040891,2016-09-01
12515,1878,0.0643356381657839,2016-09-01
12516,6008,0.0554270499095344,2016-09-01
12517,10453,0.0502903031216734,2016-09-01
12518,12540,0.0492872442690574,2016-09-01
12519,13421,0.0656996874677141,2016-09-01
12520,15855,0.0719286587769057,2016-09-01
12521,27928,0.0572286865683356,2016-09-01
12522,28195,0.052702965409402,2016-09-01
12523,29241,0.0608595705831226,2016-09-01
12524,61591,0.0659203199122922,2016-09-01
12525,117768,0.0596924176621578,2016-09-01
12526,121718,0.0574357831973999,2016-09-01
12527,134932,0.057804188723059,2016-09-01
12528,150937,0.0603606703855509,2016-09-01
12529,171007,0.0547002666349845,2016-09-01
12530,171067,0.0552837256143183,2016-09-01
12531,176567,0.0483158373052208,2016-09-01
12532,187450,0.0587277932030811,2016-09-01
12533,1878,0.0474776239924429,2016-12-01
12534,6008,0.0400752291540971,2016-12-01
12535,11399,0.1040316336731975,2016-12-01
12536,13421,0.0454036111615688,2016-12-01
12537,15855,0.0510765069284841,2016-12-01
12538,22815,0.0412846771980605,2016-12-01
12539,24405,0.1030225237031084,2016-12-01
12540,24975,0.0495367983498035,2016-12-01
12541,61591,0.0537762958922257,2016-12-01
12542,117768,0.0383744069758369,2016-12-01
12543,121718,0.0387339538104543,2016-12-01
12544,134932,0.0410441683142776,2016-12-01
12545,150937,0.0467642424233512,2016-12-01
12546,171007,0.0555503281809276,2016-12-01
12547,175404,0.075817209620567,2016-12-01
12548,176567,0.0494851163512079,2016-12-01
12549,180711,0.0639190368755388,2016-12-01
12550,184725,0.064633296947943,2016-12-01
12551,187450,0.1190975721586536,2016-12-01
12552,1878,0.0448353998279221,2017-03-01
12553,2504,0.0320506180046952,2017-03-01
12554,6008,0.0326754654600486,2017-03-01
12555,10453,0.0430203051233077,2017-03-01
12556,10499,0.0308322693029413,2017-03-01
12557,12141,0.0316813320196742,2017-03-01
12558,13421,0.0507793068495025,2017-03-01
12559,15855,0.0369390457327237,2017-03-01
12560,20232,0.0357691383375186,2017-03-01
12561,23119,0.0482427642862279,2017-03-01
12562,24405,0.1083539684770942,2017-03-01
12563,24800,0.0331838602632836,2017-03-01
12564,24975,0.0327587472223338,2017-03-01
12565,28195,0.0380414792392833,2017-03-01
12566,61591,0.0312563270110289,2017-03-01
12567,171007,0.0448353998279221,2017-03-01
12568,175404,0.0745629817502378,2017-03-01
12569,176567,0.0368355387575565,2017-03-01
12570,187450,0.055249519923022,2017-03-01
12571,3532,0.0356119757666577,2017-06-01
12572,5606,0.0921748173844798,2017-06-01
12573,6008,0.0337479697663691,2017-06-01
12574,13421,0.0459058371005061,2017-06-01
12575,14282,0.0305330785478632,2017-06-01
12576,20748,0.0458130153632557,2017-06-01
12577,23071,0.0347560022183083,2017-06-01
12578,23119,0.0316181252933878,2017-06-01
12579,24975,0.0311108262018849,2017-06-01
12580,28139,0.0348493820020136,2017-06-01
12581,29241,0.03033016334843,2017-06-01
12582,64853,0.0367493747806569,2017-06-01
12583,117768,0.036531506344565,2017-06-01
12584,121718,0.0335551995770142,2017-06-01
12585,150937,0.0317344063182805,2017-06-01
12586,171067,0.0348028694077476,2017-06-01
12587,175404,0.0795351261009111,2017-06-01
12588,176567,0.046249510758416,2017-06-01
12589,178310,0.0308847735926129,2017-06-01
12590,2504,0.0591069425426936,2017-09-01
12591,3532,0.0353252656072758,2017-09-01
12592,5606,0.0588776638292291,2017-09-01
12593,6008,0.035313302229118,2017-09-01
12594,13421,0.0360931705756715,2017-09-01
12595,15855,0.0368693063145627,2017-09-01
12596,23071,0.0328721405324781,2017-09-01
12597,23119,0.0326821022548364,2017-09-01
12598,28195,0.046175469209375,2017-09-01
12599,29241,0.0368724036400604,2017-09-01
12600,64853,0.0341256487589826,2017-09-01
12601,117768,0.0659224079395139,2017-09-01
12602,121718,0.0496391888249201,2017-09-01
12603,134932,0.032209430667259,2017-09-01
12604,150937,0.0325816208164697,2017-09-01
12605,171067,0.0362556585141311,2017-09-01
12606,175404,0.061167753255982,2017-09-01
12607,176567,0.0331819401436265,2017-09-01
12608,187450,0.0627989346725433,2017-09-01
12609,1632,0.0323543700442352,2017-12-01
12610,1878,0.0365837376141138,2017-12-01
12611,2504,0.075498970950077,2017-12-01
12612,5606,0.080498835426242,2017-12-01
12613,6008,0.0298095519849988,2017-12-01
12614,10499,0.029872199173488,2017-12-01
12615,11636,0.0298688374000198,2017-12-01
12616,14282,0.0314903601820652,2017-12-01
12617,15855,0.0446353138306701,2017-12-01
12618,20748,0.0478616130626765,2017-12-01
12619,27965,0.0303949352733955,2017-12-01
12620,29241,0.0732460330001454,2017-12-01
12621,61591,0.0370511512604303,2017-12-01
12622,117768,0.0667231600186639,2017-12-01
12623,121718,0.0422138203425577,2017-12-01
12624,134932,0.0392008731599772,2017-12-01
12625,180711,0.065487167028867,2017-12-01
12626,184725,0.030599671317644,2017-12-01
12627,187450,0.1188009272811293,2017-12-01
12628,1632,0.0464814726240259,2018-03-01
12629,3532,0.0510414102314119,2018-03-01
12630,11399,0.0510976892609488,2018-03-01
12631,13421,0.0528685415100938,2018-03-01
12632,20779,0.0497306671783802,2018-03-01
12633,23071,0.0522367523748776,2018-03-01
12634,24800,0.0482096218577363,2018-03-01
12635,27965,0.0463173727078722,2018-03-01
12636,28139,0.0521039809190965,2018-03-01
12637,28195,0.0478926258562806,2018-03-01
12638,29241,0.0594122506377656,2018-03-01
12639,61591,0.0673428093521926,2018-03-01
12640,64356,0.0519759876086295,2018-03-01
12641,121718,0.0659523371950604,2018-03-01
12642,134932,0.0661809413038224,2018-03-01
12643,150937,0.0594266106807047,2018-03-01
12644,175404,0.0503775302711778,2018-03-01
12645,180711,0.0515349958491015,2018-03-01
12646,183377,0.0534888559173977,2018-03-01
12647,1632,0.0431195203730724,2018-06-01
12648,1690,0.0443306248657415,2018-06-01
12649,3532,0.0450508512542727,2018-06-01
12650,6008,0.0481947058505075,2018-06-01
12651,6565,0.044672675459739,2018-06-01
12652,13421,0.0520509181153132,2018-06-01
12653,14282,0.0527892378962577,2018-06-01
12654,15855,0.0480342915353272,2018-06-01
12655,23071,0.0462923250011002,2018-06-01
12656,27928,0.0453963237816926,2018-06-01
12657,27965,0.0416488026543706,2018-06-01
12658,28195,0.0470459870674591,2018-06-01
12659,64356,0.0486657974954508,2018-06-01
12660,117768,0.0465331878330494,2018-06-01
12661,121718,0.0672009512945489,2018-06-01
12662,150937,0.0430718862102453,2018-06-01
12663,180711,0.0472383884675392,2018-06-01
12664,183377,0.0425134532535606,2018-06-01
12665,184725,0.0429852601373356,2018-06-01
12666,1161,0.0362090976122226,2018-09-04
12667,1878,0.0434298819988885,2018-09-04
12668,3336,0.032782806089547,2018-09-04
12669,5606,0.0434298819988885,2018-09-04
12670,7585,0.0431281617365852,2018-09-04
12671,15855,0.0493967716392646,2018-09-04
12672,20748,0.0512483701693334,2018-09-04
12673,24800,0.0625159850468838,2018-09-04
12674,24925,0.032782806089547,2018-09-04
12675,28139,0.0405213545813377,2018-09-04
12676,61591,0.0385817028787285,2018-09-04
12677,64356,0.0625159850468838,2018-09-04
12678,64853,0.033057804870725,2018-09-04
12679,117768,0.071318583681017,2018-09-04
12680,121718,0.0456012194336941,2018-09-04
12681,126721,0.032782806089547,2018-09-04
12682,134932,0.0362536848895512,2018-09-04
12683,171067,0.0328996599109242,2018-09-04
12684,176567,0.046849974936122,2018-09-04
12685,187450,0.0431281617365852,2018-09-04
12686,1161,0.0365354418754577,2018-12-03
12687,1704,0.035631950944662,2018-12-03
12688,1878,0.0365583635866642,2018-12-03
12689,5606,0.0383182354271411,2018-12-03
12690,6008,0.035631950944662,2018-12-03
12691,6565,0.035631950944662,2018-12-03
12692,7343,0.035631950944662,2018-12-03
12693,10453,0.035631950944662,2018-12-03
12694,11399,0.035631950944662,2018-12-03
12695,12142,0.035631950944662,2018-12-03
12696,13421,0.035631950944662,2018-12-03
12697,15855,0.035631950944662,2018-12-03
12698,20748,0.035631950944662,2018-12-03
12699,22815,0.035631950944662,2018-12-03
12700,24800,0.0414599329233169,2018-12-03
12701,27965,0.035631950944662,2018-12-03
12702,28139,0.035631950944662,2018-12-03
12703,28195,0.035631950944662,2018-12-03
12704,121718,0.035631950944662,2018-12-03
12705,134932,0.035631950944662,2018-12-03
12706,150937,0.035631950944662,2018-12-03
12707,171067,0.035631950944662,2018-12-03
12708,176567,0.035631950944662,2018-12-03
12709,178310,0.035631950944662,2018-12-03
12710,180711,0.035631950944662,2018-12-03
12711,1161,0.0451524322962149,2019-03-01
12712,3532,0.0477679304319596,2019-03-01
12713,5606,0.0517138833270782,2019-03-01
12714,6565,0.044385446507571,2019-03-01
12715,12142,0.0410543941125156,2019-03-01
12716,13421,0.0417108490208741,2019-03-01
12717,14282,0.0424119127875913,2019-03-01
12718,20748,0.0572169126661149,2019-03-01
12719,23071,0.0417228589889945,2019-03-01
12720,24800,0.041640934834386,2019-03-01
12721,32530,0.0409590098849886,2019-03-01
12722,61591,0.041640934834386,2019-03-01
12723,117768,0.0710276345535743,2019-03-01
12724,121718,0.044385446507571,2019-03-01
12725,134932,0.0435036225604718,2019-03-01
12726,150937,0.041640934834386,2019-03-01
12727,176567,0.0688568857099589,2019-03-01
12728,178310,0.0409590098849886,2019-03-01
12729,180711,0.0427761115287879,2019-03-01
12730,183377,0.0424119127875913,2019-03-01
12731,3532,0.0484267518536545,2019-06-03
12732,6565,0.0607603364464111,2019-06-03
12733,11399,0.0609594898178083,2019-06-03
12734,12142,0.0554793864074225,2019-06-03
12735,12441,0.0471171843094967,2019-06-03
12736,13421,0.0516237131823369,2019-06-03
12737,23071,0.0568574751704578,2019-06-03
12738,24405,0.0488422028039647,2019-06-03
12739,24800,0.0509840962939276,2019-06-03
12740,61591,0.0502349059563419,2019-06-03
12741,117768,0.0549083445169674,2019-06-03
12742,121718,0.0567689843062053,2019-06-03
12743,134932,0.0588710477025388,2019-06-03
12744,150937,0.051827257696082,2019-06-03
12745,171067,0.0539405667929833,2019-06-03
12746,176567,0.0572207302712548,2019-06-03
12747,180711,0.0498940203793045,2019-06-03
12748,183377,0.0549919315265868,2019-06-03
12749,184725,0.0475429066436541,2019-06-03
12750,3532,0.0600404467578511,2019-09-03
12751,6565,0.0496652070389124,2019-09-03
12752,11399,0.0591884702459332,2019-09-03
12753,12142,0.0569460587341969,2019-09-03
12754,12540,0.0482759296148165,2019-09-03
12755,13421,0.05424284613432,2019-09-03
12756,14282,0.0497420186456185,2019-09-03
12757,22815,0.0494678518347551,2019-09-03
12758,24800,0.0520504241564335,2019-09-03
12759,27928,0.047462178142767,2019-09-03
12760,27965,0.0463274020977664,2019-09-03
12761,61591,0.057483264748163,2019-09-03
12762,117768,0.0481161585273089,2019-09-03
12763,121718,0.0707627289342595,2019-09-03
12764,134932,0.0569038182818745,2019-09-03
12765,150937,0.0558293510381839,2019-09-03
12766,171067,0.0476409511037829,2019-09-03
12767,176567,0.0478367938984028,2019-09-03
12768,180711,0.0488359276022788,2019-09-03
12769,183377,0.0639351328817731,2019-09-03
12770,1878,0.0547827780246734,2019-12-02
12771,3336,0.0572123005986213,2019-12-02
12772,3532,0.0517610758543014,2019-12-02
12773,5606,0.0581613443791866,2019-12-02
12774,6565,0.0517610758543014,2019-12-02
12775,7585,0.0622932575643062,2019-12-02
12776,11636,0.0517610758543014,2019-12-02
12777,14282,0.0517610758543014,2019-12-02
12778,15855,0.0517610758543014,2019-12-02
12779,20748,0.0517610758543014,2019-12-02
12780,26156,0.0517610758543014,2019-12-02
12781,28139,0.0517610758543014,2019-12-02
12782,28385,0.0517610758543014,2019-12-02
12783,29241,0.0517610758543014,2019-12-02
12784,34955,0.0517610758543014,2019-12-02
12785,117768,0.0517610758543014,2019-12-02
12786,121718,0.0517610758543014,2019-12-02
12787,134932,0.0517610758543014,2019-12-02
12788,176567,0.0517610758543014,2019-12-02
12789,178310,0.0517610758543014,2019-12-02
12790,180711,0.0517610758543014,2019-12-02
12791,183377,0.0517610758543014,2019-12-02
12792,187450,0.0517610758543014,2019-12-02
12793,2504,0.0668585668094283,2020-03-02
12794,3336,0.0573538361588729,2020-03-02
12795,3532,0.057712133397387,2020-03-02
12796,5606,0.0692878356992234,2020-03-02
12797,11399,0.0549526923456899,2020-03-02
12798,11636,0.0523951700366063,2020-03-02
12799,15855,0.0574938410667705,2020-03-02
12800,20748,0.0533792856420949,2020-03-02
12801,26156,0.0644442117986638,2020-03-02
12802,28139,0.0578361328447971,2020-03-02
12803,28195,0.0567153066176489,2020-03-02
12804,28385,0.0654830292049712,2020-03-02
12805,29241,0.0612663292202873,2020-03-02
12806,34955,0.0548188826449111,2020-03-02
12807,117768,0.052818384757402,2020-03-02
12808,121718,0.0598533049222374,2020-03-02
12809,134932,0.0654935190962904,2020-03-02
12810,175404,0.0516581649087896,2020-03-02
12811,176567,0.063308807560244,2020-03-02
12812,178310,0.0582216076779065,2020-03-02
12813,1878,0.0418339338044357,2020-06-01
12814,2504,0.0651837503995489,2020-06-01
12815,3336,0.0577614147152355,2020-06-01
12816,3532,0.0435561847872926,2020-06-01
12817,5606,0.0634182220397453,2020-06-01
12818,6066,0.0418339338044357,2020-06-01
12819,6565,0.0429109867032971,2020-06-01
12820,7585,0.0418339338044357,2020-06-01
12821,11636,0.0674361635070057,2020-06-01
12822,12441,0.0418339338044357,2020-06-01
12823,13824,0.0418339338044357,2020-06-01
12824,14282,0.0481187430276745,2020-06-01
12825,18699,0.0418339338044357,2020-06-01
12826,22815,0.0418339338044357,2020-06-01
12827,23071,0.0418339338044357,2020-06-01
12828,24405,0.0418339338044357,2020-06-01
12829,24975,0.0418339338044357,2020-06-01
12830,28139,0.0541549208467064,2020-06-01
12831,121077,0.0418339338044357,2020-06-01
12832,121718,0.0545045964349004,2020-06-01
12833,157855,0.0418339338044357,2020-06-01
12834,171007,0.0418339338044357,2020-06-01
12835,176567,0.0425881639580404,2020-06-01
12836,180711,0.0673650023075145,2020-06-01
12837,183377,0.0738091267399797,2020-06-01
12838,2504,0.0471650704891372,2020-09-01
12839,5606,0.0424344963175021,2020-09-01
12840,6565,0.0527971271199532,2020-09-01
12841,7585,0.0410928753947731,2020-09-01
12842,11399,0.0445250357221936,2020-09-01
12843,11636,0.0471650704891372,2020-09-01
12844,14282,0.042294643704097,2020-09-01
12845,15855,0.0424344963175021,2020-09-01
12846,20779,0.0443969923261453,2020-09-01
12847,23071,0.0410928753947731,2020-09-01
12848,26156,0.0435902683312239,2020-09-01
12849,28195,0.042483756509898,2020-09-01
12850,117768,0.0416250550983315,2020-09-01
12851,121718,0.0443969923261453,2020-09-01
12852,134932,0.0549038537894223,2020-09-01
12853,150937,0.0445250357221936,2020-09-01
12854,157855,0.0410657337398283,2020-09-01
12855,175404,0.0412644778739527,2020-09-01
12856,180711,0.0431341831927744,2020-09-01
12857,183377,0.0409589446296197,2020-09-01
12858,1161,0.0408653505146503,2020-12-01
12859,1327,0.0408653505146503,2020-12-01
12860,1632,0.0408653505146503,2020-12-01
12861,1690,0.0408653505146503,2020-12-01
12862,1704,0.0408653505146503,2020-12-01
12863,1878,0.0453971587121486,2020-12-01
12864,3336,0.0408653505146503,2020-12-01
12865,3532,0.0408653505146503,2020-12-01
12866,5606,0.0408653505146503,2020-12-01
12867,6008,0.0408653505146503,2020-12-01
12868,6066,0.0408653505146503,2020-12-01
12869,6304,0.0408653505146503,2020-12-01
12870,6565,0.0408653505146503,2020-12-01
12871,7343,0.0408653505146503,2020-12-01
12872,7585,0.0408653505146503,2020-12-01
12873,10453,0.0408653505146503,2020-12-01
12874,10499,0.0408653505146503,2020-12-01
12875,11399,0.0408653505146503,2020-12-01
12876,11636,0.0408653505146503,2020-12-01
12877,12141,0.0408653505146503,2020-12-01
12878,12142,0.0408653505146503,2020-12-01
12879,12441,0.0408653505146503,2020-12-01
12880,12540,0.0408653505146503,2020-12-01
12881,13421,0.0408653505146503,2020-12-01
12882,13824,0.0408653505146503,2020-12-01
12883,14282,0.0408653505146503,2020-12-01
12884,18699,0.0408653505146503,2020-12-01
12885,20232,0.0408653505146503,2020-12-01
12886,20779,0.0408653505146503,2020-12-01
12887,22815,0.0408653505146503,2020-12-01
12888,23071,0.0453971587121486,2020-12-01
12889,23119,0.0408653505146503,2020-12-01
12890,24405,0.0408653505146503,2020-12-01
12891,24800,0.0408653505146503,2020-12-01
12892,24975,0.0408653505146503,2020-12-01
12893,26156,0.0408653505146503,2020-12-01
12894,27928,0.0408653505146503,2020-12-01
12895,27965,0.0408653505146503,2020-12-01
12896,28139,0.0408653505146503,2020-12-01
12897,28195,0.0408653505146503,2020-12-01
12898,29241,0.0408653505146503,2020-12-01
12899,32530,0.0408653505146503,2020-12-01
12900,34955,0.0408653505146503,2020-12-01
12901,35182,0.0408653505146503,2020-12-01
12902,36203,0.0408653505146503,2020-12-01
12903,61591,0.0408653505146503,2020-12-01
12904,64356,0.0408653505146503,2020-12-01
12905,64853,0.0408653505146503,2020-12-01
12906,66368,0.0446725264191627,2020-12-01
12907,111864,0.0408653505146503,2020-12-01
12908,117768,0.0408653505146503,2020-12-01
12909,121077,0.0408653505146503,2020-12-01
12910,121718,0.0408653505146503,2020-12-01
12911,125595,0.0408653505146503,2020-12-01
12912,134932,0.0408653505146503,2020-12-01
12913,143357,0.0408653505146503,2020-12-01
12914,150937,0.0408653505146503,2020-12-01
12915,160888,0.0408653505146503,2020-12-01
12916,171007,0.0408653505146503,2020-12-01
12917,171067,0.0408653505146503,2020-12-01
12918,176567,0.0408653505146503,2020-12-01
12919,178310,0.0408653505146503,2020-12-01
12920,183377,0.0408653505146503,2020-12-01
12921,184725,0.0408653505146503,2020-12-01
12922,187450,0.0408653505146503,2020-12-01
12923,187697,0.0408653505146503,2020-12-01
12924,2504,0.0411013823376526,2021-03-01
12925,3336,0.0458046408561898,2021-03-01
12926,5606,0.0391675255954447,2021-03-01
12927,7585,0.0382375460940376,2021-03-01
12928,10789,0.040024945207972,2021-03-01
12929,11399,0.0403227485428709,2021-03-01
12930,11636,0.0385423521172739,2021-03-01
12931,12441,0.0382375460940376,2021-03-01
12932,13824,0.0382375460940376,2021-03-01
12933,14282,0.0523585876694035,2021-03-01
12934,22815,0.0382375460940376,2021-03-01
12935,23071,0.0499029788236181,2021-03-01
12936,24405,0.0404597438832829,2021-03-01
12937,24925,0.0404597438832829,2021-03-01
12938,27965,0.0382375460940376,2021-03-01
12939,29241,0.0443822998873323,2021-03-01
12940,36203,0.0499029788236181,2021-03-01
12941,121718,0.042383457581647,2021-03-01
12942,126721,0.0404597438832829,2021-03-01
12943,176567,0.0451037851259921,2021-03-01
12944,178310,0.0413683574075021,2021-03-01
12945,180711,0.0404597438832829,2021-03-01
12946,1878,0.0644656122268309,2021-06-01
12947,2504,0.0646800639232036,2021-06-01
12948,6066,0.0388780634465852,2021-06-01
12949,7585,0.0388847141737499,2021-06-01
12950,12142,0.0643868664118657,2021-06-01
12951,12441,0.0388780634465852,2021-06-01
12952,13824,0.0644656122268309,2021-06-01
12953,15855,0.0395176385771647,2021-06-01
12954,22815,0.0388780634465852,2021-06-01
12955,23071,0.0646800639232036,2021-06-01
12956,24405,0.0401035030294292,2021-06-01
12957,24925,0.0401035030294292,2021-06-01
12958,27965,0.0388780634465852,2021-06-01
12959,28385,0.0389052159082831,2021-06-01
12960,29241,0.0423058743540906,2021-06-01
12961,36203,0.0666397133635315,2021-06-01
12962,36910,0.0400673592290276,2021-06-01
12963,117768,0.0398651983435886,2021-06-01
12964,150937,0.0644656122268309,2021-06-01
12965,157855,0.0500522228094167,2021-06-01
12966,180711,0.0499734769944516,2021-06-01
12967,1161,0.0420357640484418,2021-09-01
12968,12142,0.0398016996823411,2021-09-01
12969,13421,0.0412097066178663,2021-09-01
12970,20232,0.0405663729532069,2021-09-01
12971,20748,0.0443867907730712,2021-09-01
12972,27928,0.0391251797117413,2021-09-01
12973,28385,0.0431773905786035,2021-09-01
12974,29241,0.039007010064313,2021-09-01
12975,36203,0.0419162566450452,2021-09-01
12976,36910,0.0416877581039349,2021-09-01
12977,61591,0.0397348308920733,2021-09-01
12978,64356,0.039844884866108,2021-09-01
12979,64853,0.0410320256341379,2021-09-01
12980,117768,0.0439878476320005,2021-09-01
12981,125595,0.039971647031682,2021-09-01
12982,134932,0.039781156003011,2021-09-01
12983,175404,0.0405838951187422,2021-09-01
12984,175955,0.0390165345435139,2021-09-01
12985,183377,0.0394513661856728,2021-09-01
12986,187450,0.0423636114390787,2021-09-01
12987,187697,0.0393519954883523,2021-09-01
12988,1690,0.0651866021423138,2021-12-01
12989,1878,0.0437872341981878,2021-12-01
12990,2504,0.0693795747304756,2021-12-01
12991,6304,0.0530672564991774,2021-12-01
12992,7585,0.0436110391092977,2021-12-01
12993,10499,0.0530672564991774,2021-12-01
12994,11636,0.0569029168256526,2021-12-01
12995,12141,0.0437872341981878,2021-12-01
12996,13421,0.0438563643985269,2021-12-01
12997,20232,0.0432338207982003,2021-12-01
12998,23119,0.0474497150401729,2021-12-01
12999,24975,0.0432338207982003,2021-12-01
13000,27928,0.0437872341981878,2021-12-01
13001,27965,0.0458588969003646,2021-12-01
13002,28385,0.0528978769038289,2021-12-01
13003,35182,0.0458022962304083,2021-12-01
13004,143357,0.0457243648686505,2021-12-01
13005,150937,0.0656781774422495,2021-12-01
13006,160888,0.0458022962304083,2021-12-01
13007,171007,0.0458022962304083,2021-12-01
13008,184725,0.0458022962304083,2021-12-01
13009,187450,0.0474497150401729,2021-12-01
13010,1690,0.048896617425517,2022-03-01
13011,1878,0.0464340165144272,2022-03-01
13012,2504,0.0534881118397019,2022-03-01
13013,6304,0.0473258427763933,2022-03-01
13014,10499,0.0444904452312775,2022-03-01
13015,11636,0.0429741370532648,2022-03-01
13016,12141,0.0470271174375786,2022-03-01
13017,12142,0.0480759676415118,2022-03-01
13018,12441,0.0501629937038834,2022-03-01
13019,20232,0.0503401605514454,2022-03-01
13020,22815,0.043150629351767,2022-03-01
13021,23119,0.0499668780099167,2022-03-01
13022,24975,0.0499024283667116,2022-03-01
13023,27965,0.0435530415595229,2022-03-01
13024,35182,0.050980793836156,2022-03-01
13025,39935,0.0461027681928753,2022-03-01
13026,143357,0.0455274403012113,2022-03-01
13027,150937,0.0473478749914246,2022-03-01
13028,160888,0.0508572505051477,2022-03-01
13029,171007,0.0469459484080175,2022-03-01
13030,187450,0.050980793836156,2022-03-01
13031,1327,0.0466631509054506,2022-06-01
13032,1690,0.0488878709129817,2022-06-01
13033,2504,0.0818634088661565,2022-06-01
13034,3336,0.0472272648805306,2022-06-01
13035,3532,0.0421663658557139,2022-06-01
13036,6066,0.0414000250179724,2022-06-01
13037,6304,0.0432483559803169,2022-06-01
13038,6565,0.0409853268856885,2022-06-01
13039,11399,0.0573382492218651,2022-06-01
13040,11636,0.0411150633590888,2022-06-01
13041,12142,0.0506994691582113,2022-06-01
13042,22815,0.0417438624967131,2022-06-01
13043,23119,0.0483030557441705,2022-06-01
13044,24975,0.0483030557441705,2022-06-01
13045,27965,0.0414000250179724,2022-06-01
13046,34955,0.0411652266764587,2022-06-01
13047,35182,0.0411652266764587,2022-06-01
13048,39935,0.0411594696951176,2022-06-01
13049,121718,0.0423751035964038,2022-06-01
13050,143357,0.052565322494268,2022-06-01
13051,178310,0.0418411163064694,2022-06-01
13052,1690,0.0703303423958734,2022-09-01
13053,1878,0.0574312108109385,2022-09-01
13054,2504,0.0703303423958734,2022-09-01
13055,3336,0.0507476443359312,2022-09-01
13056,6304,0.0703303423958734,2022-09-01
13057,7585,0.0527291668871281,2022-09-01
13058,12141,0.0574545259883956,2022-09-01
13059,12441,0.0498595788911486,2022-09-01
13060,12540,0.0528987583031046,2022-09-01
13061,13421,0.0527110519593613,2022-09-01
13062,23119,0.0545007275605122,2022-09-01
13063,24800,0.0496933203331681,2022-09-01
13064,24975,0.0562047580943121,2022-09-01
13065,35182,0.050654298566448,2022-09-01
13066,36203,0.0703303423958734,2022-09-01
13067,39391,0.0558192489712142,2022-09-01
13068,39935,0.0481196095671519,2022-09-01
13069,143357,0.0541179175702772,2022-09-01
13070,160888,0.0528987583031046,2022-09-01
13071,171007,0.0508536111178123,2022-09-01
13072,187450,0.052393105606624,2022-09-01
13073,7343,0.0485272294251571,2022-12-01
13074,10453,0.0447300647936524,2022-12-01
13075,10499,0.0440211804538192,2022-12-01
13076,20232,0.0456211427536761,2022-12-01
13077,20748,0.0515375113514993,2022-12-01
13078,28385,0.0434643024815075,2022-12-01
13079,29241,0.0466104080173487,2022-12-01
13080,34955,0.0418780301339846,2022-12-01
13081,36910,0.0489501648980538,2022-12-01
13082,37596,0.0454584244984639,2022-12-01
13083,39391,0.0428170129271895,2022-12-01
13084,63080,0.0417136938855923,2022-12-01
13085,64853,0.0451121038703727,2022-12-01
13086,117768,0.0537739961953841,2022-12-01
13087,125595,0.0429798924720407,2022-12-01
13088,134932,0.0446254553653244,2022-12-01
13089,160888,0.0451283797084939,2022-12-01
13090,175404,0.0429412172598005,2022-12-01
13091,175955,0.0449838109889555,2022-12-01
13092,176567,0.0457995365544115,2022-12-01
13093,187697,0.0446832395060888,2022-12-01
13094,1161,0.0335839849831266,2023-03-01
13095,7343,0.0385344333447753,2023-03-01
13096,10453,0.0339379776980989,2023-03-01
13097,11399,0.0323533323670941,2023-03-01
13098,20232,0.035496239609658,2023-03-01
13099,20748,0.0367484744372638,2023-03-01
13100,28385,0.0423426028556326,2023-03-01
13101,29241,0.0424601348194259,2023-03-01
13102,34955,0.0342440056632981,2023-03-01
13103,36910,0.044319688385472,2023-03-01
13104,37596,0.0403197042597022,2023-03-01
13105,39391,0.0393721374142631,2023-03-01
13106,39935,0.0368058359373419,2023-03-01
13107,64356,0.032234020377009,2023-03-01
13108,64853,0.0354253044895365,2023-03-01
13109,117768,0.0434515998554966,2023-03-01
13110,134932,0.0326958059030984,2023-03-01
13111,175404,0.0359448862946147,2023-03-01
13112,175955,0.0348413094313874,2023-03-01
13113,176567,0.0402277359643714,2023-03-01
13114,187697,0.0345844676174473,2023-03-01
13115,3336,0.0352227922794777,2023-06-01
13116,7343,0.0353282783824422,2023-06-01
13117,10453,0.0408376593246927,2023-06-01
13118,14282,0.042931488233017,2023-06-01
13119,20232,0.0385709618821025,2023-06-01
13120,20748,0.0410384880281004,2023-06-01
13121,26156,0.0365644370020966,2023-06-01
13122,28385,0.049195710274874,2023-06-01
13123,29241,0.049839042039693,2023-06-01
13124,34955,0.0438400743307826,2023-06-01
13125,36910,0.0448400906212469,2023-06-01
13126,37596,0.0378516809055052,2023-06-01
13127,39391,0.043161032650565,2023-06-01
13128,111864,0.0394504704481243,2023-06-01
13129,117768,0.0434047971620698,2023-06-01
13130,121718,0.0387635841880086,2023-06-01
13131,125595,0.0376587862300902,2023-06-01
13132,134932,0.0384236978793032,2023-06-01
13133,176567,0.0400007331681058,2023-06-01
13134,187450,0.0390217604229354,2023-06-01
13135,187697,0.0375137469901844,2023-06-01
13136,1327,0.0327781423811413,2023-09-01
13137,1690,0.0335310464511929,2023-09-01
13138,11399,0.0320018740506913,2023-09-01
13139,18699,0.0356872427680028,2023-09-01
13140,20232,0.0324685907777819,2023-09-01
13141,22815,0.0337247987686761,2023-09-01
13142,23071,0.0383398330464555,2023-09-01
13143,24975,0.0315661437444338,2023-09-01
13144,32530,0.0324277419976998,2023-09-01
13145,34955,0.033026449837342,2023-09-01
13146,35182,0.0329597342037867,2023-09-01
13147,36203,0.0324450564381969,2023-09-01
13148,39391,0.0340601159153662,2023-09-01
13149,64853,0.0352445779861377,2023-09-01
13150,121718,0.0373599833259741,2023-09-01
13151,125595,0.0317824322126528,2023-09-01
13152,134932,0.0315896622547624,2023-09-01
13153,150937,0.0331382649826442,2023-09-01
13154,176567,0.031842242162145,2023-09-01
13155,184725,0.0369014278519419,2023-09-01
13156,187450,0.0328716793227667,2023-09-01
13157,3336,0.0349602788880257,2023-12-01
13158,3532,0.0283875977146056,2023-12-01
13159,6008,0.0310215806139227,2023-12-01
13160,7343,0.0368093189175862,2023-12-01
13161,10453,0.0331840919642354,2023-12-01
13162,14282,0.0309567660992598,2023-12-01
13163,15855,0.0292320912879742,2023-12-01
13164,20748,0.033892559022675,2023-12-01
13165,29241,0.043311210273742,2023-12-01
13166,32530,0.032858088127132,2023-12-01
13167,34955,0.0396200379437919,2023-12-01
13168,36910,0.0414316142581199,2023-12-01
13169,39391,0.0505716803207623,2023-12-01
13170,64853,0.0354960858565043,2023-12-01
13171,117768,0.0330240130222237,2023-12-01
13172,121718,0.035056548299445,2023-12-01
13173,125595,0.029388430524584,2023-12-01
13174,175955,0.0295806601814023,2023-12-01
13175,176567,0.0367009385768792,2023-12-01
13176,187450,0.0324000852165486,2023-12-01
13177,187697,0.0333518201578145,2023-12-01
13178,1327,0.0304146481438698,2024-03-01
13179,1704,0.0286459579638777,2024-03-01
13180,10499,0.029692968246937,2024-03-01
13181,14282,0.0293148008146156,2024-03-01
13182,20232,0.0301904825787527,2024-03-01
13183,20748,0.0324429654176508,2024-03-01
13184,23119,0.0338813568814354,2024-03-01
13185,24800,0.0292133715397356,2024-03-01
13186,28139,0.0297315902589241,2024-03-01
13187,29241,0.0303258750715658,2024-03-01
13188,34955,0.0317654507941667,2024-03-01
13189,36910,0.037184553300157,2024-03-01
13190,64356,0.0307739345492901,2024-03-01
13191,64853,0.0278188558529809,2024-03-01
13192,117768,0.0338668845745208,2024-03-01
13193,125595,0.0296912139293944,2024-03-01
13194,134932,0.0293662844151859,2024-03-01
13195,160888,0.028742647789785,2024-03-01
13196,175955,0.0330205023623922,2024-03-01
13197,187450,0.0346246458813265,2024-03-01
13198,187697,0.0334601384487157,2024-03-01
13199,1161,0.0344974808007596,2024-06-03
13200,1704,0.0358037498878881,2024-06-03
13201,14282,0.0343770143845151,2024-06-03
13202,20748,0.037651090432927,2024-06-03
13203,28385,0.036123918266964,2024-06-03
13204,29241,0.0423002909580081,2024-06-03
13205,32530,0.0341755221351895,2024-06-03
13206,34955,0.0373783586346541,2024-06-03
13207,36910,0.0363371961289318,2024-06-03
13208,37596,0.0372366652922295,2024-06-03
13209,39391,0.0390998844029203,2024-06-03
13210,39935,0.0338687322803369,2024-06-03
13211,64356,0.0364558353211059,2024-06-03
13212,111864,0.0353351757261438,2024-06-03
13213,117768,0.0368247117605636,2024-06-03
13214,125595,0.0410266653592108,2024-06-03
13215,134932,0.0394604110266966,2024-06-03
13216,175955,0.0405877736597518,2024-06-03
13217,176567,0.0347708108543101,2024-06-03
13218,187450,0.0417167652582516,2024-06-03
13219,187697,0.0389293427529518,2024-06-03
13220,1327,0.032779182430098,2024-09-03
13221,6008,0.033154065562956,2024-09-03
13222,10499,0.0346608729476684,2024-09-03
13223,14282,0.0360761376174546,2024-09-03
13224,20232,0.0299194748714283,2024-09-03
13225,20748,0.0379380426200845,2024-09-03
13226,32530,0.0406067859187429,2024-09-03
13227,34955,0.0362698382071343,2024-09-03
13228,35182,0.0312376549604759,2024-09-03
13229,37596,0.0295116160195399,2024-09-03
13230,39391,0.0300352965898048,2024-09-03
13231,64853,0.0310256103402141,2024-09-03
13232,117768,0.0365216751504772,2024-09-03
13233,121718,0.0297423747267283,2024-09-03
13234,134932,0.0358365841067422,2024-09-03
13235,160888,0.0317325345109674,2024-09-03
13236,175404,0.0314168051799931,2024-09-03
13237,175955,0.0425156778909276,2024-09-03
13238,176567,0.0356142170545155,2024-09-03
13239,187450,0.040024648486127,2024-09-03
13240,187697,0.0376129242911606,2024-09-03
13241,10453,0.0364810531075488,2024-12-02
13242,10499,0.0370260100032188,2024-12-02
13243,13421,0.0364364405208169,2024-12-02
13244,14282,0.0345133688718143,2024-12-02
13245,20232,0.0291060825051967,2024-12-02
13246,20748,0.0360365341359108,2024-12-02
13247,20779,0.0294542972218381,2024-12-02
13248,27965,0.0341071302342052,2024-12-02
13249,29241,0.0435851750846331,2024-12-02
13250,32530,0.0377099520219092,2024-12-02
13251,36203,0.0287035361452996,2024-12-02
13252,36910,0.0286845161489545,2024-12-02
13253,39391,0.0342405773242886,2024-12-02
13254,39935,0.0286822409201093,2024-12-02
13255,64853,0.0309688554499509,2024-12-02
13256,117768,0.0345388085073153,2024-12-02
13257,125595,0.0287756742002615,2024-12-02
13258,134932,0.0315276166502781,2024-12-02
13259,175955,0.0313339271113337,2024-12-02
13260,187450,0.0308814174727552,2024-12-02
13261,187697,0.0304855996448694,2024-12-02
13262,2136,0.0567450262606143,2001-06-01
13263,6136,0.1274508237838745,2001-06-01
13264,14535,0.0607276074588298,2001-06-01
13265,64630,0.0765691548585891,2001-06-01
13266,2136,0.0694424536291827,2001-09-04
13267,6136,0.0711758690184794,2001-09-04
13268,9899,0.0626480697159178,2001-09-04
13269,26061,0.0901130426029732,2001-09-04
13270,3226,0.0645052389133631,2001-12-03
13271,6136,0.094177448863147,2001-12-03
13272,26061,0.0920673395507794,2001-12-03
13273,64630,0.0728700955464979,2001-12-03
13274,3226,0.0770918155577494,2002-03-01
13275,4988,0.0899325669486784,2002-03-01
13276,26061,0.0828334851200394,2002-03-01
13277,64630,0.0791551866409242,2002-03-01
13278,2136,0.0706685956427741,2002-06-03
13279,3226,0.0603543844317736,2002-06-03
13280,64630,0.0665368505987064,2002-06-03
13281,147579,0.1000447620086138,2002-06-03
13282,2136,0.0597494740620243,2002-09-03
13283,3226,0.0599243523805542,2002-09-03
13284,4066,0.0742477738518987,2002-09-03
13285,26061,0.0918725480920631,2002-09-03
13286,2136,0.0680730134506561,2002-12-02
13287,9899,0.0739815832368847,2002-12-02
13288,26061,0.0690183314696208,2002-12-02
13289,147579,0.0654928327006809,2002-12-02
13290,2136,0.0418783612549304,2003-03-03
13291,4066,0.0418783612549304,2003-03-03
13292,9899,0.0418783612549304,2003-03-03
13293,64630,0.0721690133213996,2003-03-03
13294,147579,0.0532185919582843,2003-03-03
13295,4066,0.0422329576419454,2003-06-02
13296,9899,0.0863603990424589,2003-06-02
13297,64630,0.0667737744543314,2003-06-02
13298,147579,0.076101908356401,2003-06-02
13299,2884,0.0419394824712774,2003-09-02
13300,4988,0.0416318569043148,2003-09-02
13301,6136,0.0455158582926099,2003-09-02
13302,9899,0.0655626432183863,2003-09-02
13303,2136,0.0553222868335333,2003-12-01
13304,2884,0.0564159491933596,2003-12-01
13305,6136,0.0683706312861406,2003-12-01
13306,9899,0.0743502698907991,2003-12-01
13307,2136,0.0325955725968762,2004-03-01
13308,2884,0.0595166584559156,2004-03-01
13309,6136,0.0309631420294768,2004-03-01
13310,9899,0.0498351425404481,2004-03-01
13311,9899,0.0404031760990619,2004-06-01
13312,16721,0.0359415486454963,2004-06-01
13313,26061,0.0545381419360637,2004-06-01
13314,147579,0.0404446795582771,2004-06-01
13315,2136,0.0360290821884783,2004-09-01
13316,9899,0.0530342206264027,2004-09-01
13317,14535,0.0365915452211351,2004-09-01
13318,160329,0.0530342206264027,2004-09-01
13319,4066,0.0375615656375885,2004-12-01
13320,9899,0.0388150364160537,2004-12-01
13321,147579,0.053157839924097,2004-12-01
13322,160329,0.0366280786693096,2004-12-01
13323,3980,0.0338933883918082,2005-03-01
13324,26061,0.0364775721446382,2005-03-01
13325,147579,0.0450760985710129,2005-03-01
13326,160329,0.0809387203611164,2005-03-01
13327,2136,0.0281422324286765,2005-06-01
13328,3980,0.0280029735733988,2005-06-01
13329,147579,0.0291446928158171,2005-06-01
13330,160329,0.0275025567921724,2005-06-01
13331,2884,0.03524867260069,2005-09-01
13332,26061,0.0602791824018261,2005-09-01
13333,147579,0.0528859970530103,2005-09-01
13334,164296,0.0478443697840182,2005-09-01
13335,3226,0.0325457230210304,2005-12-01
13336,6136,0.0576824098825454,2005-12-01
13337,147579,0.0557021610438823,2005-12-01
13338,160329,0.031852301210165,2005-12-01
13339,2136,0.0247187577188015,2006-03-01
13340,2884,0.0247187577188015,2006-03-01
13341,3980,0.0247187577188015,2006-03-01
13342,4988,0.0247187577188015,2006-03-01
13343,7866,0.0247187577188015,2006-03-01
13344,16721,0.0355468578636646,2006-03-01
13345,26061,0.0247187577188015,2006-03-01
13346,147579,0.0443824715912342,2006-03-01
13347,160329,0.036102894693613,2006-03-01
13348,6136,0.0294042881578207,2006-06-01
13349,16721,0.0372120141983032,2006-06-01
13350,26061,0.0300429053604602,2006-06-01
13351,147579,0.0747065842151641,2006-06-01
13352,160329,0.0343789532780647,2006-06-01
13353,4988,0.0245723761618137,2006-09-01
13354,6136,0.0664372518658638,2006-09-01
13355,9899,0.024970656260848,2006-09-01
13356,14535,0.0245723761618137,2006-09-01
13357,147579,0.056747980415821,2006-09-01
13358,160329,0.0347233861684799,2006-09-01
13359,2136,0.0222146827727556,2006-12-01
13360,2884,0.0222146827727556,2006-12-01
13361,3226,0.0222146827727556,2006-12-01
13362,4988,0.0222146827727556,2006-12-01
13363,7866,0.0222146827727556,2006-12-01
13364,9899,0.0222146827727556,2006-12-01
13365,16721,0.0244120117276906,2006-12-01
13366,147579,0.0723904967308044,2006-12-01
13367,160329,0.0429239682853221,2006-12-01
13368,14535,0.0325808253323447,2007-03-01
13369,26061,0.0245193741211165,2007-03-01
13370,64630,0.0309945872771288,2007-03-01
13371,147579,0.06732767196096,2007-03-01
13372,160329,0.030945470617933,2007-03-01
13373,6136,0.0243760563998154,2007-06-01
13374,14535,0.035718699499875,2007-06-01
13375,147579,0.058625989979419,2007-06-01
13376,160329,0.0315168459443413,2007-06-01
13377,164296,0.0342594771679876,2007-06-01
13378,2136,0.0313362085259287,2007-09-04
13379,4988,0.0236497481685361,2007-09-04
13380,6136,0.0289061157295091,2007-09-04
13381,147579,0.0708622469552719,2007-09-04
13382,160329,0.0259145610200832,2007-09-04
13383,2884,0.032457276918733,2007-12-03
13384,4988,0.038689417847439,2007-12-03
13385,6136,0.0450244819030668,2007-12-03
13386,147579,0.069216469945892,2007-12-03
13387,160329,0.0303473092213855,2007-12-03
13388,3226,0.0390917809228608,2008-03-03
13389,6136,0.0832359315640791,2008-03-03
13390,147579,0.0559880397105398,2008-03-03
13391,160329,0.0579036135320135,2008-03-03
13392,165746,0.0377190286173148,2008-03-03
13393,6136,0.0661323135765224,2008-06-02
13394,26061,0.0444536950020676,2008-06-02
13395,160329,0.0584677480728382,2008-06-02
13396,164296,0.0526945860723421,2008-06-02
13397,165746,0.043024729006786,2008-06-02
13398,6136,0.059257091956452,2008-09-02
13399,14535,0.0505084746418188,2008-09-02
13400,26061,0.049288342179489,2008-09-02
13401,160329,0.0686795943480052,2008-09-02
13402,164296,0.0591993519405167,2008-09-02
13403,4988,0.1197891735614773,2008-12-01
13404,7866,0.1005254020756224,2008-12-01
13405,14535,0.1128927640642155,2008-12-01
13406,160329,0.1031646719159184,2008-12-01
13407,165746,0.1117179940996481,2008-12-01
13408,6136,0.0294249299913644,2009-03-02
13409,7866,0.0220277402549982,2009-03-02
13410,16721,0.019749604165554,2009-03-02
13411,26061,0.0331177562475204,2009-03-02
13412,165746,0.0201830938458442,2009-03-02
13413,6136,0.0594838786146617,2009-06-01
13414,7866,0.055006616245151,2009-06-01
13415,14535,0.0624115556117119,2009-06-01
13416,26061,0.058171506790914,2009-06-01
13417,165746,0.0540132544340997,2009-06-01
13418,4988,0.1034841023910238,2009-09-01
13419,6136,0.0905796548985676,2009-09-01
13420,7866,0.1089049354676344,2009-09-01
13421,14535,0.0886985561514907,2009-09-01
13422,165746,0.0836504479011043,2009-09-01
13423,4988,0.0120470202876967,2009-12-01
13424,6136,0.0136637159009972,2009-12-01
13425,7866,0.0069211719140906,2009-12-01
13426,14535,0.0154817153642501,2009-12-01
13427,165746,0.008272410236282,2009-12-01
13428,2136,-0.0157810996158704,2010-03-01
13429,2884,-0.0157810996158704,2010-03-01
13430,3226,-0.0157810996158704,2010-03-01
13431,3980,-0.0157810996158704,2010-03-01
13432,4066,-0.0157810996158704,2010-03-01
13433,4988,-0.0157810996158704,2010-03-01
13434,6136,-0.0157810996158704,2010-03-01
13435,7866,-0.0157810996158704,2010-03-01
13436,9899,-0.0157810996158704,2010-03-01
13437,14535,-0.0157810996158704,2010-03-01
13438,16721,-0.0157810996158704,2010-03-01
13439,26061,-0.0157810996158704,2010-03-01
13440,64630,-0.0157810996158704,2010-03-01
13441,147579,-0.0157810996158704,2010-03-01
13442,160329,-0.0157810996158704,2010-03-01
13443,164296,-0.0157810996158704,2010-03-01
13444,165746,-0.0157810996158704,2010-03-01
13445,4988,0.0303119035927191,2010-06-01
13446,6136,0.0436660749550706,2010-06-01
13447,7866,0.0343737208446494,2010-06-01
13448,14535,0.0375578685825633,2010-06-01
13449,26061,0.0142542963438132,2010-06-01
13450,4988,0.0563607464575194,2011-03-01
13451,6136,0.0693694414230239,2011-03-01
13452,14535,0.0466370271511707,2011-03-01
13453,64630,0.0414233336589124,2011-03-01
13454,165746,0.0405756466598165,2011-03-01
13455,4988,0.0450541414365171,2011-06-01
13456,6136,0.053406082438046,2011-06-01
13457,7866,0.060329637595487,2011-06-01
13458,14535,0.0492755172480134,2011-06-01
13459,165746,0.0297024630068699,2011-06-01
13460,4988,0.0482887644048971,2011-09-01
13461,6136,0.0639945319760218,2011-09-01
13462,7866,0.0629873861072796,2011-09-01
13463,14535,0.0481440711241114,2011-09-01
13464,64630,0.0220505156270307,2011-09-01
13465,2136,0.0223345749488821,2011-12-01
13466,3226,0.0316808523883073,2011-12-01
13467,14535,0.0414302245929054,2011-12-01
13468,16721,0.022398322724521,2011-12-01
13469,64630,0.0280795048572749,2011-12-01
13470,2884,0.0352050590936739,2012-03-01
13471,4988,0.0587861525580822,2012-03-01
13472,6136,0.0592441472247297,2012-03-01
13473,7866,0.0798056861498032,2012-03-01
13474,199356,0.0798056861498032,2012-03-01
13475,2884,0.0345575599182374,2012-06-01
13476,7866,0.0489772773714528,2012-06-01
13477,16721,0.0266381966981148,2012-06-01
13478,170617,0.0489772773714528,2012-06-01
13479,199356,0.0489772773714528,2012-06-01
13480,4066,0.0229472785284166,2012-09-04
13481,7866,0.0794183950707083,2012-09-04
13482,9899,0.0103914465633918,2012-09-04
13483,64630,0.0190216316522747,2012-09-04
13484,199356,0.0155267697269921,2012-09-04
13485,6136,0.0533140748064141,2012-12-03
13486,7866,0.0730702193832042,2012-12-03
13487,14535,0.0389227610481114,2012-12-03
13488,64630,0.0485831302291758,2012-12-03
13489,165746,0.0381688775393201,2012-12-03
13490,6136,0.0456597035354656,2013-03-01
13491,7866,0.0465474852482758,2013-03-01
13492,14535,0.0345758689137908,2013-03-01
13493,64630,0.0434285252406357,2013-03-01
13494,165746,0.0406167190783542,2013-03-01
13495,4988,0.0158372833880151,2013-06-03
13496,6136,0.0209529841384129,2013-06-03
13497,7866,0.0311289939502995,2013-06-03
13498,14535,0.0226542054463659,2013-06-03
13499,165746,0.0234451083492942,2013-06-03
13500,6136,0.0252491208618348,2013-09-03
13501,7866,0.0286491589740781,2013-09-03
13502,14535,0.0194136310622649,2013-09-03
13503,18043,0.0169311652578687,2013-09-03
13504,64630,0.019198962363279,2013-09-03
13505,199356,0.0195264430261038,2013-09-03
13506,6136,0.0256644241507714,2013-12-02
13507,7866,0.0395945648709749,2013-12-02
13508,14535,0.0159989363753484,2013-12-02
13509,64630,0.0254677631047408,2013-12-02
13510,170617,0.0187550353879011,2013-12-02
13511,199356,0.025070732735284,2013-12-02
13512,4066,0.0328155414150714,2014-03-03
13513,6136,0.0726057530858755,2014-03-03
13514,7866,0.0265348487394369,2014-03-03
13515,147579,0.0231518907135315,2014-03-03
13516,170617,0.0312663828550673,2014-03-03
13517,199356,0.0293938921659292,2014-03-03
13518,4988,0.0290599957870341,2014-06-02
13519,6136,0.046805801866461,2014-06-02
13520,7866,0.0456136618243784,2014-06-02
13521,64630,0.0279546260447183,2014-06-02
13522,165746,0.027590863372385,2014-06-02
13523,199356,0.0340867597601917,2014-06-02
13524,2136,0.0555642236059277,2014-09-02
13525,4066,0.0398766508310942,2014-09-02
13526,6136,0.0919066014458858,2014-09-02
13527,7866,0.0387551800072908,2014-09-02
13528,18043,0.0410904794206556,2014-09-02
13529,199356,0.0374353764861077,2014-09-02
13530,2136,0.0872299537911999,2014-12-01
13531,4066,0.0539467961595135,2014-12-01
13532,6136,0.1094670587130984,2014-12-01
13533,7866,0.0572285170920859,2014-12-01
13534,160329,0.0474354127391621,2014-12-01
13535,199356,0.0495018636352622,2014-12-01
13536,2884,0.0319833867251873,2015-03-02
13537,3226,0.0319833867251873,2015-03-02
13538,3980,0.0319833867251873,2015-03-02
13539,4988,0.0319833867251873,2015-03-02
13540,6136,0.0324109941720962,2015-03-02
13541,7866,0.0397740304470062,2015-03-02
13542,9899,0.0319833867251873,2015-03-02
13543,14535,0.0319833867251873,2015-03-02
13544,16721,0.0319833867251873,2015-03-02
13545,17874,0.0319833867251873,2015-03-02
13546,18043,0.0319833867251873,2015-03-02
13547,26061,0.0319833867251873,2015-03-02
13548,64630,0.0319833867251873,2015-03-02
13549,147579,0.0319833867251873,2015-03-02
13550,160329,0.0319833867251873,2015-03-02
13551,164296,0.0319833867251873,2015-03-02
13552,165746,0.0319833867251873,2015-03-02
13553,170617,0.0319833867251873,2015-03-02
13554,199356,0.0319833867251873,2015-03-02
13555,2136,0.0477027840037296,2015-06-01
13556,3980,0.0460738661663514,2015-06-01
13557,4066,0.0477027840037296,2015-06-01
13558,6136,0.0477027840037296,2015-06-01
13559,7866,0.0480052727559203,2015-06-01
13560,165746,0.048061222185893,2015-06-01
13561,2136,0.0745489344047256,2015-09-01
13562,6136,0.1259876565553687,2015-09-01
13563,7866,0.0679737819232788,2015-09-01
13564,18043,0.0513742372102119,2015-09-01
13565,147579,0.08635880610535,2015-09-01
13566,199356,0.0565768697101784,2015-09-01
13567,2136,0.0791313996828891,2015-12-01
13568,4066,0.0433528658378214,2015-12-01
13569,6136,0.1133162545866019,2015-12-01
13570,7866,0.0707506313222505,2015-12-01
13571,147579,0.1014576526790003,2015-12-01
13572,165746,0.0353659962202636,2015-12-01
13573,2136,0.0794790889843515,2016-03-01
13574,6136,0.0922115063560963,2016-03-01
13575,7866,0.0562047686732332,2016-03-01
13576,16721,0.0433876473467661,2016-03-01
13577,26061,0.0410689199068635,2016-03-01
13578,147579,0.0536174772829452,2016-03-01
13579,2136,0.0334533080458641,2016-06-01
13580,3980,0.0334304831922054,2016-06-01
13581,4988,0.0334304831922054,2016-06-01
13582,6136,0.0334533080458641,2016-06-01
13583,7866,0.0394645594060421,2016-06-01
13584,14535,0.0334304831922054,2016-06-01
13585,16721,0.0334304831922054,2016-06-01
13586,17874,0.0334304831922054,2016-06-01
13587,18043,0.0369765162467956,2016-06-01
13588,64630,0.0334304831922054,2016-06-01
13589,147579,0.0394645594060421,2016-06-01
13590,160329,0.0334304831922054,2016-06-01
13591,164296,0.0334304831922054,2016-06-01
13592,170617,0.0334304831922054,2016-06-01
13593,199356,0.0334304831922054,2016-06-01
13594,2884,0.0320757701992988,2016-09-01
13595,3226,0.0320757701992988,2016-09-01
13596,3980,0.0320757701992988,2016-09-01
13597,4066,0.0320757701992988,2016-09-01
13598,4988,0.0326658636331558,2016-09-01
13599,7866,0.0326716341078281,2016-09-01
13600,9899,0.0320757701992988,2016-09-01
13601,14535,0.0320757701992988,2016-09-01
13602,16721,0.0320757701992988,2016-09-01
13603,17874,0.0320757701992988,2016-09-01
13604,18043,0.0320757701992988,2016-09-01
13605,26061,0.0320757701992988,2016-09-01
13606,64630,0.0320757701992988,2016-09-01
13607,147579,0.0348053313791751,2016-09-01
13608,160329,0.0320757701992988,2016-09-01
13609,164296,0.0320757701992988,2016-09-01
13610,165746,0.0320757701992988,2016-09-01
13611,170617,0.0320757701992988,2016-09-01
13612,199356,0.0320757701992988,2016-09-01
13613,2884,0.0357595570385456,2016-12-01
13614,3226,0.0357595570385456,2016-12-01
13615,3980,0.0357595570385456,2016-12-01
13616,4066,0.0357595570385456,2016-12-01
13617,4988,0.0357595570385456,2016-12-01
13618,6136,0.0440296791493892,2016-12-01
13619,9899,0.0357595570385456,2016-12-01
13620,14535,0.0357595570385456,2016-12-01
13621,16721,0.0357595570385456,2016-12-01
13622,17874,0.0357595570385456,2016-12-01
13623,18043,0.0357595570385456,2016-12-01
13624,26061,0.0357595570385456,2016-12-01
13625,64630,0.0357595570385456,2016-12-01
13626,147579,0.0357595570385456,2016-12-01
13627,160329,0.0357595570385456,2016-12-01
13628,164296,0.0357595570385456,2016-12-01
13629,165746,0.0357595570385456,2016-12-01
13630,199356,0.0357595570385456,2016-12-01
13631,6136,0.0574688694714549,2017-03-01
13632,7866,0.0334437672921371,2017-03-01
13633,14535,0.0333076309371025,2017-03-01
13634,26061,0.0320423632392664,2017-03-01
13635,147579,0.0656622315275799,2017-03-01
13636,160329,0.0408420755875554,2017-03-01
13637,6136,0.0600107057129115,2017-06-01
13638,7866,0.035130539458783,2017-06-01
13639,14535,0.0423097719793889,2017-06-01
13640,64630,0.0329674944360973,2017-06-01
13641,160329,0.0309811982284662,2017-06-01
13642,170617,0.0350584825677138,2017-06-01
13643,4988,0.0402924341005926,2017-09-01
13644,6136,0.0442087271527349,2017-09-01
13645,14535,0.0399729099932806,2017-09-01
13646,26061,0.0398149015855286,2017-09-01
13647,147579,0.0433069311499025,2017-09-01
13648,160329,0.0398838225108019,2017-09-01
13649,2884,0.0433573286381897,2017-12-01
13650,6136,0.0385323668906307,2017-12-01
13651,7866,0.0374263370971903,2017-12-01
13652,147579,0.0366699665803371,2017-12-01
13653,164296,0.0427964809222257,2017-12-01
13654,165746,0.0370582715459428,2017-12-01
13655,2136,0.0309441592544317,2018-03-01
13656,3226,0.0309441592544317,2018-03-01
13657,3980,0.0309441592544317,2018-03-01
13658,4066,0.0309441592544317,2018-03-01
13659,4988,0.0332399643957614,2018-03-01
13660,6136,0.035046350210905,2018-03-01
13661,7866,0.0335000194609165,2018-03-01
13662,9899,0.0309441592544317,2018-03-01
13663,14535,0.0309441592544317,2018-03-01
13664,16721,0.0309441592544317,2018-03-01
13665,17874,0.0309441592544317,2018-03-01
13666,18043,0.0309441592544317,2018-03-01
13667,26061,0.0309441592544317,2018-03-01
13668,64630,0.0309441592544317,2018-03-01
13669,160329,0.0309441592544317,2018-03-01
13670,164296,0.0309441592544317,2018-03-01
13671,165746,0.0335000194609165,2018-03-01
13672,170617,0.0340166166424751,2018-03-01
13673,199356,0.0309441592544317,2018-03-01
13674,4988,0.0426889418646777,2018-06-01
13675,6136,0.041617955674534,2018-06-01
13676,9899,0.0430888210636043,2018-06-01
13677,14535,0.0404200826432404,2018-06-01
13678,26061,0.044021221934114,2018-06-01
13679,165746,0.0811506228431934,2018-06-01
13680,4988,0.0671432265354318,2018-09-04
13681,6136,0.0737327012738092,2018-09-04
13682,7866,0.0383079382270706,2018-09-04
13683,147579,0.0661747725469382,2018-09-04
13684,160329,0.0381754206167372,2018-09-04
13685,165746,0.0691160013163013,2018-09-04
13686,6136,0.0394876362878569,2018-12-03
13687,7866,0.0373305289782964,2018-12-03
13688,14535,0.0352480001512254,2018-12-03
13689,26061,0.0493990821503286,2018-12-03
13690,64630,0.0564299037834063,2018-12-03
13691,165746,0.0492666308047715,2018-12-03
13692,4066,0.0396794236016734,2019-03-01
13693,4988,0.0412464037599023,2019-03-01
13694,6136,0.0654520402446856,2019-03-01
13695,7866,0.0380659523562763,2019-03-01
13696,147579,0.043253816612537,2019-03-01
13697,165746,0.0689653626796754,2019-03-01
13698,2884,0.0967070560383554,2019-06-03
13699,6136,0.0374982024775502,2019-06-03
13700,7866,0.0644923493527488,2019-06-03
13701,34636,0.0458216893888801,2019-06-03
13702,64630,0.044038069095411,2019-06-03
13703,147579,0.0535617079074673,2019-06-03
13704,2884,0.042168179299305,2019-09-03
13705,6136,0.0456585580984667,2019-09-03
13706,7866,0.035950523952549,2019-09-03
13707,16721,0.0389123043449171,2019-09-03
13708,147579,0.0378810325837218,2019-09-03
13709,165746,0.0434592312345206,2019-09-03
13710,6136,0.0510178043095121,2019-12-02
13711,7866,0.0569359066982199,2019-12-02
13712,14535,0.0524270899767182,2019-12-02
13713,34636,0.0559341991469744,2019-12-02
13714,147579,0.048315837671217,2019-12-02
13715,164296,0.0524813904722892,2019-12-02
13716,4066,0.0642537942809664,2020-03-02
13717,7866,0.0587235163881653,2020-03-02
13718,14535,0.0591353821404524,2020-03-02
13719,34636,0.0546740436979008,2020-03-02
13720,165746,0.061415200955474,2020-03-02
13721,199356,0.0573220432154681,2020-03-02
13722,2884,0.043257471155535,2020-06-01
13723,3226,0.0458029833848293,2020-06-01
13724,7866,0.050107656380017,2020-06-01
13725,9899,0.0429599516155433,2020-06-01
13726,14535,0.0443817375881853,2020-06-01
13727,34636,0.0506473838578921,2020-06-01
13728,2884,0.0485385600501677,2020-09-01
13729,4988,0.0459328819397098,2020-09-01
13730,26061,0.046685553444853,2020-09-01
13731,64630,0.0453894048854114,2020-09-01
13732,147579,0.0453894048854114,2020-09-01
13733,165746,0.0494073252778731,2020-09-01
13734,2884,0.0425499193370342,2020-12-01
13735,16721,0.0385174714028835,2020-12-01
13736,26061,0.039417341351509,2020-12-01
13737,36691,0.0457600802183151,2020-12-01
13738,64630,0.0391323082149028,2020-12-01
13739,147579,0.0391323082149028,2020-12-01
13740,2136,0.0323319658637046,2021-03-01
13741,2884,0.0337399132549762,2021-03-01
13742,3980,0.0344612188637256,2021-03-01
13743,14535,0.0323319658637046,2021-03-01
13744,17874,0.0348070822656154,2021-03-01
13745,26061,0.0348070822656154,2021-03-01
13746,34636,0.0323319658637046,2021-03-01
13747,164296,0.0323319658637046,2021-03-01
13748,199356,0.0323319658637046,2021-03-01
13749,2136,0.0309100169308154,2021-06-01
13750,2884,0.0309100169308154,2021-06-01
13751,3226,0.0309100169308154,2021-06-01
13752,3980,0.0309100169308154,2021-06-01
13753,4066,0.0309100169308154,2021-06-01
13754,4988,0.0309100169308154,2021-06-01
13755,6136,0.0309100169308154,2021-06-01
13756,7866,0.0309100169308154,2021-06-01
13757,9899,0.0309100169308154,2021-06-01
13758,14535,0.0309100169308154,2021-06-01
13759,16721,0.0309100169308154,2021-06-01
13760,17874,0.0309100169308154,2021-06-01
13761,18043,0.0309100169308154,2021-06-01
13762,26061,0.0309100169308154,2021-06-01
13763,34636,0.0309100169308154,2021-06-01
13764,36691,0.0309100169308154,2021-06-01
13765,64630,0.0309100169308154,2021-06-01
13766,147579,0.0309100169308154,2021-06-01
13767,160329,0.0309100169308154,2021-06-01
13768,164296,0.0309100169308154,2021-06-01
13769,165746,0.0309100169308154,2021-06-01
13770,170617,0.0309100169308154,2021-06-01
13771,199356,0.0309100169308154,2021-06-01
13772,2136,0.0354462422982021,2021-09-01
13773,2884,0.0354462422982021,2021-09-01
13774,3226,0.0354462422982021,2021-09-01
13775,3980,0.0354462422982021,2021-09-01
13776,4066,0.0354462422982021,2021-09-01
13777,4988,0.0354462422982021,2021-09-01
13778,6136,0.0354462422982021,2021-09-01
13779,7866,0.0354462422982021,2021-09-01
13780,9899,0.0354462422982021,2021-09-01
13781,14535,0.0354462422982021,2021-09-01
13782,16721,0.0354462422982021,2021-09-01
13783,17874,0.0354462422982021,2021-09-01
13784,18043,0.0354462422982021,2021-09-01
13785,26061,0.0354462422982021,2021-09-01
13786,34636,0.0354462422982021,2021-09-01
13787,36691,0.0354462422982021,2021-09-01
13788,64630,0.0354462422982021,2021-09-01
13789,147579,0.0354462422982021,2021-09-01
13790,160329,0.0354462422982021,2021-09-01
13791,164296,0.0354462422982021,2021-09-01
13792,165746,0.0354462422982021,2021-09-01
13793,170617,0.0354462422982021,2021-09-01
13794,199356,0.0354462422982021,2021-09-01
13795,3980,0.0426385925817164,2021-12-01
13796,64630,0.0450548174443894,2021-12-01
13797,147579,0.0439822871622963,2021-12-01
13798,160329,0.0434549191829544,2021-12-01
13799,165746,0.0421167620648059,2021-12-01
13800,199356,0.0433072373273817,2021-12-01
13801,3980,0.039715476334095,2022-03-01
13802,16721,0.0375135913491249,2022-03-01
13803,17874,0.0413708798587322,2022-03-01
13804,36691,0.0375135913491249,2022-03-01
13805,64630,0.0375135913491249,2022-03-01
13806,147579,0.0413708798587322,2022-03-01
13807,164296,0.0464741215109825,2022-03-01
13808,165746,0.0512912571430206,2022-03-01
13809,36691,0.0470950184380482,2022-06-01
13810,147579,0.0417491309052075,2022-06-01
13811,160329,0.0393971021590342,2022-06-01
13812,164296,0.0462065185857687,2022-06-01
13813,165746,0.0466112071114715,2022-06-01
13814,199356,0.0476255879284502,2022-06-01
13815,2884,0.0617727105944416,2022-09-01
13816,6136,0.0412268660924215,2022-09-01
13817,64630,0.0404264679766109,2022-09-01
13818,164296,0.0455135293449861,2022-09-01
13819,165746,0.042661999866445,2022-09-01
13820,199356,0.0399413022451879,2022-09-01
13821,2884,0.0660659848100202,2022-12-01
13822,18043,0.0389406235512322,2022-12-01
13823,36691,0.0367119466218333,2022-12-01
13824,164296,0.0381131744567447,2022-12-01
13825,165746,0.0410587820018087,2022-12-01
13826,199356,0.0342463742799241,2022-12-01
13827,2884,0.032840092978317,2023-03-01
13828,18043,0.0346531685583181,2023-03-01
13829,34636,0.041183228406443,2023-03-01
13830,36691,0.0415390819574434,2023-03-01
13831,64630,0.0415390819574434,2023-03-01
13832,164296,0.0415390819574434,2023-03-01
13833,2884,0.0346526079832152,2023-06-01
13834,6136,0.0367675352401162,2023-06-01
13835,14535,0.0346526079832152,2023-06-01
13836,16721,0.0299911754472914,2023-06-01
13837,64630,0.0377661528021017,2023-06-01
13838,160329,0.0309802206830618,2023-06-01
13839,2884,0.0291472130540354,2023-09-01
13840,14535,0.0456213023218395,2023-09-01
13841,18043,0.0275903179929858,2023-09-01
13842,34636,0.0335314842691854,2023-09-01
13843,64630,0.0322123857524551,2023-09-01
13844,164296,0.0261074190326791,2023-09-01
13845,2884,0.0425298027694225,2023-12-01
13846,14535,0.0425298027694225,2023-12-01
13847,18043,0.0236302781850099,2023-12-01
13848,64630,0.0535684190690517,2023-12-01
13849,164296,0.0230794325470924,2023-12-01
13850,199356,0.0238499026745557,2023-12-01
13851,9899,0.0293533578515052,2024-03-01
13852,14535,0.0229180231690406,2024-03-01
13853,16721,0.0132500380277633,2024-03-01
13854,17874,0.0132500380277633,2024-03-01
13855,64630,0.0369462482631206,2024-03-01
13856,164296,0.0229180231690406,2024-03-01
13857,199356,0.0140101239085197,2024-03-01
13858,2884,0.0166628174483776,2024-06-03
13859,7866,0.0085192220285534,2024-06-03
13860,16721,0.007999992929399,2024-06-03
13861,160329,0.007999992929399,2024-06-03
13862,164296,0.0197707004845142,2024-06-03
13863,199356,0.0074804560281336,2024-06-03
13864,2884,0.0118097856721912,2024-09-03
13865,3980,0.0065019058867602,2024-09-03
13866,4988,0.009485530474638,2024-09-03
13867,17874,0.0065642642322427,2024-09-03
13868,147579,0.014344417971804,2024-09-03
13869,199356,0.0072445058462768,2024-09-03
13870,2884,0.0049072607667257,2024-12-02
13871,4988,0.0021649642193605,2024-12-02
13872,6136,0.0048826533662348,2024-12-02
13873,147579,0.0107348768222802,2024-12-02
13874,160329,0.0109479814632183,2024-12-02
13875,199356,0.0014062227779423,2024-12-02
13876,4517,0.022483534062522,2001-06-01
13877,6338,0.0363580249067125,2001-06-01
13878,7366,0.0242712348993252,2001-06-01
13879,7970,0.0302386560883211,2001-06-01
13880,8099,0.0362475533067073,2001-06-01
13881,9850,0.0464054609288056,2001-06-01
13882,11550,0.0274672031423369,2001-06-01
13883,11554,0.0260280008732325,2001-06-01
13884,1279,0.0327366369639621,2001-09-04
13885,1440,0.0327366369639621,2001-09-04
13886,3897,0.0371175029653383,2001-09-04
13887,5742,0.0351434208506551,2001-09-04
13888,6338,0.0334296573762305,2001-09-04
13889,7974,0.0327366369639621,2001-09-04
13890,7977,0.0327366369639621,2001-09-04
13891,8264,0.0329201933249939,2001-09-04
13892,8810,0.0371175029653383,2001-09-04
13893,9846,0.0327366369639621,2001-09-04
13894,9850,0.0327366369639621,2001-09-04
13895,11554,0.0339255808398524,2001-09-04
13896,24216,0.0371175029653383,2001-09-04
13897,1075,0.0406323596835136,2001-12-03
13898,5742,0.0437682978808879,2001-12-03
13899,7366,0.0388894453644752,2001-12-03
13900,7970,0.046150866895914,2001-12-03
13901,7974,0.046150866895914,2001-12-03
13902,8272,0.0431673191487789,2001-12-03
13903,8455,0.0390034280717372,2001-12-03
13904,24216,0.0523065216839313,2001-12-03
13905,6338,0.0434242948076055,2002-03-01
13906,7974,0.0469844848286441,2002-03-01
13907,8264,0.0411486023721988,2002-03-01
13908,8272,0.0410887361963151,2002-03-01
13909,8455,0.0489992118437971,2002-03-01
13910,9846,0.051430901419831,2002-03-01
13911,24216,0.0458385169156045,2002-03-01
13912,1279,0.0385242447214583,2002-06-03
13913,4093,0.0385242447214583,2002-06-03
13914,7366,0.0382331138683155,2002-06-03
13915,7974,0.037838090969681,2002-06-03
13916,8810,0.0399151217606791,2002-06-03
13917,9846,0.0402409664829025,2002-06-03
13918,9850,0.0428391089896405,2002-06-03
13919,6338,0.0427200609593796,2002-09-03
13920,7970,0.0414326389776352,2002-09-03
13921,7974,0.0538336220920047,2002-09-03
13922,9846,0.0453394165762128,2002-09-03
13923,11550,0.0412367709033171,2002-09-03
13924,11554,0.0528996795035477,2002-09-03
13925,24216,0.04471456371025,2002-09-03
13926,3439,0.0351777799105143,2002-12-02
13927,5742,0.0378919348086793,2002-12-02
13928,7974,0.0416993981748961,2002-12-02
13929,8264,0.0359707890242939,2002-12-02
13930,9846,0.0396258925853887,2002-12-02
13931,11550,0.0423709899203016,2002-12-02
13932,24216,0.0355139216678341,2002-12-02
13933,1279,0.0380349365196723,2003-03-03
13934,5742,0.0327662858304489,2003-03-03
13935,6338,0.0330928527424718,2003-03-03
13936,7366,0.039690026672498,2003-03-03
13937,7974,0.0398130473710918,2003-03-03
13938,9846,0.0452606280706846,2003-03-03
13939,11554,0.0387262807734352,2003-03-03
13940,1279,0.0452839222149004,2003-06-02
13941,3439,0.0452839222149004,2003-06-02
13942,5742,0.0348788542552992,2003-06-02
13943,8272,0.0366776029090126,2003-06-02
13944,8455,0.0265429352285885,2003-06-02
13945,9846,0.0427510133607445,2003-06-02
13946,24216,0.0328840034721591,2003-06-02
13947,4029,0.015045377109918,2003-09-02
13948,4517,0.0189834398591151,2003-09-02
13949,7366,0.0253070086434667,2003-09-02
13950,7970,0.0145471563641137,2003-09-02
13951,7974,0.0306803289116584,2003-09-02
13952,11550,0.0165614870963599,2003-09-02
13953,11554,0.0215229938497062,2003-09-02
13954,3897,0.0082783279940485,2003-12-01
13955,4029,0.0082783279940485,2003-12-01
13956,4383,0.0082783279940485,2003-12-01
13957,5742,0.0117842424660921,2003-12-01
13958,7974,0.0082783279940485,2003-12-01
13959,8099,0.0082783279940485,2003-12-01
13960,8272,0.0093511259183287,2003-12-01
13961,8455,0.0106795812025666,2003-12-01
13962,8810,0.0106795812025666,2003-12-01
13963,9846,0.0099863186478614,2003-12-01
13964,11550,0.0082783279940485,2003-12-01
13965,11554,0.0082783279940485,2003-12-01
13966,24216,0.0239655617624521,2003-12-01
13967,4517,0.006595017388463,2004-03-01
13968,5742,0.0068347454071044,2004-03-01
13969,6338,0.006595017388463,2004-03-01
13970,7366,0.0072008296847343,2004-03-01
13971,7970,0.006595017388463,2004-03-01
13972,7977,0.006595017388463,2004-03-01
13973,8099,0.008861725218594,2004-03-01
13974,8272,0.006595017388463,2004-03-01
13975,8455,0.0072008296847343,2004-03-01
13976,8810,0.0068389405496418,2004-03-01
13977,11550,0.006595017388463,2004-03-01
13978,11554,0.006595017388463,2004-03-01
13979,24216,0.0128255523741245,2004-03-01
13980,3439,0.0410940024773683,2004-06-01
13981,4517,0.0132791053695473,2004-06-01
13982,5742,0.0131063928686383,2004-06-01
13983,7366,0.024352100899443,2004-06-01
13984,7974,0.0448520671164156,2004-06-01
13985,11550,0.0203284797435731,2004-06-01
13986,24216,0.0189820625872047,2004-06-01
13987,1279,0.0211814269423484,2004-09-01
13988,3439,0.0211814269423484,2004-09-01
13989,4517,0.0142182419076561,2004-09-01
13990,5742,0.0223714932799339,2004-09-01
13991,6338,0.0142182419076561,2004-09-01
13992,7366,0.0142182419076561,2004-09-01
13993,7970,0.0142182419076561,2004-09-01
13994,7974,0.0142182419076561,2004-09-01
13995,7977,0.0142182419076561,2004-09-01
13996,8272,0.0142182419076561,2004-09-01
13997,8455,0.0142182419076561,2004-09-01
13998,8810,0.0142182419076561,2004-09-01
13999,11550,0.0142182419076561,2004-09-01
14000,11554,0.0142182419076561,2004-09-01
14001,24216,0.0244371388107538,2004-09-01
14002,3439,0.0209298910836878,2004-12-01
14003,4383,0.0172510375226078,2004-12-01
14004,7970,0.0223937654492436,2004-12-01
14005,7974,0.0188338295297473,2004-12-01
14006,7977,0.0208044235156568,2004-12-01
14007,11550,0.0181740446256617,2004-12-01
14008,24216,0.0191433114717718,2004-12-01
14009,3439,0.0188689175993204,2005-03-01
14010,4517,0.0195932518690824,2005-03-01
14011,5742,0.0265314504504203,2005-03-01
14012,7366,0.0185244735330343,2005-03-01
14013,7974,0.0205976422876119,2005-03-01
14014,8272,0.0185244735330343,2005-03-01
14015,8455,0.0185244735330343,2005-03-01
14016,9850,0.0226527024060487,2005-03-01
14017,11550,0.0194459855556488,2005-03-01
14018,3439,0.0212903413921594,2005-06-01
14019,5742,0.0268401633948087,2005-06-01
14020,6338,0.0160541888326406,2005-06-01
14021,7366,0.0160541888326406,2005-06-01
14022,7974,0.0212903413921594,2005-06-01
14023,7977,0.0181224402040243,2005-06-01
14024,8272,0.0160541888326406,2005-06-01
14025,8455,0.0160541888326406,2005-06-01
14026,11550,0.0160541888326406,2005-06-01
14027,3439,0.0186710599809885,2005-09-01
14028,5742,0.0199125092476606,2005-09-01
14029,6338,0.0183320883661508,2005-09-01
14030,7366,0.0183320883661508,2005-09-01
14031,7977,0.0183715317398309,2005-09-01
14032,8272,0.0183320883661508,2005-09-01
14033,8455,0.0183320883661508,2005-09-01
14034,11550,0.0183320883661508,2005-09-01
14035,3439,0.0208518113940954,2005-12-01
14036,6338,0.0193697605282068,2005-12-01
14037,7366,0.0193697605282068,2005-12-01
14038,7977,0.0194433741271495,2005-12-01
14039,8272,0.0193697605282068,2005-12-01
14040,8455,0.0193697605282068,2005-12-01
14041,11550,0.0193697605282068,2005-12-01
14042,1075,0.0283980323203351,2006-03-01
14043,3439,0.0365632807176912,2006-03-01
14044,5742,0.0386874824058179,2006-03-01
14045,7974,0.0311103584750115,2006-03-01
14046,7977,0.0301850666143086,2006-03-01
14047,9850,0.0294022981651374,2006-03-01
14048,24216,0.0451367545583261,2006-03-01
14049,3439,0.026742212666606,2006-06-01
14050,5742,0.0247302722580475,2006-06-01
14051,7366,0.0246749382777975,2006-06-01
14052,7970,0.0248770803931558,2006-06-01
14053,7974,0.0247953832872154,2006-06-01
14054,9846,0.0246749382777975,2006-06-01
14055,24216,0.0247362595305116,2006-06-01
14056,1075,0.0279769888894042,2006-09-01
14057,3439,0.0303970962273758,2006-09-01
14058,3897,0.0268020791108305,2006-09-01
14059,4517,0.0282092388810398,2006-09-01
14060,6338,0.0281761408255342,2006-09-01
14061,7974,0.0260047669845969,2006-09-01
14062,8455,0.0261868053092139,2006-09-01
14063,1279,0.0417055189609527,2006-12-01
14064,4029,0.0236730780452489,2006-12-01
14065,5742,0.0243294984102249,2006-12-01
14066,8099,0.0236730780452489,2006-12-01
14067,8272,0.0236730780452489,2006-12-01
14068,8810,0.0236730780452489,2006-12-01
14069,9846,0.0240358859300613,2006-12-01
14070,4383,0.0261326701209941,2007-03-01
14071,4517,0.0286187237255841,2007-03-01
14072,5742,0.0263633214965383,2007-03-01
14073,7366,0.0242044862640594,2007-03-01
14074,7970,0.0294411259635876,2007-03-01
14075,8455,0.0248907483995646,2007-03-01
14076,24216,0.0294411259635876,2007-03-01
14077,4093,0.0217007622122764,2007-06-01
14078,4517,0.0221335347741842,2007-06-01
14079,5742,0.0221335347741842,2007-06-01
14080,7366,0.0217007622122764,2007-06-01
14081,7970,0.0217007622122764,2007-06-01
14082,7974,0.0221335347741842,2007-06-01
14083,8455,0.0217007622122764,2007-06-01
14084,9846,0.0217007622122764,2007-06-01
14085,24216,0.0228472352027893,2007-06-01
14086,1075,0.022970660208955,2007-09-04
14087,3439,0.0488759240079584,2007-09-04
14088,4517,0.0238740393834149,2007-09-04
14089,5742,0.0417396712433874,2007-09-04
14090,7366,0.0230141249314074,2007-09-04
14091,7974,0.0340419388765943,2007-09-04
14092,24216,0.037842961745695,2007-09-04
14093,3439,0.0500587497560861,2007-12-03
14094,5742,0.0395985160134429,2007-12-03
14095,7366,0.0292930568887058,2007-12-03
14096,7974,0.0334976556976151,2007-12-03
14097,7977,0.0285441205847647,2007-12-03
14098,9846,0.0298110525391874,2007-12-03
14099,11554,0.0319554418873,2007-12-03
14100,3439,0.0596419932627209,2008-03-03
14101,5742,0.0482428021507434,2008-03-03
14102,6338,0.0332334403086234,2008-03-03
14103,7974,0.0475307441248315,2008-03-03
14104,7977,0.0377466982704335,2008-03-03
14105,8099,0.030387821134271,2008-03-03
14106,11554,0.0338423164639578,2008-03-03
14107,3439,0.0398835494425447,2008-06-02
14108,4383,0.0276586439603367,2008-06-02
14109,5742,0.0300168084386936,2008-06-02
14110,7366,0.027409256178024,2008-06-02
14111,7974,0.0296644059125029,2008-06-02
14112,8455,0.0273753417104605,2008-06-02
14113,9846,0.0302344772485248,2008-06-02
14114,11554,0.0351637869617567,2008-06-02
14115,1279,0.0282802469511073,2008-09-02
14116,3413,0.0320176386823634,2008-09-02
14117,3439,0.0453190363529528,2008-09-02
14118,4383,0.0282861767238606,2008-09-02
14119,5742,0.0423785473172378,2008-09-02
14120,7366,0.0331546900786056,2008-09-02
14121,7974,0.0298102504733155,2008-09-02
14122,11554,0.0368372603505933,2008-09-02
14123,3413,0.0366360512859722,2008-12-01
14124,3439,0.040464664173706,2008-12-01
14125,4517,0.0332247976048075,2008-12-01
14126,5742,0.0446025913753053,2008-12-01
14127,7366,0.0422145445955012,2008-12-01
14128,8272,0.0362807645138622,2008-12-01
14129,11554,0.0415502797622227,2008-12-01
14130,24216,0.0549399216948561,2008-12-01
14131,3439,0.0447420072285577,2009-03-02
14132,4517,0.0361991908600335,2009-03-02
14133,5742,0.0526604500421146,2009-03-02
14134,7366,0.0317362008819188,2009-03-02
14135,9846,0.028005012957091,2009-03-02
14136,11554,0.0349389307438233,2009-03-02
14137,24216,0.0549341553126972,2009-03-02
14138,3439,0.0264358072623408,2009-06-01
14139,4383,0.0186004667595623,2009-06-01
14140,5742,0.0350716490560983,2009-06-01
14141,7366,0.0190518429245403,2009-06-01
14142,7974,0.0294105565049358,2009-06-01
14143,11554,0.0250555939039293,2009-06-01
14144,24216,0.0350351708712583,2009-06-01
14145,3439,0.0398135607862216,2009-09-01
14146,4517,0.0240081239479296,2009-09-01
14147,5742,0.0422307180924708,2009-09-01
14148,7366,0.0209353605051446,2009-09-01
14149,7974,0.0177012058086994,2009-09-01
14150,11550,0.0190274335636579,2009-09-01
14151,24216,0.0314373650106376,2009-09-01
14152,3439,0.0127053033648802,2009-12-01
14153,4517,0.024468661530462,2009-12-01
14154,5742,0.028037744714775,2009-12-01
14155,7366,0.026034129324545,2009-12-01
14156,8272,0.015340855505711,2009-12-01
14157,11554,0.0115358414430192,2009-12-01
14158,179437,0.0126455234639871,2009-12-01
14159,1075,0.0076760230585932,2010-03-01
14160,1440,0.0076760230585932,2010-03-01
14161,3439,0.0076760230585932,2010-03-01
14162,4029,0.0076760230585932,2010-03-01
14163,4383,0.0076760230585932,2010-03-01
14164,4517,0.0106968032196164,2010-03-01
14165,5742,0.0143237877637147,2010-03-01
14166,6338,0.0076760230585932,2010-03-01
14167,7366,0.0076760230585932,2010-03-01
14168,7970,0.0076760230585932,2010-03-01
14169,7974,0.0143237877637147,2010-03-01
14170,7977,0.0076760230585932,2010-03-01
14171,8099,0.0076760230585932,2010-03-01
14172,8272,0.0076760230585932,2010-03-01
14173,8455,0.0076760230585932,2010-03-01
14174,8539,0.0076760230585932,2010-03-01
14175,8810,0.0076760230585932,2010-03-01
14176,9846,0.0076760230585932,2010-03-01
14177,9850,0.0076760230585932,2010-03-01
14178,10860,0.0076760230585932,2010-03-01
14179,11550,0.0076760230585932,2010-03-01
14180,11554,0.0076760230585932,2010-03-01
14181,24216,0.0143237877637147,2010-03-01
14182,179437,0.0076760230585932,2010-03-01
14183,1075,0.0085929185152053,2010-06-01
14184,1279,0.0085929185152053,2010-06-01
14185,1440,0.0085929185152053,2010-06-01
14186,3439,0.0085929185152053,2010-06-01
14187,4029,0.0085929185152053,2010-06-01
14188,4383,0.0085929185152053,2010-06-01
14189,4517,0.0134545238688588,2010-06-01
14190,5742,0.0139517039060592,2010-06-01
14191,6338,0.0085929185152053,2010-06-01
14192,7366,0.0085929185152053,2010-06-01
14193,7970,0.0085929185152053,2010-06-01
14194,7974,0.0139517039060592,2010-06-01
14195,7977,0.0085929185152053,2010-06-01
14196,8099,0.0085929185152053,2010-06-01
14197,8272,0.0085929185152053,2010-06-01
14198,8455,0.0085929185152053,2010-06-01
14199,8539,0.0085929185152053,2010-06-01
14200,8810,0.0085929185152053,2010-06-01
14201,9846,0.0085929185152053,2010-06-01
14202,9850,0.0085929185152053,2010-06-01
14203,10860,0.0085929185152053,2010-06-01
14204,11550,0.0085929185152053,2010-06-01
14205,11554,0.0085929185152053,2010-06-01
14206,24216,0.0139517039060592,2010-06-01
14207,179437,0.0085929185152053,2010-06-01
14208,1279,0.0116600701585412,2010-09-01
14209,1440,0.0116600701585412,2010-09-01
14210,3439,0.0116600701585412,2010-09-01
14211,4383,0.0116600701585412,2010-09-01
14212,4517,0.0116600701585412,2010-09-01
14213,6338,0.0116600701585412,2010-09-01
14214,7366,0.0116600701585412,2010-09-01
14215,7970,0.0116600701585412,2010-09-01
14216,7977,0.0116600701585412,2010-09-01
14217,8099,0.0116600701585412,2010-09-01
14218,8272,0.0116600701585412,2010-09-01
14219,8455,0.0116600701585412,2010-09-01
14220,8539,0.0116600701585412,2010-09-01
14221,8810,0.0116600701585412,2010-09-01
14222,9846,0.0116600701585412,2010-09-01
14223,9850,0.0116600701585412,2010-09-01
14224,10860,0.0116600701585412,2010-09-01
14225,11550,0.0116600701585412,2010-09-01
14226,11554,0.0116600701585412,2010-09-01
14227,24216,0.0176372528076171,2010-09-01
14228,179437,0.0116600701585412,2010-09-01
14229,3439,0.0198390744626522,2010-12-01
14230,4517,0.0203187372535467,2010-12-01
14231,6338,0.0198390744626522,2010-12-01
14232,7366,0.0203187372535467,2010-12-01
14233,7970,0.0199800133705139,2010-12-01
14234,7977,0.0198390744626522,2010-12-01
14235,8272,0.0198390744626522,2010-12-01
14236,10860,0.0199800133705139,2010-12-01
14237,11554,0.0198390744626522,2010-12-01
14238,24216,0.0292555410414934,2010-12-01
14239,179437,0.0199800133705139,2010-12-01
14240,3439,0.0193473882973194,2011-03-01
14241,4517,0.019498199224472,2011-03-01
14242,6338,0.019498199224472,2011-03-01
14243,7366,0.019498199224472,2011-03-01
14244,7974,0.0238333791494369,2011-03-01
14245,7977,0.019498199224472,2011-03-01
14246,8455,0.019498199224472,2011-03-01
14247,11554,0.019498199224472,2011-03-01
14248,1075,0.013873141258955,2011-06-01
14249,1440,0.013873141258955,2011-06-01
14250,3413,0.013873141258955,2011-06-01
14251,3439,0.013873141258955,2011-06-01
14252,3897,0.013873141258955,2011-06-01
14253,4029,0.013873141258955,2011-06-01
14254,4093,0.013873141258955,2011-06-01
14255,4383,0.013873141258955,2011-06-01
14256,4517,0.013873141258955,2011-06-01
14257,6338,0.013873141258955,2011-06-01
14258,7366,0.013873141258955,2011-06-01
14259,7970,0.013873141258955,2011-06-01
14260,7974,0.0157114546746015,2011-06-01
14261,7977,0.013873141258955,2011-06-01
14262,8099,0.013873141258955,2011-06-01
14263,8264,0.013873141258955,2011-06-01
14264,8272,0.013873141258955,2011-06-01
14265,8455,0.013873141258955,2011-06-01
14266,8539,0.013873141258955,2011-06-01
14267,8810,0.013873141258955,2011-06-01
14268,9846,0.013873141258955,2011-06-01
14269,9850,0.013873141258955,2011-06-01
14270,10860,0.013873141258955,2011-06-01
14271,11550,0.013873141258955,2011-06-01
14272,11554,0.013873141258955,2011-06-01
14273,179437,0.013873141258955,2011-06-01
14274,1075,0.0151923689991235,2011-09-01
14275,1440,0.0151923689991235,2011-09-01
14276,3413,0.0151923689991235,2011-09-01
14277,4029,0.0151923689991235,2011-09-01
14278,4093,0.0151923689991235,2011-09-01
14279,4383,0.0151923689991235,2011-09-01
14280,4517,0.0151923689991235,2011-09-01
14281,6338,0.0151923689991235,2011-09-01
14282,7366,0.0151923689991235,2011-09-01
14283,7970,0.0151923689991235,2011-09-01
14284,7974,0.0154302204027771,2011-09-01
14285,7977,0.0151923689991235,2011-09-01
14286,8099,0.0151923689991235,2011-09-01
14287,8272,0.0151923689991235,2011-09-01
14288,8455,0.0151923689991235,2011-09-01
14289,8539,0.0151923689991235,2011-09-01
14290,9846,0.0151923689991235,2011-09-01
14291,9850,0.0151923689991235,2011-09-01
14292,10860,0.0151923689991235,2011-09-01
14293,11550,0.0151923689991235,2011-09-01
14294,11554,0.0151923689991235,2011-09-01
14295,179437,0.0151923689991235,2011-09-01
14296,3439,0.0311310520516496,2011-12-01
14297,4517,0.0267179394371543,2011-12-01
14298,5742,0.0349332740196714,2011-12-01
14299,7366,0.0341205415901201,2011-12-01
14300,7977,0.0256590231409603,2011-12-01
14301,8455,0.0290544153301997,2011-12-01
14302,11554,0.0340642970478156,2011-12-01
14303,24216,0.0501213138153695,2011-12-01
14304,3439,0.0234395246207724,2012-03-01
14305,4517,0.032468480846218,2012-03-01
14306,5742,0.0244412231456239,2012-03-01
14307,7366,0.0237385350565797,2012-03-01
14308,8455,0.0345894772086019,2012-03-01
14309,8539,0.0254897082088964,2012-03-01
14310,10860,0.0261656458765988,2012-03-01
14311,11554,0.0336334723714015,2012-03-01
14312,1075,0.0221501346677541,2012-06-01
14313,3439,0.0221501346677541,2012-06-01
14314,5742,0.0283367224037647,2012-06-01
14315,6338,0.0280681103467941,2012-06-01
14316,7366,0.0221501346677541,2012-06-01
14317,7970,0.0280681103467941,2012-06-01
14318,7974,0.0280681103467941,2012-06-01
14319,7977,0.0280681103467941,2012-06-01
14320,9846,0.0221501346677541,2012-06-01
14321,10860,0.0221501346677541,2012-06-01
14322,11554,0.0221501346677541,2012-06-01
14323,1075,0.0210769400000572,2012-09-04
14324,1440,0.0210672803223133,2012-09-04
14325,3439,0.0283380225300788,2012-09-04
14326,4029,0.0262985546141862,2012-09-04
14327,5742,0.0391686409711837,2012-09-04
14328,6338,0.0283380225300788,2012-09-04
14329,7366,0.0210672803223133,2012-09-04
14330,7970,0.0253506917506456,2012-09-04
14331,7974,0.0210672803223133,2012-09-04
14332,7977,0.0210672803223133,2012-09-04
14333,8455,0.0210672803223133,2012-09-04
14334,8810,0.0210672803223133,2012-09-04
14335,11554,0.0210672803223133,2012-09-04
14336,24216,0.0254173967987298,2012-09-04
14337,3439,0.0239371228963136,2012-12-03
14338,4029,0.0215954016894102,2012-12-03
14339,5742,0.0239371228963136,2012-12-03
14340,6338,0.0215954016894102,2012-12-03
14341,7974,0.0217917319387197,2012-12-03
14342,7977,0.0215954016894102,2012-12-03
14343,8099,0.0215954016894102,2012-12-03
14344,8455,0.0215954016894102,2012-12-03
14345,8810,0.0215954016894102,2012-12-03
14346,9850,0.0215954016894102,2012-12-03
14347,11550,0.0215954016894102,2012-12-03
14348,11554,0.0215954016894102,2012-12-03
14349,179437,0.0215954016894102,2012-12-03
14350,4029,0.022605238482356,2013-03-01
14351,4093,0.0708743706345558,2013-03-01
14352,4383,0.0251579787582159,2013-03-01
14353,5742,0.0247846655547618,2013-03-01
14354,7974,0.0232101678848266,2013-03-01
14355,8264,0.0211559180170297,2013-03-01
14356,8539,0.0208100993186235,2013-03-01
14357,10860,0.0208798479288816,2013-03-01
14358,1440,0.0335899034396521,2013-06-03
14359,3413,0.0253494726460766,2013-06-03
14360,4093,0.0298065672234586,2013-06-03
14361,5742,0.0382478825956728,2013-06-03
14362,7366,0.033273867693899,2013-06-03
14363,7977,0.0269792251798039,2013-06-03
14364,8455,0.027309199222175,2013-06-03
14365,11554,0.0304284337161358,2013-06-03
14366,3439,0.0326148969320613,2013-09-03
14367,5742,0.0390759785302472,2013-09-03
14368,6338,0.0327632524816039,2013-09-03
14369,7366,0.0385802577083779,2013-09-03
14370,7974,0.0288163582163568,2013-09-03
14371,8539,0.0302784211185085,2013-09-03
14372,11554,0.0287063758748409,2013-09-03
14373,24216,0.0445557605000237,2013-09-03
14374,3439,0.0318983373495326,2013-12-02
14375,5742,0.0368097742578414,2013-12-02
14376,7366,0.028625573228128,2013-12-02
14377,7974,0.0271226655745518,2013-12-02
14378,7977,0.0214499049584717,2013-12-02
14379,8539,0.0307151224130376,2013-12-02
14380,11554,0.0226952600310699,2013-12-02
14381,24216,0.0481652777397713,2013-12-02
14382,5742,0.0312369830731468,2014-03-03
14383,6338,0.0309718108467501,2014-03-03
14384,7366,0.0360041505669507,2014-03-03
14385,7974,0.0357505656490827,2014-03-03
14386,8539,0.0405786315728508,2014-03-03
14387,10860,0.0299240988722758,2014-03-03
14388,11554,0.0294531391558905,2014-03-03
14389,24216,0.0462817721905916,2014-03-03
14390,3413,0.024666441604495,2014-06-02
14391,3897,0.0244576875120401,2014-06-02
14392,4029,0.0246529076248407,2014-06-02
14393,4383,0.0244576875120401,2014-06-02
14394,7970,0.0246529076248407,2014-06-02
14395,7974,0.0247114710509777,2014-06-02
14396,7977,0.0246529076248407,2014-06-02
14397,9850,0.0246529076248407,2014-06-02
14398,11550,0.0246529076248407,2014-06-02
14399,3439,0.0249477922916412,2014-09-02
14400,4029,0.0252623856067657,2014-09-02
14401,4517,0.0241539254784584,2014-09-02
14402,7366,0.0253188069909811,2014-09-02
14403,7970,0.0241539254784584,2014-09-02
14404,7974,0.027894290164113,2014-09-02
14405,8099,0.0277392659336328,2014-09-02
14406,8539,0.0289946496486663,2014-09-02
14407,9850,0.0241539254784584,2014-09-02
14408,11550,0.0241539254784584,2014-09-02
14409,11554,0.0241539254784584,2014-09-02
14410,1075,0.0243394058197736,2014-12-01
14411,3413,0.0243394058197736,2014-12-01
14412,4029,0.0268129464238882,2014-12-01
14413,4093,0.0243394058197736,2014-12-01
14414,6338,0.0243394058197736,2014-12-01
14415,7366,0.0243394058197736,2014-12-01
14416,7970,0.0243394058197736,2014-12-01
14417,7974,0.0255942232906818,2014-12-01
14418,8099,0.0243394058197736,2014-12-01
14419,8539,0.0243394058197736,2014-12-01
14420,9846,0.0243394058197736,2014-12-01
14421,10860,0.0243394058197736,2014-12-01
14422,3439,0.0260683368123882,2015-03-02
14423,4517,0.0259420847183603,2015-03-02
14424,6338,0.0258179525933947,2015-03-02
14425,7974,0.0284755320946728,2015-03-02
14426,8539,0.0264797294849536,2015-03-02
14427,8810,0.0259126198807627,2015-03-02
14428,9850,0.0257239572061436,2015-03-02
14429,10860,0.0261346779785921,2015-03-02
14430,11554,0.0257239572061436,2015-03-02
14431,3439,0.0266114835035722,2015-06-01
14432,4517,0.0266851673761241,2015-06-01
14433,5742,0.0327430273732371,2015-06-01
14434,7970,0.026002928544424,2015-06-01
14435,7974,0.0259883893537729,2015-06-01
14436,8455,0.0266851673761241,2015-06-01
14437,8539,0.027164423980591,2015-06-01
14438,8810,0.0266851673761241,2015-06-01
14439,4517,0.0277499089520145,2015-09-01
14440,5742,0.0281796080836503,2015-09-01
14441,7366,0.0299983448873612,2015-09-01
14442,7970,0.0279075653331117,2015-09-01
14443,7974,0.0328582992962286,2015-09-01
14444,9850,0.0276680321217218,2015-09-01
14445,11550,0.0296288572225316,2015-09-01
14446,11554,0.0277874167952469,2015-09-01
14447,4517,0.0307041280798606,2015-12-01
14448,5742,0.0381614860754177,2015-12-01
14449,6338,0.0309766491663825,2015-12-01
14450,7970,0.031440022413766,2015-12-01
14451,8099,0.0363108739915128,2015-12-01
14452,9850,0.0309766491663825,2015-12-01
14453,11554,0.0298920883754682,2015-12-01
14454,24216,0.0414553679588269,2015-12-01
14455,4093,0.0372632417054729,2016-03-01
14456,4383,0.0353838959419674,2016-03-01
14457,7970,0.0332231803144257,2016-03-01
14458,8099,0.0435668953529515,2016-03-01
14459,11550,0.0342029432488218,2016-03-01
14460,11554,0.0333923625836119,2016-03-01
14461,24216,0.0347171125880541,2016-03-01
14462,179437,0.0342344878197013,2016-03-01
14463,1440,0.0297407191004759,2016-06-01
14464,4517,0.0298254494275389,2016-06-01
14465,7970,0.0282187723858112,2016-06-01
14466,7977,0.0281344356167472,2016-06-01
14467,8272,0.0299306066612034,2016-06-01
14468,8810,0.0301258434717332,2016-06-01
14469,11554,0.0312712463299099,2016-06-01
14470,4093,0.0208591938298373,2016-09-01
14471,7970,0.0199156503280093,2016-09-01
14472,7974,0.0231377990828476,2016-09-01
14473,7977,0.0226906475154203,2016-09-01
14474,8099,0.0265167437163816,2016-09-01
14475,8810,0.0208858752634067,2016-09-01
14476,10860,0.0221599101427207,2016-09-01
14477,1440,0.0209050209743346,2016-12-01
14478,7970,0.0240537685808981,2016-12-01
14479,7974,0.0265759131489944,2016-12-01
14480,7977,0.0282669542236457,2016-12-01
14481,8810,0.0262072120863342,2016-12-01
14482,11550,0.0224743953703194,2016-12-01
14483,179437,0.0209844179306457,2016-12-01
14484,4093,0.0334052254158453,2017-03-01
14485,6338,0.0291529057567618,2017-03-01
14486,7970,0.0321829416344373,2017-03-01
14487,7974,0.0295100728506701,2017-03-01
14488,7977,0.0308558427867649,2017-03-01
14489,8539,0.0302083046483359,2017-03-01
14490,8810,0.0311183337843799,2017-03-01
14491,1440,0.0328493894964419,2017-06-01
14492,3897,0.0270950055675217,2017-06-01
14493,4093,0.0291479695707815,2017-06-01
14494,4383,0.0278897145378486,2017-06-01
14495,8272,0.0259839984507217,2017-06-01
14496,8539,0.0257117769940474,2017-06-01
14497,9846,0.0283064151732264,2017-06-01
14498,1440,0.0333654735785047,2017-09-01
14499,4383,0.0302328867029001,2017-09-01
14500,7970,0.0332353492634403,2017-09-01
14501,8539,0.0321391689600973,2017-09-01
14502,9846,0.0300308372213702,2017-09-01
14503,11550,0.0304780607602006,2017-09-01
14504,179437,0.0310582756197771,2017-09-01
14505,3439,0.0222716238349676,2017-12-01
14506,6338,0.0222716238349676,2017-12-01
14507,7366,0.0222716238349676,2017-12-01
14508,7970,0.0222716238349676,2017-12-01
14509,7977,0.0222716238349676,2017-12-01
14510,8099,0.0222716238349676,2017-12-01
14511,8272,0.0222716238349676,2017-12-01
14512,8455,0.0222716238349676,2017-12-01
14513,8539,0.0222716238349676,2017-12-01
14514,8810,0.0222716238349676,2017-12-01
14515,10860,0.0222716238349676,2017-12-01
14516,11550,0.0222716238349676,2017-12-01
14517,11554,0.0222716238349676,2017-12-01
14518,1075,0.0244973246008157,2018-03-01
14519,1440,0.0244973246008157,2018-03-01
14520,3413,0.0244973246008157,2018-03-01
14521,3439,0.0244973246008157,2018-03-01
14522,4029,0.0244973246008157,2018-03-01
14523,4093,0.0244973246008157,2018-03-01
14524,4517,0.0244973246008157,2018-03-01
14525,6338,0.0244973246008157,2018-03-01
14526,7970,0.0244973246008157,2018-03-01
14527,8264,0.0259382929652929,2018-03-01
14528,8272,0.0244973246008157,2018-03-01
14529,8455,0.0244973246008157,2018-03-01
14530,8539,0.0244973246008157,2018-03-01
14531,8810,0.0244973246008157,2018-03-01
14532,10860,0.0244973246008157,2018-03-01
14533,11550,0.0244973246008157,2018-03-01
14534,11554,0.0244973246008157,2018-03-01
14535,24216,0.0312411226332187,2018-03-01
14536,179437,0.0244973246008157,2018-03-01
14537,3413,0.0249346997588872,2018-06-01
14538,3897,0.0249346997588872,2018-06-01
14539,4517,0.0249346997588872,2018-06-01
14540,8099,0.0249346997588872,2018-06-01
14541,8272,0.025627376511693,2018-06-01
14542,8810,0.0249346997588872,2018-06-01
14543,11550,0.0273717995733022,2018-06-01
14544,1075,0.026437921449542,2018-09-04
14545,1440,0.026437921449542,2018-09-04
14546,3413,0.026437921449542,2018-09-04
14547,3439,0.026437921449542,2018-09-04
14548,3897,0.026437921449542,2018-09-04
14549,4029,0.026437921449542,2018-09-04
14550,4093,0.026437921449542,2018-09-04
14551,4383,0.0419781468808651,2018-09-04
14552,4517,0.0280568655580282,2018-09-04
14553,7970,0.026437921449542,2018-09-04
14554,8099,0.026437921449542,2018-09-04
14555,8455,0.026437921449542,2018-09-04
14556,8539,0.0284254420548677,2018-09-04
14557,8810,0.026437921449542,2018-09-04
14558,10860,0.026437921449542,2018-09-04
14559,11550,0.026437921449542,2018-09-04
14560,179437,0.026437921449542,2018-09-04
14561,1075,0.026139710098505,2018-12-03
14562,1440,0.026139710098505,2018-12-03
14563,3413,0.026139710098505,2018-12-03
14564,3439,0.026139710098505,2018-12-03
14565,4029,0.026139710098505,2018-12-03
14566,4093,0.026139710098505,2018-12-03
14567,7366,0.026139710098505,2018-12-03
14568,7970,0.026139710098505,2018-12-03
14569,7977,0.026139710098505,2018-12-03
14570,8099,0.026139710098505,2018-12-03
14571,8455,0.026139710098505,2018-12-03
14572,8810,0.026139710098505,2018-12-03
14573,9846,0.026139710098505,2018-12-03
14574,9850,0.026139710098505,2018-12-03
14575,10860,0.026139710098505,2018-12-03
14576,11550,0.026139710098505,2018-12-03
14577,11554,0.026139710098505,2018-12-03
14578,179437,0.026139710098505,2018-12-03
14579,7366,0.0256034117192029,2019-03-01
14580,7970,0.0233643185347318,2019-03-01
14581,7974,0.0232990346848964,2019-03-01
14582,8264,0.034285981208086,2019-03-01
14583,8455,0.0240581016987562,2019-03-01
14584,8539,0.0237287171185016,2019-03-01
14585,9850,0.0246423780918121,2019-03-01
14586,6338,0.0205333575795911,2019-06-03
14587,7366,0.0332690504246573,2019-06-03
14588,8264,0.0458924816419953,2019-06-03
14589,8455,0.0232476014812679,2019-06-03
14590,8539,0.0323343483454115,2019-06-03
14591,8810,0.0272540513121308,2019-06-03
14592,9846,0.0216941424872501,2019-06-03
14593,5742,0.0213576697059524,2019-09-03
14594,7366,0.0277761785139128,2019-09-03
14595,8455,0.0248141127738104,2019-09-03
14596,8539,0.0396689347896823,2019-09-03
14597,8810,0.0225307358131063,2019-09-03
14598,9850,0.0223820829315677,2019-09-03
14599,24216,0.0200097290294598,2019-09-03
14600,5742,0.0301337170548875,2019-12-02
14601,7974,0.0328614552763175,2019-12-02
14602,8099,0.0322887662754678,2019-12-02
14603,8264,0.0720578585629927,2019-12-02
14604,8455,0.0305395017089686,2019-12-02
14605,8539,0.0321188966519264,2019-12-02
14606,24216,0.0298986339319036,2019-12-02
14607,3439,0.0319964318676872,2020-03-02
14608,6338,0.0339362129389763,2020-03-02
14609,7974,0.033896240134531,2020-03-02
14610,8264,0.069880767910781,2020-03-02
14611,8272,0.0328762437265464,2020-03-02
14612,8539,0.0375513647077802,2020-03-02
14613,8810,0.0411126220433411,2020-03-02
14614,5742,0.0352591097416914,2020-06-01
14615,6338,0.0329773227233085,2020-06-01
14616,8264,0.0307506049961407,2020-06-01
14617,8455,0.0335789368206024,2020-06-01
14618,8539,0.0347507457144668,2020-06-01
14619,8810,0.0349548170228263,2020-06-01
14620,11554,0.0318182766795359,2020-06-01
14621,1075,0.0300893820822238,2020-09-01
14622,1440,0.0300893820822238,2020-09-01
14623,3413,0.0300893820822238,2020-09-01
14624,3897,0.0300893820822238,2020-09-01
14625,4517,0.0300893820822238,2020-09-01
14626,6338,0.0300893820822238,2020-09-01
14627,7366,0.0300893820822238,2020-09-01
14628,7970,0.0300893820822238,2020-09-01
14629,8099,0.0305545199662446,2020-09-01
14630,8455,0.0300893820822238,2020-09-01
14631,8539,0.0359562113881111,2020-09-01
14632,8810,0.0300893820822238,2020-09-01
14633,9846,0.0300893820822238,2020-09-01
14634,9850,0.0300893820822238,2020-09-01
14635,10860,0.0300893820822238,2020-09-01
14636,11550,0.0300893820822238,2020-09-01
14637,11554,0.0300893820822238,2020-09-01
14638,24216,0.0332329161465168,2020-09-01
14639,179437,0.0306419935077428,2020-09-01
14640,1075,0.0294454541613897,2020-12-01
14641,7366,0.0312153292955837,2020-12-01
14642,8099,0.0315440529315307,2020-12-01
14643,8455,0.0332559133206428,2020-12-01
14644,8539,0.0318129247635788,2020-12-01
14645,8810,0.0332510958297203,2020-12-01
14646,24216,0.0328809851980646,2020-12-01
14647,3439,0.0336893533324176,2021-03-01
14648,4517,0.0353092349993729,2021-03-01
14649,6338,0.0343303063870564,2021-03-01
14650,7970,0.0353397992007777,2021-03-01
14651,7974,0.0331823846389641,2021-03-01
14652,9846,0.0336707065030964,2021-03-01
14653,9850,0.0338589690346472,2021-03-01
14654,3413,0.032018088211915,2021-06-01
14655,4517,0.0404277646584541,2021-06-01
14656,5742,0.0348636982276452,2021-06-01
14657,6338,0.0309164264981272,2021-06-01
14658,7970,0.039331968532374,2021-06-01
14659,7974,0.0286687421347527,2021-06-01
14660,8810,0.0287248862965713,2021-06-01
14661,1075,0.024116177111864,2021-09-01
14662,3413,0.024116177111864,2021-09-01
14663,3439,0.024116177111864,2021-09-01
14664,6338,0.024116177111864,2021-09-01
14665,7366,0.024116177111864,2021-09-01
14666,7974,0.0257867313921451,2021-09-01
14667,7977,0.024116177111864,2021-09-01
14668,8455,0.0258075632154941,2021-09-01
14669,9846,0.024116177111864,2021-09-01
14670,9850,0.024116177111864,2021-09-01
14671,1075,0.035027265548706,2021-12-01
14672,3439,0.0328149087727069,2021-12-01
14673,6338,0.0324293635785579,2021-12-01
14674,7366,0.0350949987769126,2021-12-01
14675,7974,0.0344998240470886,2021-12-01
14676,8539,0.0350949987769126,2021-12-01
14677,24216,0.0693823993206024,2021-12-01
14678,5742,0.0230007359259645,2022-03-01
14679,7366,0.025061150426036,2022-03-01
14680,7974,0.0419740916027296,2022-03-01
14681,8099,0.0236210028299506,2022-03-01
14682,8539,0.0163051731838341,2022-03-01
14683,9846,0.0235893155907166,2022-03-01
14684,11554,0.0152550613307805,2022-03-01
14685,24216,0.0271208135985288,2022-03-01
14686,3413,0.0351399704813957,2022-06-01
14687,4029,0.0334403291344642,2022-06-01
14688,4383,0.0250311642885208,2022-06-01
14689,5742,0.0271416828036308,2022-06-01
14690,7366,0.0297047346830368,2022-06-01
14691,7974,0.0294574089348316,2022-06-01
14692,8272,0.0364612527191638,2022-06-01
14693,11554,0.0247938763350248,2022-06-01
14694,5742,0.0244190712121692,2022-09-01
14695,6338,0.0268381961222236,2022-09-01
14696,7366,0.0298285793055183,2022-09-01
14697,7974,0.0320519548727969,2022-09-01
14698,8099,0.0254495776481913,2022-09-01
14699,8539,0.0257883998844018,2022-09-01
14700,9846,0.0256946707330993,2022-09-01
14701,11554,0.0256011951659532,2022-09-01
14702,4517,0.0243053808808326,2022-12-01
14703,7366,0.0248532071709632,2022-12-01
14704,8099,0.0249823406338691,2022-12-01
14705,8455,0.0244223922491073,2022-12-01
14706,8539,0.0248532071709632,2022-12-01
14707,9850,0.0244242176413536,2022-12-01
14708,11554,0.0246163513511419,2022-12-01
14709,179437,0.0243053808808326,2022-12-01
14710,3897,0.0314310193061828,2023-03-01
14711,4029,0.0286913719028234,2023-03-01
14712,4383,0.0274988114833831,2023-03-01
14713,6338,0.028022576123476,2023-03-01
14714,7366,0.0269613116979599,2023-03-01
14715,7970,0.0280067808926105,2023-03-01
14716,8455,0.0297247190028429,2023-03-01
14717,8539,0.028285376727581,2023-03-01
14718,4029,0.0273833128676643,2023-06-01
14719,4093,0.0250129177550114,2023-06-01
14720,4383,0.0227925185705949,2023-06-01
14721,7366,0.0294751008488245,2023-06-01
14722,7970,0.0245707666194149,2023-06-01
14723,7974,0.0301467606044757,2023-06-01
14724,9846,0.0278722807835316,2023-06-01
14725,11554,0.0249503029989333,2023-06-01
14726,6338,0.0319329656181249,2023-09-01
14727,7366,0.0345538550016981,2023-09-01
14728,7974,0.028119578432365,2023-09-01
14729,8099,0.0347156066046609,2023-09-01
14730,8539,0.0355273463347431,2023-09-01
14731,8810,0.0288523710288108,2023-09-01
14732,11554,0.0264802088163058,2023-09-01
14733,24216,0.0309924464591565,2023-09-01
14734,4029,0.0276450223313711,2023-12-01
14735,5742,0.0277761900509061,2023-12-01
14736,6338,0.0305113349549619,2023-12-01
14737,7366,0.0279835742101107,2023-12-01
14738,8099,0.028154844061158,2023-12-01
14739,8455,0.0270357972980485,2023-12-01
14740,8539,0.0301134112393417,2023-12-01
14741,11554,0.0283543188069386,2023-12-01
14742,4029,0.0264880233163388,2024-03-01
14743,6338,0.0296136820975427,2024-03-01
14744,7366,0.0293729215520692,2024-03-01
14745,7974,0.0264457167491789,2024-03-01
14746,7977,0.0314633424255062,2024-03-01
14747,8099,0.0327185115873535,2024-03-01
14748,8539,0.0364977316247233,2024-03-01
14749,11554,0.027618644842038,2024-03-01
14750,1075,0.0225054249167442,2024-06-03
14751,3413,0.0212607458233833,2024-06-03
14752,3439,0.0193591974675655,2024-06-03
14753,3897,0.0201525576412677,2024-06-03
14754,7970,0.0193591974675655,2024-06-03
14755,7977,0.0193591974675655,2024-06-03
14756,8264,0.0338847786188125,2024-06-03
14757,9846,0.028877168893814,2024-06-03
14758,10860,0.0193591974675655,2024-06-03
14759,40614,0.0235316827893257,2024-06-03
14760,4383,0.0220119431614875,2024-09-03
14761,5742,0.0220616199076175,2024-09-03
14762,6338,0.0215671062469482,2024-09-03
14763,7974,0.0221891701221466,2024-09-03
14764,8264,0.033921368420124,2024-09-03
14765,8539,0.0226205959916114,2024-09-03
14766,9850,0.0242900438606739,2024-09-03
14767,24216,0.0221891701221466,2024-09-03
14768,4029,0.0202938001602888,2024-12-02
14769,5742,0.0198166389018297,2024-12-02
14770,7974,0.0213441811501979,2024-12-02
14771,8099,0.0213441811501979,2024-12-02
14772,8264,0.0226275064051151,2024-12-02
14773,8455,0.0213441811501979,2024-12-02
14774,8539,0.0213441811501979,2024-12-02
14775,24216,0.0269822273403406,2024-12-02
14776,8692,0.0436412543058395,2001-06-01
14777,11456,0.0378739051520824,2001-06-01
14778,13125,0.0478961914777755,2001-06-01
14779,65290,0.0387948378920555,2001-06-01
14780,105365,0.0666532665491104,2001-06-01
14781,112111,0.0442653223872184,2001-06-01
14782,113490,0.0666532665491104,2001-06-01
14783,138743,0.0517698973417282,2001-06-01
14784,4605,0.0397299483716134,2001-09-04
14785,8692,0.0459928280441595,2001-09-04
14786,11456,0.0397299483716134,2001-09-04
14787,28629,0.0397299483716134,2001-09-04
14788,28733,0.0397299483716134,2001-09-04
14789,29099,0.0397299483716134,2001-09-04
14790,62374,0.0459928280441595,2001-09-04
14791,65290,0.0397299483716134,2001-09-04
14792,105365,0.0459928280441595,2001-09-04
14793,112111,0.0459928280441595,2001-09-04
14794,113490,0.0459928280441595,2001-09-04
14795,121382,0.0459928280441595,2001-09-04
14796,138743,0.0459928280441595,2001-09-04
14797,7063,0.0323820761746471,2001-12-03
14798,11220,0.0329375325488504,2001-12-03
14799,28629,0.0336235602159855,2001-12-03
14800,30293,0.033098036440156,2001-12-03
14801,64925,0.0347620634337855,2001-12-03
14802,65290,0.0322674692707749,2001-12-03
14803,65640,0.0359668568692367,2001-12-03
14804,112111,0.0459164765387841,2001-12-03
14805,7063,0.0359221595878338,2002-03-01
14806,8692,0.036384922595319,2002-03-01
14807,29868,0.0357015721121429,2002-03-01
14808,30490,0.0407025743608289,2002-03-01
14809,64925,0.035977807967698,2002-03-01
14810,110179,0.0364622671723733,2002-03-01
14811,112111,0.0407025743608289,2002-03-01
14812,121382,0.0356124587818921,2002-03-01
14813,4605,0.030053025111556,2002-06-03
14814,5543,0.030053025111556,2002-06-03
14815,7063,0.030053025111556,2002-06-03
14816,10096,0.030053025111556,2002-06-03
14817,10894,0.030053025111556,2002-06-03
14818,11220,0.030053025111556,2002-06-03
14819,13125,0.030053025111556,2002-06-03
14820,24731,0.030053025111556,2002-06-03
14821,29099,0.030053025111556,2002-06-03
14822,29984,0.030053025111556,2002-06-03
14823,30490,0.0313088744878768,2002-06-03
14824,30822,0.030053025111556,2002-06-03
14825,62374,0.0300840586423873,2002-06-03
14826,64925,0.030053025111556,2002-06-03
14827,65290,0.030053025111556,2002-06-03
14828,110179,0.0316005535423755,2002-06-03
14829,112111,0.0577616356313228,2002-06-03
14830,113490,0.0309248305857181,2002-06-03
14831,121382,0.0382586494088172,2002-06-03
14832,138743,0.0301822647452354,2002-06-03
14833,7063,0.0486875189452794,2002-09-03
14834,11220,0.0360458285339941,2002-09-03
14835,13125,0.0344807463545661,2002-09-03
14836,29389,0.0483670022325801,2002-09-03
14837,30490,0.0447835019476727,2002-09-03
14838,62374,0.0358592983717888,2002-09-03
14839,64925,0.038620499438196,2002-09-03
14840,110179,0.0330239659089587,2002-09-03
14841,7063,0.0513175531508584,2002-12-02
14842,10096,0.0361474675254278,2002-12-02
14843,11220,0.0447605564151551,2002-12-02
14844,29389,0.0330733976361468,2002-12-02
14845,29868,0.0373544326831963,2002-12-02
14846,30490,0.0501168762768862,2002-12-02
14847,64925,0.0349426097735435,2002-12-02
14848,110179,0.0483743359309316,2002-12-02
14849,7063,0.0589166844008855,2003-03-03
14850,10096,0.0398003547325403,2003-03-03
14851,28629,0.0393928368013369,2003-03-03
14852,29389,0.04495127723296,2003-03-03
14853,29868,0.0395805100272407,2003-03-03
14854,30490,0.0528937654224703,2003-03-03
14855,64925,0.0448262068634841,2003-03-03
14856,110179,0.0485133795452702,2003-03-03
14857,7063,0.0537829563092561,2003-06-02
14858,11220,0.0489442154792113,2003-06-02
14859,29389,0.0312565555059806,2003-06-02
14860,29868,0.0322039133525966,2003-06-02
14861,30490,0.0557818599318382,2003-06-02
14862,64925,0.035025896704335,2003-06-02
14863,65290,0.0414234971573493,2003-06-02
14864,110179,0.0501861517980513,2003-06-02
14865,5543,0.0202834401279687,2003-09-02
14866,7063,0.0202834401279687,2003-09-02
14867,10096,0.0202834401279687,2003-09-02
14868,10894,0.0202834401279687,2003-09-02
14869,11220,0.0202834401279687,2003-09-02
14870,11456,0.0202834401279687,2003-09-02
14871,24731,0.0202834401279687,2003-09-02
14872,29868,0.0202834401279687,2003-09-02
14873,30490,0.0203404054045677,2003-09-02
14874,30822,0.0202834401279687,2003-09-02
14875,64821,0.0202834401279687,2003-09-02
14876,64925,0.0202834401279687,2003-09-02
14877,65290,0.0202834401279687,2003-09-02
14878,105365,0.0202834401279687,2003-09-02
14879,121382,0.0248059090226888,2003-09-02
14880,5543,0.026427533663181,2003-12-01
14881,11220,0.0418530216900506,2003-12-01
14882,13125,0.0284734183842698,2003-12-01
14883,29649,0.0359035722369995,2003-12-01
14884,29868,0.0394244230316543,2003-12-01
14885,30490,0.0710269464789245,2003-12-01
14886,30822,0.0309294313811347,2003-12-01
14887,110179,0.0423176252309393,2003-12-01
14888,4605,0.0187682341784238,2004-03-01
14889,7063,0.0187682341784238,2004-03-01
14890,13125,0.0187682341784238,2004-03-01
14891,24731,0.0187682341784238,2004-03-01
14892,28733,0.0187682341784238,2004-03-01
14893,29099,0.0187682341784238,2004-03-01
14894,29984,0.0187682341784238,2004-03-01
14895,30490,0.0191147439181804,2004-03-01
14896,30822,0.0187682341784238,2004-03-01
14897,64925,0.0187682341784238,2004-03-01
14898,65290,0.0187682341784238,2004-03-01
14899,112111,0.0339898951351642,2004-03-01
14900,113490,0.0248692221939563,2004-03-01
14901,11220,0.0268548391759395,2004-06-01
14902,11456,0.0268548391759395,2004-06-01
14903,24731,0.0268548391759395,2004-06-01
14904,30822,0.0268548391759395,2004-06-01
14905,64821,0.0268548391759395,2004-06-01
14906,64925,0.0268548391759395,2004-06-01
14907,105365,0.144504576921463,2004-06-01
14908,110179,0.1795070767402649,2004-06-01
14909,112111,0.0654371008276939,2004-06-01
14910,113490,0.144504576921463,2004-06-01
14911,121382,0.144504576921463,2004-06-01
14912,138743,0.0649162903428077,2004-06-01
14913,4605,0.030364703387022,2004-09-01
14914,5543,0.030364703387022,2004-09-01
14915,7063,0.030364703387022,2004-09-01
14916,10096,0.030364703387022,2004-09-01
14917,10894,0.030364703387022,2004-09-01
14918,11220,0.030364703387022,2004-09-01
14919,11456,0.030364703387022,2004-09-01
14920,13125,0.030364703387022,2004-09-01
14921,24731,0.030364703387022,2004-09-01
14922,28629,0.030364703387022,2004-09-01
14923,28733,0.030364703387022,2004-09-01
14924,29099,0.030364703387022,2004-09-01
14925,29389,0.030364703387022,2004-09-01
14926,29649,0.030364703387022,2004-09-01
14927,29868,0.030364703387022,2004-09-01
14928,29984,0.030364703387022,2004-09-01
14929,30822,0.030364703387022,2004-09-01
14930,62374,0.030364703387022,2004-09-01
14931,64925,0.030364703387022,2004-09-01
14932,65290,0.030364703387022,2004-09-01
14933,110179,0.1830436587333679,2004-09-01
14934,113490,0.030364703387022,2004-09-01
14935,121382,0.0609944388270378,2004-09-01
14936,160479,0.030364703387022,2004-09-01
14937,260774,0.030364703387022,2004-09-01
14938,29875,0.0513907298445701,2004-12-01
14939,30293,0.0513907298445701,2004-12-01
14940,30490,0.135320708155632,2004-12-01
14941,64821,0.0513907298445701,2004-12-01
14942,65640,0.0513907298445701,2004-12-01
14943,105365,0.1309535354375839,2004-12-01
14944,110179,0.1138265579938888,2004-12-01
14945,113490,0.0693789348006248,2004-12-01
14946,121382,0.0495208613574504,2004-12-01
14947,4605,0.0366876311600208,2005-03-01
14948,5543,0.0366876311600208,2005-03-01
14949,10096,0.0366876311600208,2005-03-01
14950,10894,0.0366876311600208,2005-03-01
14951,11220,0.0366876311600208,2005-03-01
14952,11456,0.0366876311600208,2005-03-01
14953,13125,0.0366876311600208,2005-03-01
14954,24731,0.0366876311600208,2005-03-01
14955,28629,0.0366876311600208,2005-03-01
14956,28733,0.0366876311600208,2005-03-01
14957,29099,0.0366876311600208,2005-03-01
14958,29389,0.0366876311600208,2005-03-01
14959,29649,0.0366876311600208,2005-03-01
14960,29868,0.0366876311600208,2005-03-01
14961,29875,0.0528115108609199,2005-03-01
14962,29984,0.0366876311600208,2005-03-01
14963,30293,0.0528115108609199,2005-03-01
14964,30490,0.1166909784078598,2005-03-01
14965,30822,0.0366876311600208,2005-03-01
14966,62374,0.0366876311600208,2005-03-01
14967,64821,0.0528115108609199,2005-03-01
14968,64925,0.0366876311600208,2005-03-01
14969,65290,0.0366876311600208,2005-03-01
14970,110179,0.0984258204698562,2005-03-01
14971,260774,0.0366876311600208,2005-03-01
14972,4605,0.0328662507236003,2005-06-01
14973,5543,0.0328662507236003,2005-06-01
14974,7063,0.0328662507236003,2005-06-01
14975,10096,0.0328662507236003,2005-06-01
14976,10894,0.0328662507236003,2005-06-01
14977,11220,0.0328662507236003,2005-06-01
14978,11456,0.0328662507236003,2005-06-01
14979,13125,0.0328662507236003,2005-06-01
14980,24731,0.0328662507236003,2005-06-01
14981,28629,0.0328662507236003,2005-06-01
14982,28733,0.0328662507236003,2005-06-01
14983,29099,0.0328662507236003,2005-06-01
14984,29389,0.0328662507236003,2005-06-01
14985,29649,0.0328662507236003,2005-06-01
14986,29868,0.0328662507236003,2005-06-01
14987,29875,0.040036778897047,2005-06-01
14988,29984,0.0328662507236003,2005-06-01
14989,30293,0.040036778897047,2005-06-01
14990,30822,0.0328662507236003,2005-06-01
14991,62374,0.0328662507236003,2005-06-01
14992,64821,0.040036778897047,2005-06-01
14993,64925,0.0328662507236003,2005-06-01
14994,65290,0.0328662507236003,2005-06-01
14995,65640,0.0328662507236003,2005-06-01
14996,105365,0.0348667912185192,2005-06-01
14997,112111,0.0393981076776981,2005-06-01
14998,121382,0.0348667912185192,2005-06-01
14999,160479,0.0328662507236003,2005-06-01
15000,160991,0.0328662507236003,2005-06-01
15001,4605,0.0355298146605491,2005-09-01
15002,5543,0.0355298146605491,2005-09-01
15003,7063,0.0355298146605491,2005-09-01
15004,8692,0.0355298146605491,2005-09-01
15005,10096,0.042785070836544,2005-09-01
15006,10894,0.0355298146605491,2005-09-01
15007,11220,0.0355298146605491,2005-09-01
15008,11456,0.0355298146605491,2005-09-01
15009,13125,0.0355298146605491,2005-09-01
15010,24731,0.0355298146605491,2005-09-01
15011,28629,0.0355298146605491,2005-09-01
15012,28733,0.0355298146605491,2005-09-01
15013,29099,0.0355298146605491,2005-09-01
15014,29389,0.042785070836544,2005-09-01
15015,29649,0.0355298146605491,2005-09-01
15016,29868,0.0355298146605491,2005-09-01
15017,29875,0.042785070836544,2005-09-01
15018,29984,0.0355298146605491,2005-09-01
15019,30293,0.042785070836544,2005-09-01
15020,30490,0.0365771502256393,2005-09-01
15021,30822,0.0355298146605491,2005-09-01
15022,62374,0.0355298146605491,2005-09-01
15023,64821,0.042785070836544,2005-09-01
15024,64925,0.0355298146605491,2005-09-01
15025,65290,0.042785070836544,2005-09-01
15026,65640,0.0355298146605491,2005-09-01
15027,105365,0.0355298146605491,2005-09-01
15028,110179,0.0355298146605491,2005-09-01
15029,160479,0.0355298146605491,2005-09-01
15030,160991,0.0355298146605491,2005-09-01
15031,260774,0.0355298146605491,2005-09-01
15032,5543,0.0388027802109718,2005-12-01
15033,7063,0.0388027802109718,2005-12-01
15034,8692,0.0388027802109718,2005-12-01
15035,10894,0.0388027802109718,2005-12-01
15036,11220,0.0388027802109718,2005-12-01
15037,11456,0.0388027802109718,2005-12-01
15038,13125,0.0388027802109718,2005-12-01
15039,24731,0.0388027802109718,2005-12-01
15040,28629,0.0388027802109718,2005-12-01
15041,28733,0.0388027802109718,2005-12-01
15042,29099,0.0388027802109718,2005-12-01
15043,29649,0.0388027802109718,2005-12-01
15044,29868,0.0388027802109718,2005-12-01
15045,29984,0.0388027802109718,2005-12-01
15046,30490,0.0437179617583751,2005-12-01
15047,30822,0.0388027802109718,2005-12-01
15048,62374,0.0388027802109718,2005-12-01
15049,65640,0.0422176048159599,2005-12-01
15050,105365,0.0388027802109718,2005-12-01
15051,110179,0.0388027802109718,2005-12-01
15052,112111,0.0442420579493045,2005-12-01
15053,113490,0.0388027802109718,2005-12-01
15054,121382,0.0751558467745781,2005-12-01
15055,138743,0.04600565508008,2005-12-01
15056,160479,0.0388027802109718,2005-12-01
15057,160991,0.0388027802109718,2005-12-01
15058,260774,0.0388027802109718,2005-12-01
15059,5543,0.0366879217326641,2006-03-01
15060,8692,0.0717297494411468,2006-03-01
15061,10096,0.0434539020061492,2006-03-01
15062,11220,0.0378301814198493,2006-03-01
15063,11456,0.0366879217326641,2006-03-01
15064,28629,0.0366879217326641,2006-03-01
15065,29649,0.0366879217326641,2006-03-01
15066,29868,0.0366879217326641,2006-03-01
15067,105365,0.0383516959846019,2006-03-01
15068,112111,0.0405823551118373,2006-03-01
15069,113490,0.0414382964372634,2006-03-01
15070,160479,0.0383516959846019,2006-03-01
15071,4605,0.042952936142683,2006-06-01
15072,5543,0.0375152043998241,2006-06-01
15073,7063,0.0375152043998241,2006-06-01
15074,8692,0.0375152043998241,2006-06-01
15075,10096,0.042952936142683,2006-06-01
15076,10894,0.0375152043998241,2006-06-01
15077,13125,0.0375152043998241,2006-06-01
15078,24731,0.0375152043998241,2006-06-01
15079,28629,0.0397354178130626,2006-06-01
15080,28733,0.0375152043998241,2006-06-01
15081,29099,0.0375152043998241,2006-06-01
15082,29389,0.0397354178130626,2006-06-01
15083,29649,0.0375152043998241,2006-06-01
15084,29868,0.0375152043998241,2006-06-01
15085,29875,0.037872314453125,2006-06-01
15086,29984,0.0375152043998241,2006-06-01
15087,30490,0.0375152043998241,2006-06-01
15088,30822,0.0375152043998241,2006-06-01
15089,62374,0.0375152043998241,2006-06-01
15090,64821,0.0397354178130626,2006-06-01
15091,65290,0.042952936142683,2006-06-01
15092,105365,0.0375152043998241,2006-06-01
15093,110179,0.0375152043998241,2006-06-01
15094,112111,0.0422256253659725,2006-06-01
15095,113490,0.0375152043998241,2006-06-01
15096,160479,0.0375152043998241,2006-06-01
15097,160991,0.0375152043998241,2006-06-01
15098,260774,0.0375152043998241,2006-06-01
15099,4605,0.0383873507380485,2006-09-01
15100,10096,0.041620060801506,2006-09-01
15101,29389,0.0383873507380485,2006-09-01
15102,29875,0.0413475148379802,2006-09-01
15103,30293,0.0411199778318405,2006-09-01
15104,30490,0.0400222018361091,2006-09-01
15105,64821,0.041620060801506,2006-09-01
15106,64925,0.0413475148379802,2006-09-01
15107,65290,0.0411199778318405,2006-09-01
15108,121382,0.051461849361658,2006-09-01
15109,5543,0.0385194569826126,2006-12-01
15110,7063,0.0385194569826126,2006-12-01
15111,8692,0.0385194569826126,2006-12-01
15112,10894,0.0385194569826126,2006-12-01
15113,11456,0.0385194569826126,2006-12-01
15114,13125,0.0385194569826126,2006-12-01
15115,24731,0.0385194569826126,2006-12-01
15116,28629,0.0385194569826126,2006-12-01
15117,28733,0.0385194569826126,2006-12-01
15118,29099,0.0385194569826126,2006-12-01
15119,29649,0.0385194569826126,2006-12-01
15120,29868,0.0385194569826126,2006-12-01
15121,29984,0.0385194569826126,2006-12-01
15122,30490,0.0399119891226291,2006-12-01
15123,30822,0.0385194569826126,2006-12-01
15124,62374,0.0385194569826126,2006-12-01
15125,65640,0.0385194569826126,2006-12-01
15126,105365,0.0385194569826126,2006-12-01
15127,110179,0.0385194569826126,2006-12-01
15128,112111,0.0408166609704494,2006-12-01
15129,113490,0.0385194569826126,2006-12-01
15130,121382,0.0442190133035182,2006-12-01
15131,160479,0.0385194569826126,2006-12-01
15132,160991,0.0385194569826126,2006-12-01
15133,260774,0.0385194569826126,2006-12-01
15134,4605,0.0511111883841052,2007-03-01
15135,11220,0.0470609894405484,2007-03-01
15136,11456,0.0483097289969551,2007-03-01
15137,28629,0.0470979729877491,2007-03-01
15138,29868,0.0478717037867757,2007-03-01
15139,30490,0.0513651381475104,2007-03-01
15140,105365,0.059159564601075,2007-03-01
15141,112111,0.0499806902516636,2007-03-01
15142,260774,0.0649902197163471,2007-03-01
15143,4605,0.047545119623088,2007-06-01
15144,8692,0.0565399485469527,2007-06-01
15145,29099,0.0495828219006083,2007-06-01
15146,29875,0.0511211006609803,2007-06-01
15147,30490,0.0559009696347349,2007-06-01
15148,62374,0.0484208418919487,2007-06-01
15149,105365,0.0582229701640683,2007-06-01
15150,113490,0.0490202793747577,2007-06-01
15151,260774,0.063186764788283,2007-06-01
15152,4605,0.0515423973211804,2007-09-04
15153,10894,0.0500818480045056,2007-09-04
15154,11456,0.0501556981447383,2007-09-04
15155,29099,0.0516804577159812,2007-09-04
15156,29389,0.0512001352812692,2007-09-04
15157,29984,0.0480662536273882,2007-09-04
15158,30490,0.0516159175626315,2007-09-04
15159,64925,0.048481025899137,2007-09-04
15160,260774,0.0484451466477249,2007-09-04
15161,4605,0.0427078641951084,2007-12-03
15162,5543,0.0427078641951084,2007-12-03
15163,7063,0.0427078641951084,2007-12-03
15164,8692,0.0427078641951084,2007-12-03
15165,10096,0.0427078641951084,2007-12-03
15166,10894,0.0427078641951084,2007-12-03
15167,11220,0.0427078641951084,2007-12-03
15168,11456,0.0427078641951084,2007-12-03
15169,13125,0.0427078641951084,2007-12-03
15170,24731,0.0427078641951084,2007-12-03
15171,28629,0.0427078641951084,2007-12-03
15172,28733,0.0427078641951084,2007-12-03
15173,29099,0.0427078641951084,2007-12-03
15174,29389,0.0427078641951084,2007-12-03
15175,29649,0.0427078641951084,2007-12-03
15176,29868,0.0427078641951084,2007-12-03
15177,29875,0.0427078641951084,2007-12-03
15178,29984,0.0427078641951084,2007-12-03
15179,30293,0.0427078641951084,2007-12-03
15180,30490,0.0427078641951084,2007-12-03
15181,30822,0.0427078641951084,2007-12-03
15182,62374,0.0427078641951084,2007-12-03
15183,64821,0.0427078641951084,2007-12-03
15184,64925,0.0427078641951084,2007-12-03
15185,65290,0.0427078641951084,2007-12-03
15186,65640,0.0427078641951084,2007-12-03
15187,105365,0.0427078641951084,2007-12-03
15188,110179,0.0427078641951084,2007-12-03
15189,113490,0.0427078641951084,2007-12-03
15190,160479,0.0427078641951084,2007-12-03
15191,160991,0.0427078641951084,2007-12-03
15192,260774,0.0427078641951084,2007-12-03
15193,4605,0.0412253588438034,2008-03-03
15194,5543,0.0412253588438034,2008-03-03
15195,7063,0.0412253588438034,2008-03-03
15196,8692,0.0412253588438034,2008-03-03
15197,10096,0.0412253588438034,2008-03-03
15198,10894,0.0412253588438034,2008-03-03
15199,11220,0.0412253588438034,2008-03-03
15200,11456,0.0412253588438034,2008-03-03
15201,13125,0.0412253588438034,2008-03-03
15202,24731,0.0412253588438034,2008-03-03
15203,28629,0.0412253588438034,2008-03-03
15204,28733,0.0412253588438034,2008-03-03
15205,29099,0.0412253588438034,2008-03-03
15206,29389,0.0412253588438034,2008-03-03
15207,29649,0.0412253588438034,2008-03-03
15208,29868,0.0412253588438034,2008-03-03
15209,29875,0.0412253588438034,2008-03-03
15210,29984,0.0412253588438034,2008-03-03
15211,30293,0.0412253588438034,2008-03-03
15212,30490,0.0463207475841045,2008-03-03
15213,30822,0.0412253588438034,2008-03-03
15214,62374,0.0483056679368019,2008-03-03
15215,64821,0.0412253588438034,2008-03-03
15216,64925,0.0412253588438034,2008-03-03
15217,65290,0.0412253588438034,2008-03-03
15218,65640,0.0412253588438034,2008-03-03
15219,105365,0.0483056679368019,2008-03-03
15220,110179,0.0412253588438034,2008-03-03
15221,113490,0.0483056679368019,2008-03-03
15222,160479,0.0412253588438034,2008-03-03
15223,160991,0.0412253588438034,2008-03-03
15224,260774,0.0483056679368019,2008-03-03
15225,4605,0.0404099971055984,2008-06-02
15226,5543,0.0404099971055984,2008-06-02
15227,7063,0.0404099971055984,2008-06-02
15228,8692,0.0404099971055984,2008-06-02
15229,10096,0.0404099971055984,2008-06-02
15230,10894,0.0404099971055984,2008-06-02
15231,11220,0.0404099971055984,2008-06-02
15232,11456,0.0404099971055984,2008-06-02
15233,13125,0.0404099971055984,2008-06-02
15234,24731,0.0404099971055984,2008-06-02
15235,28629,0.0404099971055984,2008-06-02
15236,28733,0.0404099971055984,2008-06-02
15237,29099,0.0404099971055984,2008-06-02
15238,29389,0.0404099971055984,2008-06-02
15239,29649,0.0404099971055984,2008-06-02
15240,29868,0.0404099971055984,2008-06-02
15241,29875,0.0404099971055984,2008-06-02
15242,29984,0.0404099971055984,2008-06-02
15243,30293,0.0404099971055984,2008-06-02
15244,30490,0.0408385694026947,2008-06-02
15245,30822,0.0404099971055984,2008-06-02
15246,62374,0.0495593957602977,2008-06-02
15247,64821,0.0404099971055984,2008-06-02
15248,64925,0.0404099971055984,2008-06-02
15249,65290,0.0404099971055984,2008-06-02
15250,65640,0.0404099971055984,2008-06-02
15251,105365,0.0495593957602977,2008-06-02
15252,110179,0.0404099971055984,2008-06-02
15253,113490,0.0495593957602977,2008-06-02
15254,138743,0.0406739749014377,2008-06-02
15255,160479,0.0404099971055984,2008-06-02
15256,160991,0.0404099971055984,2008-06-02
15257,260774,0.0495593957602977,2008-06-02
15258,4605,0.0364825241267681,2008-09-02
15259,5543,0.0364825241267681,2008-09-02
15260,7063,0.0364825241267681,2008-09-02
15261,8692,0.0364825241267681,2008-09-02
15262,10096,0.0364825241267681,2008-09-02
15263,10894,0.0364825241267681,2008-09-02
15264,11220,0.0364825241267681,2008-09-02
15265,11456,0.0364825241267681,2008-09-02
15266,13125,0.0364825241267681,2008-09-02
15267,24731,0.0364825241267681,2008-09-02
15268,28629,0.0364825241267681,2008-09-02
15269,28733,0.0364825241267681,2008-09-02
15270,29099,0.0364825241267681,2008-09-02
15271,29389,0.0364825241267681,2008-09-02
15272,29649,0.0364825241267681,2008-09-02
15273,29868,0.0364825241267681,2008-09-02
15274,29875,0.0364825241267681,2008-09-02
15275,29984,0.0364825241267681,2008-09-02
15276,30293,0.0364825241267681,2008-09-02
15277,30490,0.0639869719743728,2008-09-02
15278,30822,0.0364825241267681,2008-09-02
15279,62374,0.0364825241267681,2008-09-02
15280,64821,0.0364825241267681,2008-09-02
15281,64925,0.0364825241267681,2008-09-02
15282,65290,0.0364825241267681,2008-09-02
15283,65640,0.0364825241267681,2008-09-02
15284,105365,0.0364825241267681,2008-09-02
15285,110179,0.0364825241267681,2008-09-02
15286,112111,0.0364825241267681,2008-09-02
15287,113490,0.0364825241267681,2008-09-02
15288,121382,0.0364825241267681,2008-09-02
15289,138743,0.0364825241267681,2008-09-02
15290,160479,0.0364825241267681,2008-09-02
15291,160991,0.0364825241267681,2008-09-02
15292,260774,0.0364825241267681,2008-09-02
15293,7063,0.0395967812620915,2008-12-01
15294,29868,0.0397488821820444,2008-12-01
15295,30490,0.0474595135231839,2008-12-01
15296,64821,0.039444463039223,2008-12-01
15297,65290,0.0449855271685039,2008-12-01
15298,105365,0.0427071364589923,2008-12-01
15299,113490,0.0446803509428249,2008-12-01
15300,121382,0.0498417736362185,2008-12-01
15301,260774,0.0503643580628841,2008-12-01
15302,7063,0.0593517140230992,2009-03-02
15303,24731,0.0461633932488602,2009-03-02
15304,29099,0.0431433839237305,2009-03-02
15305,29868,0.0558766978129965,2009-03-02
15306,29984,0.0549621577004379,2009-03-02
15307,30490,0.0631728954093125,2009-03-02
15308,65290,0.0579508910693832,2009-03-02
15309,113490,0.0779556355720378,2009-03-02
15310,260774,0.0672860678874404,2009-03-02
15311,7063,0.0451641570587714,2009-06-01
15312,8692,0.0399420708329812,2009-06-01
15313,11456,0.0415744767460008,2009-06-01
15314,29868,0.0389861990705263,2009-06-01
15315,29984,0.04355933119496,2009-06-01
15316,30490,0.0484267982209991,2009-06-01
15317,65290,0.0454521387948517,2009-06-01
15318,121382,0.0410493193660424,2009-06-01
15319,260774,0.0475531680103169,2009-06-01
15320,7063,0.0397649627789859,2009-09-01
15321,8692,0.041294781213038,2009-09-01
15322,11456,0.0375168479348089,2009-09-01
15323,29984,0.0396012009284268,2009-09-01
15324,30822,0.0419396727563842,2009-09-01
15325,62374,0.0411178394927289,2009-09-01
15326,64821,0.0388158196952297,2009-09-01
15327,65290,0.0387701162844437,2009-09-01
15328,112111,0.042120622646895,2009-09-01
15329,7063,0.0464880340965969,2009-12-01
15330,10894,0.0274886731333873,2009-12-01
15331,11456,0.0271208196963495,2009-12-01
15332,24731,0.0243486000132969,2009-12-01
15333,29099,0.0193318681135615,2009-12-01
15334,29868,0.0198090353269499,2009-12-01
15335,29984,0.0349110069312205,2009-12-01
15336,30490,0.0393416066725504,2009-12-01
15337,30822,0.0231714359993365,2009-12-01
15338,7063,0.0442025475160212,2010-03-01
15339,10894,0.0252637215908335,2010-03-01
15340,11456,0.0157924796977779,2010-03-01
15341,24731,0.0288738186172469,2010-03-01
15342,29099,0.0210811870964157,2010-03-01
15343,29984,0.0278146295563974,2010-03-01
15344,30490,0.031979812943536,2010-03-01
15345,30822,0.0245059205087995,2010-03-01
15346,160479,0.0119113791235001,2010-03-01
15347,5543,0.0231571967351635,2010-06-01
15348,11220,0.0251700528079813,2010-06-01
15349,13125,0.0230976410494456,2010-06-01
15350,28629,0.0250954061829464,2010-06-01
15351,29389,0.0250954061829464,2010-06-01
15352,29649,0.0230698230659456,2010-06-01
15353,65640,0.0230698230659456,2010-06-01
15354,113490,0.0432525948699799,2010-06-01
15355,121382,0.0251700528079813,2010-06-01
15356,160479,0.028204670367371,2010-06-01
15357,11220,0.0340102993493485,2010-09-01
15358,11456,0.0378511666252571,2010-09-01
15359,24731,0.0294113712323255,2010-09-01
15360,28629,0.0337360279677957,2010-09-01
15361,29099,0.0328764695693103,2010-09-01
15362,29389,0.0378299367925593,2010-09-01
15363,29649,0.0340102993493485,2010-09-01
15364,30490,0.0437769435316191,2010-09-01
15365,65640,0.0308784616918647,2010-09-01
15366,10894,0.0420421156557896,2010-12-01
15367,11220,0.0467166575218437,2010-12-01
15368,11456,0.0407529350094083,2010-12-01
15369,24731,0.0370248534351429,2010-12-01
15370,28629,0.0467166575218437,2010-12-01
15371,28733,0.0467166575218437,2010-12-01
15372,29389,0.0467166575218437,2010-12-01
15373,29984,0.0329290637555495,2010-12-01
15374,62374,0.0769664179626906,2010-12-01
15375,7063,0.0345097262092574,2011-03-01
15376,11220,0.044555888993815,2011-03-01
15377,28733,0.0453780234689734,2011-03-01
15378,29389,0.054551497056957,2011-03-01
15379,29649,0.0392177628019068,2011-03-01
15380,29984,0.0439726350038642,2011-03-01
15381,30490,0.0419932093509021,2011-03-01
15382,62374,0.0424179671427783,2011-03-01
15383,64925,0.0408092144884553,2011-03-01
15384,8692,0.0366241752704741,2011-06-01
15385,10894,0.0341508381398786,2011-06-01
15386,11220,0.0407692361172021,2011-06-01
15387,28733,0.0423093653641256,2011-06-01
15388,29649,0.0372480385204417,2011-06-01
15389,29984,0.0481962472782391,2011-06-01
15390,62374,0.0510943768755588,2011-06-01
15391,110179,0.0344634924125164,2011-06-01
15392,113490,0.0360493718267378,2011-06-01
15393,5543,0.049207890801565,2011-09-01
15394,28629,0.0551285965294434,2011-09-01
15395,28733,0.0400969366760764,2011-09-01
15396,29649,0.0381045172285395,2011-09-01
15397,30490,0.0503121886377671,2011-09-01
15398,62374,0.0528602901161879,2011-09-01
15399,105365,0.0399475300521899,2011-09-01
15400,110179,0.0470292078036932,2011-09-01
15401,113490,0.0390494666692536,2011-09-01
15402,7063,0.0664989251254956,2011-12-01
15403,10894,0.051114781132912,2011-12-01
15404,11456,0.0491648912123981,2011-12-01
15405,13125,0.0425962002677173,2011-12-01
15406,29099,0.041739556395791,2011-12-01
15407,29984,0.0628296009305819,2011-12-01
15408,30490,0.0866131719713467,2011-12-01
15409,65290,0.0403454091973499,2011-12-01
15410,260774,0.0441156482531707,2011-12-01
15411,7063,0.0505572340281995,2012-03-01
15412,10894,0.0451578298760789,2012-03-01
15413,24731,0.0476088052986725,2012-03-01
15414,29868,0.0458130715970893,2012-03-01
15415,29984,0.07973491758284,2012-03-01
15416,30490,0.0820563645362881,2012-03-01
15417,110179,0.0395159781585366,2012-03-01
15418,160479,0.0412324740161797,2012-03-01
15419,260774,0.0515165716394935,2012-03-01
15420,5543,0.0431736926211086,2012-06-01
15421,11456,0.0457818820073827,2012-06-01
15422,28629,0.0399713359593982,2012-06-01
15423,28733,0.0403456285865869,2012-06-01
15424,29868,0.0410948966743481,2012-06-01
15425,29984,0.0454504660935878,2012-06-01
15426,105365,0.0471667295442964,2012-06-01
15427,110179,0.0444426985704052,2012-06-01
15428,113490,0.0415079053207038,2012-06-01
15429,5543,0.0453925465209694,2012-09-04
15430,11220,0.0412777416560723,2012-09-04
15431,28733,0.0484186177346646,2012-09-04
15432,29099,0.0442617975161991,2012-09-04
15433,29868,0.0438855943201874,2012-09-04
15434,29984,0.0552916976175387,2012-09-04
15435,30822,0.0506030901755963,2012-09-04
15436,110179,0.0418193103166985,2012-09-04
15437,121382,0.0485865871437746,2012-09-04
15438,7063,0.0328813269734382,2012-12-03
15439,8692,0.0328813269734382,2012-12-03
15440,10894,0.0328813269734382,2012-12-03
15441,11456,0.0328813269734382,2012-12-03
15442,13125,0.0328813269734382,2012-12-03
15443,24731,0.0346052981913089,2012-12-03
15444,29984,0.0438431464135646,2012-12-03
15445,62374,0.0328813269734382,2012-12-03
15446,112111,0.0346052981913089,2012-12-03
15447,160479,0.0328813269734382,2012-12-03
15448,7063,0.0366339311003685,2013-03-01
15449,8692,0.0371248945593833,2013-03-01
15450,10096,0.0356310531497001,2013-03-01
15451,10894,0.0359391421079635,2013-03-01
15452,28629,0.0356310531497001,2013-03-01
15453,29099,0.0356310531497001,2013-03-01
15454,29868,0.0356310531497001,2013-03-01
15455,29984,0.0356310531497001,2013-03-01
15456,30293,0.0356310531497001,2013-03-01
15457,30490,0.0368781462311744,2013-03-01
15458,121382,0.0372387655079364,2013-03-01
15459,5543,0.0359510108828544,2013-06-03
15460,7063,0.0340009592473506,2013-06-03
15461,10894,0.032984871417284,2013-06-03
15462,11456,0.0360695831477642,2013-06-03
15463,13125,0.0360695831477642,2013-06-03
15464,24731,0.0331210270524024,2013-06-03
15465,28733,0.0359510108828544,2013-06-03
15466,29984,0.0359510108828544,2013-06-03
15467,30490,0.0385475419461727,2013-06-03
15468,7063,0.0409978571273791,2013-09-03
15469,13125,0.0413366804365616,2013-09-03
15470,17639,0.0977033437269848,2013-09-03
15471,29984,0.04272575382502,2013-09-03
15472,30822,0.0399441476957499,2013-09-03
15473,65640,0.0568544635705919,2013-09-03
15474,121382,0.0881283482079126,2013-09-03
15475,138743,0.0416581442079921,2013-09-03
15476,260774,0.0426892701208736,2013-09-03
15477,8692,0.039818873665855,2013-12-02
15478,13125,0.0421238119094192,2013-12-02
15479,17639,0.0955616195348343,2013-12-02
15480,19000,0.0897381004380738,2013-12-02
15481,24731,0.0393617217164046,2013-12-02
15482,29984,0.0377101968206361,2013-12-02
15483,30490,0.0430422338829474,2013-12-02
15484,121382,0.0595211049230048,2013-12-02
15485,160991,0.0453564872616851,2013-12-02
15486,260774,0.0469232814308975,2013-12-02
15487,13125,0.0483092940051142,2014-03-03
15488,17639,0.1077417195875319,2014-03-03
15489,19000,0.0683977186240399,2014-03-03
15490,24731,0.0486559582947955,2014-03-03
15491,29984,0.0557786925956766,2014-03-03
15492,30490,0.046321771257777,2014-03-03
15493,62374,0.0504016941654892,2014-03-03
15494,65640,0.0580416575179372,2014-03-03
15495,121382,0.0968639269222313,2014-03-03
15496,260774,0.0542522345088447,2014-03-03
15497,7063,0.0463513218328177,2014-06-02
15498,8692,0.0375103368333025,2014-06-02
15499,11456,0.0355384439752952,2014-06-02
15500,13125,0.0425355065227304,2014-06-02
15501,17639,0.0775874056409367,2014-06-02
15502,24731,0.0399642957749939,2014-06-02
15503,30490,0.0429242938768145,2014-06-02
15504,62374,0.0472139995516692,2014-06-02
15505,65290,0.0401955013992864,2014-06-02
15506,65640,0.0879993961954768,2014-06-02
15507,7063,0.0308712925761938,2014-09-02
15508,8692,0.0292650964111089,2014-09-02
15509,10894,0.0335185341536998,2014-09-02
15510,11456,0.0321073904633522,2014-09-02
15511,13125,0.0292180851101875,2014-09-02
15512,17639,0.0326489694416523,2014-09-02
15513,24731,0.0321073904633522,2014-09-02
15514,30822,0.0293132420629262,2014-09-02
15515,62374,0.0338680893182754,2014-09-02
15516,112111,0.0344842635095119,2014-09-02
15517,5543,0.0307546146214008,2014-12-01
15518,10894,0.0311151258647441,2014-12-01
15519,11220,0.0307546146214008,2014-12-01
15520,17639,0.0355976708233356,2014-12-01
15521,28733,0.0307546146214008,2014-12-01
15522,29649,0.0307546146214008,2014-12-01
15523,29984,0.0308685284107923,2014-12-01
15524,30822,0.0308685284107923,2014-12-01
15525,64821,0.0307546146214008,2014-12-01
15526,64925,0.0307546146214008,2014-12-01
15527,65290,0.0334852635860443,2014-12-01
15528,112111,0.0346451327204704,2014-12-01
15529,121382,0.0412642136216163,2014-12-01
15530,138743,0.0307546146214008,2014-12-01
15531,160991,0.0307546146214008,2014-12-01
15532,5543,0.0323316007852554,2015-03-02
15533,10894,0.0324890241026878,2015-03-02
15534,11220,0.0323316007852554,2015-03-02
15535,17639,0.035941231995821,2015-03-02
15536,29649,0.0323316007852554,2015-03-02
15537,29984,0.0324890241026878,2015-03-02
15538,30293,0.0323316007852554,2015-03-02
15539,64821,0.0323316007852554,2015-03-02
15540,64925,0.0323316007852554,2015-03-02
15541,112111,0.0385709553956985,2015-03-02
15542,113490,0.0323316007852554,2015-03-02
15543,121382,0.0598075352609157,2015-03-02
15544,13125,0.0374869607974728,2015-06-01
15545,24731,0.0377800987046387,2015-06-01
15546,29099,0.0338384470124707,2015-06-01
15547,29389,0.0337311296133628,2015-06-01
15548,30293,0.0339495204638705,2015-06-01
15549,30490,0.0355624849162697,2015-06-01
15550,65290,0.0346424037591907,2015-06-01
15551,112111,0.0735825020084023,2015-06-01
15552,121382,0.0623731692172943,2015-06-01
15553,160991,0.0368718974422349,2015-06-01
15554,5543,0.0356787908406715,2015-09-01
15555,7063,0.0409971345683781,2015-09-01
15556,13125,0.0441992357093285,2015-09-01
15557,17639,0.043068849654885,2015-09-01
15558,19000,0.0449577203729967,2015-09-01
15559,30293,0.0351113912066649,2015-09-01
15560,62374,0.0552167081488266,2015-09-01
15561,110179,0.0374384283067461,2015-09-01
15562,112111,0.1206535713827553,2015-09-01
15563,121382,0.0793641790756854,2015-09-01
15564,13125,0.0375615403234227,2015-12-01
15565,17639,0.0393854690356159,2015-12-01
15566,26410,0.073920393744595,2015-12-01
15567,29389,0.0332918844098214,2015-12-01
15568,29649,0.0348801669109637,2015-12-01
15569,62374,0.04144651349651,2015-12-01
15570,64821,0.0329163128778637,2015-12-01
15571,65290,0.0328708254697138,2015-12-01
15572,112111,0.0874546097467412,2015-12-01
15573,121382,0.073920393744595,2015-12-01
15574,8692,0.0359263403767003,2016-03-01
15575,10096,0.0356302118765033,2016-03-01
15576,13125,0.0445500383216869,2016-03-01
15577,30490,0.0380601634767746,2016-03-01
15578,64821,0.0353510926564293,2016-03-01
15579,65290,0.0353510926564293,2016-03-01
15580,105365,0.0366339875982516,2016-03-01
15581,110179,0.0353510926564293,2016-03-01
15582,112111,0.0668617968879951,2016-03-01
15583,121382,0.0769844321697799,2016-03-01
15584,160991,0.0393269599362453,2016-03-01
15585,260774,0.0363793777719901,2016-03-01
15586,11220,0.0588858990722019,2016-06-01
15587,17639,0.0370365042950121,2016-06-01
15588,19000,0.0364045737428595,2016-06-01
15589,26410,0.0320613165610067,2016-06-01
15590,62374,0.0427517779709602,2016-06-01
15591,65290,0.030503454275179,2016-06-01
15592,110179,0.030503454275179,2016-06-01
15593,112111,0.0322170889224233,2016-06-01
15594,121382,0.0720107138862899,2016-06-01
15595,138743,0.0365523837358165,2016-06-01
15596,160991,0.030533041150396,2016-06-01
15597,8692,0.0704097760297267,2016-09-01
15598,11456,0.0416769414854125,2016-09-01
15599,17639,0.0659515345755281,2016-09-01
15600,19000,0.0399181408770118,2016-09-01
15601,30490,0.0487667627097149,2016-09-01
15602,62374,0.0587637259988179,2016-09-01
15603,64821,0.0397262485442384,2016-09-01
15604,65290,0.035601241183535,2016-09-01
15605,65640,0.0457027622230312,2016-09-01
15606,112111,0.0422389565633103,2016-09-01
15607,5543,0.0353272360735013,2016-12-01
15608,8692,0.0433264397140807,2016-12-01
15609,11456,0.0396827732088105,2016-12-01
15610,17639,0.0647818257421604,2016-12-01
15611,19000,0.0413186981670523,2016-12-01
15612,62374,0.0373077731986833,2016-12-01
15613,65290,0.0344869418031353,2016-12-01
15614,65640,0.0588150295412215,2016-12-01
15615,112111,0.0359585165421795,2016-12-01
15616,121382,0.0436679916326823,2016-12-01
15617,5543,0.0353616021751365,2017-03-01
15618,10894,0.039487871698167,2017-03-01
15619,17639,0.039555677143816,2017-03-01
15620,30004,0.077926429581218,2017-03-01
15621,62374,0.0343301962825356,2017-03-01
15622,64821,0.0350779282814582,2017-03-01
15623,65290,0.0428303880543237,2017-03-01
15624,65640,0.0509985666482029,2017-03-01
15625,112111,0.0388888183126528,2017-03-01
15626,260774,0.0412997456824933,2017-03-01
15627,8692,0.0408537504815318,2017-06-01
15628,17639,0.0519319922714986,2017-06-01
15629,19000,0.0271199751505837,2017-06-01
15630,24731,0.0378036812263753,2017-06-01
15631,29099,0.0311455977197641,2017-06-01
15632,29868,0.0285655233495907,2017-06-01
15633,30004,0.0424647303441336,2017-06-01
15634,62374,0.0350667940477597,2017-06-01
15635,65290,0.0271308388570554,2017-06-01
15636,65640,0.0503759209402474,2017-06-01
15637,7063,0.0303047285259976,2017-09-01
15638,17639,0.0681014144930144,2017-09-01
15639,24731,0.0612182869708179,2017-09-01
15640,29868,0.0240881946712039,2017-09-01
15641,30004,0.033244364333777,2017-09-01
15642,30490,0.0248660494283338,2017-09-01
15643,30822,0.025193961125474,2017-09-01
15644,62374,0.03645045163876,2017-09-01
15645,65290,0.0372627626925669,2017-09-01
15646,65640,0.0333527488423073,2017-09-01
15647,5543,0.0170726757496595,2017-12-01
15648,17639,0.0170726757496595,2017-12-01
15649,24731,0.0170726757496595,2017-12-01
15650,28733,0.0170726757496595,2017-12-01
15651,29099,0.0170726757496595,2017-12-01
15652,29649,0.0170726757496595,2017-12-01
15653,29868,0.0170726757496595,2017-12-01
15654,30004,0.0170726757496595,2017-12-01
15655,30490,0.0200993996113538,2017-12-01
15656,62374,0.0200993996113538,2017-12-01
15657,64821,0.0170726757496595,2017-12-01
15658,64925,0.0170726757496595,2017-12-01
15659,65290,0.0170726757496595,2017-12-01
15660,65640,0.0170726757496595,2017-12-01
15661,105365,0.0200993996113538,2017-12-01
15662,110179,0.0170726757496595,2017-12-01
15663,113490,0.0170726757496595,2017-12-01
15664,138743,0.0170726757496595,2017-12-01
15665,5543,0.0188081450760364,2018-03-01
15666,11220,0.0188081450760364,2018-03-01
15667,11456,0.0188081450760364,2018-03-01
15668,13125,0.0188081450760364,2018-03-01
15669,17639,0.0188081450760364,2018-03-01
15670,24731,0.0188081450760364,2018-03-01
15671,30490,0.0218058377504348,2018-03-01
15672,32580,0.0188081450760364,2018-03-01
15673,62374,0.0218058377504348,2018-03-01
15674,65290,0.0188081450760364,2018-03-01
15675,105365,0.0216828323900699,2018-03-01
15676,5543,0.0186612457036972,2018-06-01
15677,7063,0.0186612457036972,2018-06-01
15678,8692,0.0186612457036972,2018-06-01
15679,11456,0.0186612457036972,2018-06-01
15680,13125,0.0186612457036972,2018-06-01
15681,17639,0.0186612457036972,2018-06-01
15682,24731,0.0186612457036972,2018-06-01
15683,29649,0.0186612457036972,2018-06-01
15684,29984,0.0233861915767192,2018-06-01
15685,30004,0.0186612457036972,2018-06-01
15686,62374,0.021352419629693,2018-06-01
15687,65290,0.0186612457036972,2018-06-01
15688,65640,0.0186612457036972,2018-06-01
15689,105365,0.0209135226905345,2018-06-01
15690,138743,0.0186612457036972,2018-06-01
15691,5543,0.0213695093989372,2018-09-04
15692,8692,0.0213695093989372,2018-09-04
15693,11220,0.0240160692483186,2018-09-04
15694,11456,0.0214357487857341,2018-09-04
15695,13125,0.0213695093989372,2018-09-04
15696,17639,0.0213695093989372,2018-09-04
15697,24731,0.0213695093989372,2018-09-04
15698,62374,0.0240160692483186,2018-09-04
15699,65640,0.0218453668057918,2018-09-04
15700,105365,0.0236613098531961,2018-09-04
15701,138743,0.0213695093989372,2018-09-04
15702,4605,0.0226156301796436,2018-12-03
15703,5543,0.0226156301796436,2018-12-03
15704,8692,0.0226156301796436,2018-12-03
15705,10894,0.0226156301796436,2018-12-03
15706,13125,0.0226156301796436,2018-12-03
15707,17639,0.0226156301796436,2018-12-03
15708,24731,0.0226156301796436,2018-12-03
15709,28629,0.0226156301796436,2018-12-03
15710,28733,0.0226156301796436,2018-12-03
15711,29099,0.0226156301796436,2018-12-03
15712,29649,0.0226156301796436,2018-12-03
15713,29868,0.0226156301796436,2018-12-03
15714,30004,0.0226156301796436,2018-12-03
15715,32580,0.0226156301796436,2018-12-03
15716,62374,0.0254932735115289,2018-12-03
15717,64821,0.0226156301796436,2018-12-03
15718,64925,0.0226156301796436,2018-12-03
15719,65290,0.0226156301796436,2018-12-03
15720,105365,0.0254932735115289,2018-12-03
15721,110179,0.0226156301796436,2018-12-03
15722,113490,0.0226156301796436,2018-12-03
15723,138743,0.0226156301796436,2018-12-03
15724,160991,0.0226156301796436,2018-12-03
15725,10894,0.0211543813347816,2019-03-01
15726,11456,0.0234145130962133,2019-03-01
15727,13125,0.0218434352427721,2019-03-01
15728,17639,0.0251755565404891,2019-03-01
15729,29868,0.0247629340738058,2019-03-01
15730,30004,0.0218434352427721,2019-03-01
15731,32580,0.0216165408492088,2019-03-01
15732,65640,0.0239145942032337,2019-03-01
15733,105365,0.021095011383295,2019-03-01
15734,138743,0.0239667762070894,2019-03-01
15735,11456,0.0253787133842706,2019-09-03
15736,17639,0.0231632143259048,2019-09-03
15737,24731,0.0234402082860469,2019-09-03
15738,29868,0.0253787133842706,2019-09-03
15739,30004,0.0229196771979331,2019-09-03
15740,62374,0.0235155448317527,2019-09-03
15741,64925,0.0229858979582786,2019-09-03
15742,65640,0.0245001185685396,2019-09-03
15743,113490,0.0238954070955514,2019-09-03
15744,121382,0.0275876149535179,2019-09-03
15745,8692,0.0470466390252113,2019-12-02
15746,11456,0.0492145977914333,2019-12-02
15747,17639,0.0435370951890945,2019-12-02
15748,19000,0.0407961905002594,2019-12-02
15749,24731,0.0393435657024383,2019-12-02
15750,29389,0.043819636106491,2019-12-02
15751,29868,0.0497075803577899,2019-12-02
15752,64925,0.0398906134068965,2019-12-02
15753,65290,0.0392819121479988,2019-12-02
15754,65640,0.0460953004658222,2019-12-02
15755,113490,0.0392322950065135,2019-12-02
15756,7063,0.0532367496026491,2020-03-02
15757,11456,0.0598925474094438,2020-03-02
15758,19000,0.048229405026347,2020-03-02
15759,24731,0.0588557889763268,2020-03-02
15760,29868,0.0837135872517113,2020-03-02
15761,30490,0.0561934870260216,2020-03-02
15762,65640,0.053068203125819,2020-03-02
15763,110179,0.050196201480271,2020-03-02
15764,121382,0.0506215525027526,2020-03-02
15765,260774,0.0554872706523666,2020-03-02
15766,5543,0.043827252101476,2020-06-01
15767,7063,0.0495046764964753,2020-06-01
15768,11456,0.0601152314806187,2020-06-01
15769,17639,0.0477021310300936,2020-06-01
15770,24731,0.0639575177455631,2020-06-01
15771,29099,0.0499183175773691,2020-06-01
15772,29868,0.0737546450178367,2020-06-01
15773,30004,0.04470855083144,2020-06-01
15774,32580,0.0478930995717152,2020-06-01
15775,65290,0.0590366092087501,2020-06-01
15776,110179,0.0617081332989204,2020-06-01
15777,8692,0.0461351919179422,2020-09-01
15778,11456,0.0476580821243158,2020-09-01
15779,17639,0.0385886132758872,2020-09-01
15780,19000,0.0364691675813295,2020-09-01
15781,24731,0.0459105955439305,2020-09-01
15782,29868,0.0536618636529481,2020-09-01
15783,30004,0.0393253603622012,2020-09-01
15784,32580,0.0392688309161672,2020-09-01
15785,62374,0.0393727469434181,2020-09-01
15786,65290,0.0392218582011243,2020-09-01
15787,110179,0.0408830595318521,2020-09-01
15788,7063,0.0414145853107778,2020-12-01
15789,8692,0.0400048955151483,2020-12-01
15790,11220,0.0367327211401222,2020-12-01
15791,11456,0.0416156418391055,2020-12-01
15792,17639,0.0366511573575818,2020-12-01
15793,24731,0.0384342483902832,2020-12-01
15794,29099,0.03659979811725,2020-12-01
15795,29868,0.045019337447438,2020-12-01
15796,30004,0.036587048744527,2020-12-01
15797,36967,0.0403057738778506,2020-12-01
15798,110179,0.0363741495018168,2020-12-01
15799,7063,0.0374832148140304,2021-03-01
15800,8692,0.0362228145678896,2021-03-01
15801,11220,0.0345941389671525,2021-03-01
15802,17639,0.0370630879338772,2021-03-01
15803,19000,0.0414032325349647,2021-03-01
15804,29099,0.0346423010973616,2021-03-01
15805,29868,0.0433717488290438,2021-03-01
15806,30490,0.0371581199354246,2021-03-01
15807,36967,0.0404852200664616,2021-03-01
15808,110179,0.0315016312668308,2021-03-01
15809,260774,0.0343934749355761,2021-03-01
15810,7063,0.0292516258019233,2021-06-01
15811,8692,0.0263538060124052,2021-06-01
15812,11456,0.0311674153499571,2021-06-01
15813,17639,0.0285418419325959,2021-06-01
15814,19000,0.0348495914527768,2021-06-01
15815,29868,0.0308558425952888,2021-06-01
15816,30004,0.0274271777377345,2021-06-01
15817,30490,0.0330193666249866,2021-06-01
15818,112111,0.0266017209091235,2021-06-01
15819,138743,0.0307078738185995,2021-06-01
15820,260774,0.0303511753710321,2021-06-01
15821,4605,0.0236440095097823,2021-09-01
15822,13125,0.0237191898658267,2021-09-01
15823,17639,0.0229956359844425,2021-09-01
15824,24731,0.0364164768795714,2021-09-01
15825,26410,0.0241696452143511,2021-09-01
15826,29389,0.0225259548274802,2021-09-01
15827,29984,0.0231665804990705,2021-09-01
15828,30004,0.026697818129073,2021-09-01
15829,30490,0.0244294865326052,2021-09-01
15830,65640,0.0251289053332859,2021-09-01
15831,260774,0.029685536130846,2021-09-01
15832,4605,0.0197748746722936,2021-12-01
15833,5543,0.0197748746722936,2021-12-01
15834,8692,0.0259723123162984,2021-12-01
15835,10096,0.0200215522199869,2021-12-01
15836,11220,0.0226708091795444,2021-12-01
15837,13125,0.0197748746722936,2021-12-01
15838,17639,0.0197748746722936,2021-12-01
15839,24731,0.0197748746722936,2021-12-01
15840,26410,0.0197748746722936,2021-12-01
15841,29099,0.0197748746722936,2021-12-01
15842,29868,0.0226708091795444,2021-12-01
15843,29875,0.0215047970414161,2021-12-01
15844,32580,0.0229567065834999,2021-12-01
15845,36967,0.0197748746722936,2021-12-01
15846,64925,0.0197748746722936,2021-12-01
15847,65640,0.0197748746722936,2021-12-01
15848,105365,0.0200215522199869,2021-12-01
15849,110179,0.0197748746722936,2021-12-01
15850,112111,0.0229689050465822,2021-12-01
15851,138743,0.0229689050465822,2021-12-01
15852,160991,0.0197748746722936,2021-12-01
15853,260774,0.0248926002532243,2021-12-01
15854,4605,0.0192096934902976,2022-03-01
15855,5543,0.0199405625485816,2022-03-01
15856,8692,0.0178723325583961,2022-03-01
15857,10096,0.0190386832028734,2022-03-01
15858,11220,0.0223712912216045,2022-03-01
15859,17639,0.0207889726918554,2022-03-01
15860,29099,0.0181950328346113,2022-03-01
15861,29984,0.0188573077010021,2022-03-01
15862,30490,0.019847302154884,2022-03-01
15863,62374,0.0279718767637862,2022-03-01
15864,65290,0.0190386832028734,2022-03-01
15865,29868,0.0324652048993991,2022-06-01
15866,29984,0.0275295116947318,2022-06-01
15867,30490,0.0261270645267642,2022-06-01
15868,32580,0.0275295116947318,2022-06-01
15869,62374,0.0312316984464047,2022-06-01
15870,65290,0.0270400509837692,2022-06-01
15871,65640,0.023212668583985,2022-06-01
15872,105365,0.0249485403401551,2022-06-01
15873,112111,0.0275295116947318,2022-06-01
15874,121382,0.0275295116947318,2022-06-01
15875,260774,0.0227108844819718,2022-06-01
15876,7063,0.0320795711725131,2022-09-01
15877,11456,0.038455686916733,2022-09-01
15878,17639,0.030491447077553,2022-09-01
15879,19000,0.0363144302209807,2022-09-01
15880,24731,0.0305889758768957,2022-09-01
15881,29868,0.040465651213688,2022-09-01
15882,30004,0.0302302468016499,2022-09-01
15883,30490,0.0337035540197411,2022-09-01
15884,36967,0.0329382840403818,2022-09-01
15885,112111,0.0373553722617977,2022-09-01
15886,260774,0.0319875747040923,2022-09-01
15887,5543,0.0285800324063401,2022-12-01
15888,7063,0.0282584759607083,2022-12-01
15889,11456,0.0327724457148493,2022-12-01
15890,17639,0.0283512417223225,2022-12-01
15891,19000,0.03695958781967,2022-12-01
15892,24731,0.0322558097961779,2022-12-01
15893,29868,0.0287762429332882,2022-12-01
15894,30004,0.0306037517691338,2022-12-01
15895,30490,0.0365364233519311,2022-12-01
15896,36967,0.0352300869058077,2022-12-01
15897,112111,0.0290791250684121,2022-12-01
15898,7063,0.021700756624341,2023-03-01
15899,8692,0.021831763908267,2023-03-01
15900,11220,0.0243595819920301,2023-03-01
15901,11456,0.0220857094973325,2023-03-01
15902,19000,0.0251933522522449,2023-03-01
15903,29868,0.038155298680067,2023-03-01
15904,29984,0.0223459154367446,2023-03-01
15905,62374,0.0394053123891353,2023-03-01
15906,112111,0.022797742858529,2023-03-01
15907,113490,0.0217575412243604,2023-03-01
15908,138743,0.021831763908267,2023-03-01
15909,17639,0.0208979187130967,2023-06-01
15910,19000,0.0219647820852841,2023-06-01
15911,26410,0.0207679626907855,2023-06-01
15912,29868,0.0276803856978205,2023-06-01
15913,30004,0.0208979187130967,2023-06-01
15914,30490,0.0249396316409522,2023-06-01
15915,35959,0.025782828586411,2023-06-01
15916,36967,0.0218247157739525,2023-06-01
15917,62374,0.0272535193596044,2023-06-01
15918,64821,0.0218247157739525,2023-06-01
15919,112111,0.0226753280543453,2023-06-01
15920,8692,0.0249645392842043,2023-09-01
15921,11456,0.0220331963517617,2023-09-01
15922,13125,0.0184964606158233,2023-09-01
15923,19000,0.0209497884991331,2023-09-01
15924,26410,0.0167665342153318,2023-09-01
15925,28733,0.0171939511068434,2023-09-01
15926,62374,0.0179619669763119,2023-09-01
15927,110179,0.0174762240827845,2023-09-01
15928,112111,0.0178451302410567,2023-09-01
15929,113490,0.0175438579629525,2023-09-01
15930,260774,0.0203616337346204,2023-09-01
15931,7063,0.0171442694139333,2023-12-01
15932,8692,0.0224350284812874,2023-12-01
15933,11456,0.022604383895318,2023-12-01
15934,17639,0.0178334278339065,2023-12-01
15935,19000,0.0200474576218718,2023-12-01
15936,26410,0.0176062061029156,2023-12-01
15937,28629,0.0169214457992232,2023-12-01
15938,28733,0.0173728845969376,2023-12-01
15939,30004,0.0178334278339065,2023-12-01
15940,112111,0.0196113789837479,2023-12-01
15941,260774,0.0201552670477058,2023-12-01
15942,4605,0.0124189155480764,2024-03-01
15943,10894,0.0137667864019822,2024-03-01
15944,28629,0.0130583040858959,2024-03-01
15945,29649,0.0127658721248486,2024-03-01
15946,29875,0.0127658721248486,2024-03-01
15947,30822,0.0108890501966945,2024-03-01
15948,62374,0.016409586053683,2024-03-01
15949,64925,0.0117330867115611,2024-03-01
15950,65640,0.0130779297148019,2024-03-01
15951,113490,0.0153683013921936,2024-03-01
15952,160479,0.0127658721248486,2024-03-01
15953,7063,0.011054021859061,2024-06-03
15954,8692,0.0120360722297785,2024-06-03
15955,11456,0.014430036037984,2024-06-03
15956,17639,0.0128543369655399,2024-06-03
15957,26410,0.0125501515415088,2024-06-03
15958,28629,0.0117122818833892,2024-06-03
15959,28733,0.01014944725128,2024-06-03
15960,29099,0.0103834723700747,2024-06-03
15961,30004,0.0125501515415088,2024-06-03
15962,32580,0.0104480955937833,2024-06-03
15963,260774,0.0128595196026702,2024-06-03
15964,4605,0.0124228287470057,2024-09-03
15965,5543,0.0143318105400314,2024-09-03
15966,24731,0.0139753409591114,2024-09-03
15967,30490,0.0125144589146663,2024-09-03
15968,36967,0.0133237600839991,2024-09-03
15969,45445,0.0133278988503405,2024-09-03
15970,62374,0.0150111967798935,2024-09-03
15971,65640,0.0134109816913114,2024-09-03
15972,112111,0.012744709924289,2024-09-03
15973,113490,0.0125143193186935,2024-09-03
15974,260774,0.0142199984246044,2024-09-03
15975,7063,0.0130748650907651,2024-12-02
15976,8692,0.0132340710742873,2024-12-02
15977,11456,0.0198263096594393,2024-12-02
15978,13125,0.015108579608884,2024-12-02
15979,17639,0.0162623026099351,2024-12-02
15980,26410,0.0144056029015135,2024-12-02
15981,28733,0.0142663196488063,2024-12-02
15982,29099,0.0129694809956752,2024-12-02
15983,30004,0.0167243223057137,2024-12-02
15984,112111,0.0173717083183389,2024-12-02
15985,260774,0.0153720511060967,2024-12-02
