observation_date,VIXCLS
2009/1/2,34.529998779296875
2009/1/5,35.83000183105469
2009/1/6,35.400001525878906
2009/1/7,39.34000015258789
2009/1/8,38.709999084472656
2009/1/9,39.060001373291016
2009/1/12,41.63999938964844
2009/1/13,39.84000015258789
2009/1/14,44.279998779296875
2009/1/15,44.95000076293945
2009/1/16,41.56999969482422
2009/1/20,50.189998626708984
2009/1/21,41.099998474121094
2009/1/22,41.54999923706055
2009/1/23,41.650001525878906
2009/1/26,40.16999816894531
2009/1/27,37.97999954223633
2009/1/28,34.790000915527344
2009/1/29,37.790000915527344
2009/1/30,39.58000183105469
2009/2/2,40.13999938964844
2009/2/3,37.63999938964844
2009/2/4,37.99000168
2009/2/5,38.13999938964844
2009/2/6,37.560001373291016
2009/2/9,38.029998779296875
2009/2/10,41.27000045776367
2009/2/11,39.25999832
2009/2/12,37.130001068115234
2009/2/13,38.150001525878906
2009/2/17,43.349998474121094
2009/2/18,42.720001220703125
2009/2/19,41.720001220703125
2009/2/20,43.619998931884766
2009/2/23,47.02000045776367
2009/2/24,40.61000061035156
2009/2/25,40.20000076293945
2009/2/26,40.41999816894531
2009/2/27,41.45000076293945
2009/3/2,46.81999969482422
2009/3/3,45.75999832
2009/3/4,42.15999984741211
2009/3/5,45.400001525878906
2009/3/6,43.849998474121094
2009/3/9,45
2009/3/10,39.400001525878906
2009/3/11,39.189998626708984
2009/3/12,36.66999816894531
2009/3/13,37.79999923706055
2009/3/16,39.09000015258789
2009/3/17,36.369998931884766
2009/3/18,36.5
2009/3/19,39.04999923706055
2009/3/20,41.43000030517578
2009/3/23,38.09000015258789
2009/3/24,38.95000076293945
2009/3/25,37.45000076293945
2009/3/26,36.060001373291016
2009/3/27,36.79999923706055
2009/3/30,40.650001525878906
2009/3/31,39.900001525878906
2009/4/1,37.619998931884766
2009/4/2,37.83000183105469
2009/4/3,36.18000030517578
2009/4/6,36.77000045776367
2009/4/7,36.619998931884766
2009/4/8,35.29999923706055
2009/4/9,33.31999969482422
2009/4/13,34.279998779296875
2009/4/14,34.31999969482422
2009/4/15,33.189998626708984
2009/4/16,32.16999816894531
2009/4/17,31.09000015258789
2009/4/20,35.54999923706055
2009/4/21,33.720001220703125
2009/4/22,34.849998474121094
2009/4/23,33.59000015258789
2009/4/24,33.130001068115234
2009/4/27,34.31999969482422
2009/4/28,34.279998779296875
2009/4/29,32.58000183105469
2009/4/30,32.720001220703125
2009/5/1,31.579999923706055
2009/5/4,30.969999313354492
2009/5/5,30.299999237060547
2009/5/6,29.260000228881836
2009/5/7,30.190000534057617
2009/5/8,28.649999618530273
2009/5/11,28.979999542236328
2009/5/12,27.84000015258789
2009/5/13,29.440000534057617
2009/5/14,28.010000228881836
2009/5/15,28.799999237060547
2009/5/18,26.290000915527344
2009/5/19,25.280000686645508
2009/5/20,25.709999084472656
2009/5/21,27.68000030517578
2009/5/22,29.09000015258789
2009/5/26,27.290000915527344
2009/5/27,28.709999084472656
2009/5/28,28.149999618530273
2009/5/29,25.329999923706055
2009/6/1,26.93000030517578
2009/6/2,26.62999916
2009/6/3,27.34000015258789
2009/6/4,26.920000076293945
2009/6/5,26.56999969482422
2009/6/8,26.540000915527344
2009/6/9,25.290000915527344
2009/6/10,25.290000915527344
2009/6/11,25.389999389648438
2009/6/12,25.12999916
2009/6/15,27.950000762939453
2009/6/16,28.90999984741211
2009/6/17,28.059999465942383
2009/6/18,26.829999923706055
2009/6/19,24.989999771118164
2009/6/22,28.25
2009/6/23,27.59000015258789
2009/6/24,26.239999771118164
2009/6/25,23.920000076293945
2009/6/26,23.600000381469727
2009/6/29,22.690000534057617
2009/6/30,23.469999313354492
2009/7/1,23.549999237060547
2009/7/2,25.09000015258789
2009/7/6,25.75
2009/7/7,27.479999542236328
2009/7/8,27.940000534057617
2009/7/9,26.690000534057617
2009/7/10,26.010000228881836
2009/7/13,23.59000015258789
2009/7/14,23.06999969482422
2009/7/15,23.139999389648438
2009/7/16,22
2009/7/17,21.329999923706055
2009/7/20,21.190000534057617
2009/7/21,20.639999389648438
2009/7/22,20.719999313354492
2009/7/23,21.020000457763672
2009/7/24,20.459999084472656
2009/7/27,21.770000457763672
2009/7/28,22.260000228881836
2009/7/29,22.709999084472656
2009/7/30,22.610000610351562
2009/7/31,22.989999771118164
2009/8/3,22.87000084
2009/8/4,22.200000762939453
2009/8/5,22.059999465942383
2009/8/6,23.049999237060547
2009/8/7,22.260000228881836
2009/8/10,22.40999984741211
2009/8/11,23.31999969482422
2009/8/12,22.899999618530273
2009/8/13,22.15999984741211
2009/8/14,21.87000084
2009/8/17,25.200000762939453
2009/8/18,23.59000015258789
2009/8/19,23.389999389648438
2009/8/20,22.62999916
2009/8/21,22.459999084472656
2009/8/24,22.34000015258789
2009/8/25,22.239999771118164
2009/8/26,22.309999465942383
2009/8/27,21.93000030517578
2009/8/28,21.790000915527344
2009/8/31,23.139999389648438
2009/9/1,26.010000228881836
2009/9/2,25.780000686645508
2009/9/3,24.040000915527344
2009/9/4,22.5
2009/9/8,23.010000228881836
2009/9/9,21.700000762939453
2009/9/10,21.149999618530273
2009/9/11,21.399999618530273
2009/9/14,21.079999923706055
2009/9/15,20.829999923706055
2009/9/16,21.260000228881836
2009/9/17,21.149999618530273
2009/9/18,21.219999313354492
2009/9/21,21.329999923706055
2009/9/22,20.75
2009/9/23,21
2009/9/24,22.12999916
2009/9/25,22.5
2009/9/28,22.06999969482422
2009/9/29,22.489999771118164
2009/9/30,22.790000915527344
2009/10/1,25.09000015258789
2009/10/2,25.139999389648438
2009/10/5,23.790000915527344
2009/10/6,22.649999618530273
2009/10/7,21.799999237060547
2009/10/8,21.420000076293945
2009/10/9,20.219999313354492
2009/10/12,19.920000076293945
2009/10/13,20.280000686645508
2009/10/14,20.040000915527344
2009/10/15,19.110000610351562
2009/10/16,18.56999969482422
2009/10/19,18.739999771118164
2009/10/20,17.959999084472656
2009/10/21,19.270000457763672
2009/10/22,18.010000228881836
2009/10/23,19.309999465942383
2009/10/26,21.450000762939453
2009/10/27,22.049999237060547
2009/10/28,24.790000915527344
2009/10/29,21.739999771118164
2009/10/30,26.81999969482422
2009/11/2,26.190000534057617
2009/11/3,25.209999084472656
2009/11/4,24.440000534057617
2009/11/5,22.280000686645508
2009/11/6,21.190000534057617
2009/11/9,20.219999313354492
2009/11/10,20.030000686645508
2009/11/11,20.020000457763672
2009/11/12,21.31999969482422
2009/11/13,20.440000534057617
2009/11/16,19.93000030517578
2009/11/17,19.510000228881836
2009/11/18,19.280000686645508
2009/11/19,19.889999389648438
2009/11/20,19.459999084472656
2009/11/23,18.510000228881836
2009/11/24,18.110000610351562
2009/11/25,17.979999542236328
2009/11/27,21.809999465942383
2009/11/30,21.62000084
2009/12/1,19.549999237060547
2009/12/2,18.780000686645508
2009/12/3,19.989999771118164
2009/12/4,19.229999542236328
2009/12/7,19.670000076293945
2009/12/8,20.940000534057617
2009/12/9,20.18000030517578
2009/12/10,19.469999313354492
2009/12/11,18.700000762939453
2009/12/14,18.229999542236328
2009/12/15,18.799999237060547
2009/12/16,18.350000381469727
2009/12/17,19.770000457763672
2009/12/18,19.440000534057617
2009/12/21,18.729999542236328
2009/12/22,17.31999969482422
2009/12/23,17.479999542236328
2009/12/24,16.969999313354492
2009/12/28,17.40999984741211
2009/12/29,17.59000015258789
2009/12/30,17.690000534057617
2009/12/31,18.969999313354492
2010/1/4,18.200000762939453
2010/1/5,17.600000381469727
2010/1/6,17.329999923706055
2010/1/7,17.200000762939453
2010/1/8,16.59000015258789
2010/1/11,16.010000228881836
2010/1/12,16.200000762939453
2010/1/13,16.139999389648438
2010/1/14,15.59000015258789
2010/1/15,15.739999771118164
2010/1/19,15.81000042
2010/1/20,16.389999389648438
2010/1/21,19.729999542236328
2010/1/22,24.200000762939453
2010/1/25,23.010000228881836
2010/1/26,21.87000084
2010/1/27,20.56999969482422
2010/1/28,21.239999771118164
2010/1/29,21.62999916
2010/2/1,19.979999542236328
2010/2/2,18.90999984741211
2010/2/3,18.780000686645508
2010/2/4,22.770000457763672
2010/2/5,22.950000762939453
2010/2/8,23.389999389648438
2010/2/9,22.62999916
2010/2/10,22.25
2010/2/11,20.84000015258789
2010/2/12,20.229999542236328
2010/2/16,19.350000381469727
2010/2/17,18.959999084472656
2010/2/18,18.149999618530273
2010/2/19,17.90999984741211
2010/2/22,17.790000915527344
2010/2/23,19.09000015258789
2010/2/24,17.84000015258789
2010/2/25,17.809999465942383
2010/2/26,17.420000076293945
2010/3/1,17.06999969482422
2010/3/2,16.850000381469727
2010/3/3,16.860000610351562
2010/3/4,16.5
2010/3/5,15.520000457763672
2010/3/8,15.869999885559082
2010/3/9,15.960000038146973
2010/3/10,16.729999542236328
2010/3/11,16.219999313354492
2010/3/12,15.800000190734863
2010/3/15,16.09000015258789
2010/3/16,15.829999923706055
2010/3/17,15.5
2010/3/18,15.020000457763672
2010/3/19,15.289999961853027
2010/3/22,15.18999958
2010/3/23,14.680000305175781
2010/3/24,15.34000015258789
2010/3/25,16.420000076293945
2010/3/26,15.869999885559082
2010/3/29,15.979999542236328
2010/3/30,15.460000038146973
2010/3/31,15.640000343322754
2010/4/1,15.68999958
2010/4/5,15.479999542236328
2010/4/6,14.920000076293945
2010/4/7,15.399999618530273
2010/4/8,15.119999885559082
2010/4/9,14.739999771118164
2010/4/12,14.369999885559082
2010/4/13,14.600000381469727
2010/4/14,14.25
2010/4/15,14.050000190734863
2010/4/16,16.12000084
2010/4/19,15.369999885559082
2010/4/20,13.989999771118164
2010/4/21,14.300000190734863
2010/4/22,14.550000190734863
2010/4/23,14.630000114440918
2010/4/26,15.430000305175781
2010/4/27,19.90999984741211
2010/4/28,18.479999542236328
2010/4/29,16.540000915527344
2010/4/30,19.649999618530273
2010/5/3,17.790000915527344
2010/5/4,21.170000076293945
2010/5/5,22.31999969482422
2010/5/6,27.350000381469727
2010/5/7,35.90999984741211
2010/5/10,25.93000030517578
2010/5/11,25.040000915527344
2010/5/12,22.420000076293945
2010/5/13,23.450000762939453
2010/5/14,27.670000076293945
2010/5/17,27.149999618530273
2010/5/18,29.670000076293945
2010/5/19,31.68000030517578
2010/5/20,40.720001220703125
2010/5/21,35.47999954223633
2010/5/24,33.90999984741211
2010/5/25,31.59000015258789
2010/5/26,31.200000762939453
2010/5/27,26.479999542236328
2010/5/28,28.670000076293945
2010/6/1,31.969999313354492
2010/6/2,26.959999084472656
2010/6/3,26.510000228881836
2010/6/4,31.43000030517578
2010/6/7,33.16999816894531
2010/6/8,30.280000686645508
2010/6/9,29.940000534057617
2010/6/10,27.149999618530273
2010/6/11,25.43000030517578
2010/6/14,25.530000686645508
2010/6/15,22.940000534057617
2010/6/16,22.729999542236328
2010/6/17,22.209999084472656
2010/6/18,21.229999542236328
2010/6/21,21.93000030517578
2010/6/22,24.06999969482422
2010/6/23,23.87000084
2010/6/24,26.229999542236328
2010/6/25,25.37000084
2010/6/28,25.670000076293945
2010/6/29,30.559999465942383
2010/6/30,30.540000915527344
2010/7/1,29.37000084
2010/7/2,27.559999465942383
2010/7/6,26.690000534057617
2010/7/7,23.829999923706055
2010/7/8,22.65999984741211
2010/7/9,21.87000084
2010/7/12,21.09000015258789
2010/7/13,21.299999237060547
2010/7/14,21.540000915527344
2010/7/15,21.850000381469727
2010/7/16,23.09000015258789
2010/7/19,22.729999542236328
2010/7/20,21.40999984741211
2010/7/21,23.43000030517578
2010/7/22,22.020000457763672
2010/7/23,20.75
2010/7/26,20.149999618530273
2010/7/27,20.280000686645508
2010/7/28,21.059999465942383
2010/7/29,21.309999465942383
2010/7/30,20.729999542236328
2010/8/2,19.479999542236328
2010/8/3,19.979999542236328
2010/8/4,19.860000610351562
2010/8/5,19.700000762939453
2010/8/6,19.229999542236328
2010/8/9,19.280000686645508
2010/8/10,19.600000381469727
2010/8/11,22.809999465942383
2010/8/12,23.59000015258789
2010/8/13,23.899999618530273
2010/8/16,23.34000015258789
2010/8/17,21.920000076293945
2010/8/18,22.020000457763672
2010/8/19,23.43000030517578
2010/8/20,22.639999389648438
2010/8/23,22.860000610351562
2010/8/24,24.610000610351562
2010/8/25,24.239999771118164
2010/8/26,24.479999542236328
2010/8/27,21.760000228881836
2010/8/30,24.31999969482422
2010/8/31,23.729999542236328
2010/9/1,21.469999313354492
2010/9/2,20.790000915527344
2010/9/3,18.889999389648438
2010/9/7,21.100000381469727
2010/9/8,20.760000228881836
2010/9/9,20.540000915527344
2010/9/10,19.809999465942383
2010/9/13,19.079999923706055
2010/9/14,19.37000084
2010/9/15,19.760000228881836
2010/9/16,19.149999618530273
2010/9/17,19.020000457763672
2010/9/20,18.860000610351562
2010/9/21,19.520000457763672
2010/9/22,19.62999916
2010/9/23,20.62000084
2010/9/24,18.75
2010/9/27,19.829999923706055
2010/9/28,19.690000534057617
2010/9/29,20.149999618530273
2010/9/30,20.62000084
2010/10/1,19.719999313354492
2010/10/4,20.579999923706055
2010/10/5,19.18000030517578
2010/10/6,18.760000228881836
2010/10/7,18.799999237060547
2010/10/8,17.93000030517578
2010/10/11,16.530000686645508
2010/10/12,16.59000015258789
2010/10/13,16.299999237060547
2010/10/14,16.81999969482422
2010/10/15,16.889999389648438
2010/10/18,17.09000015258789
2010/10/19,18.18000030517578
2010/10/20,17.309999465942383
2010/10/21,16.5
2010/10/22,16.399999618530273
2010/10/25,17.299999237060547
2010/10/26,17.670000076293945
2010/10/27,18.209999084472656
2010/10/28,18.329999923706055
2010/10/29,18.510000228881836
2010/11/1,19.139999389648438
2010/11/2,19.110000610351562
2010/11/3,17.239999771118164
2010/11/4,16.15999984741211
2010/11/5,16
2010/11/8,16.09000015258789
2010/11/9,16.809999465942383
2010/11/10,16.350000381469727
2010/11/11,16.770000457763672
2010/11/12,18.239999771118164
2010/11/15,17.59000015258789
2010/11/16,20.049999237060547
2010/11/17,19.489999771118164
2010/11/18,16.670000076293945
2010/11/19,15.789999961853027
2010/11/22,16.229999542236328
2010/11/23,18.239999771118164
2010/11/24,17.170000076293945
2010/11/26,18.200000762939453
2010/11/29,19.459999084472656
2010/11/30,20.989999771118164
2010/12/1,18.780000686645508
2010/12/2,17.260000228881836
2010/12/3,15.720000267028809
2010/12/6,15.859999656677246
2010/12/7,16.020000457763672
2010/12/8,15.770000457763672
2010/12/9,15.380000114440918
2010/12/10,15.520000457763672
2010/12/13,15.15999984741211
2010/12/14,15.300000190734863
2010/12/15,15.43999958
2010/12/16,15.149999618530273
2010/12/17,14.069999694824219
2010/12/20,14.729999542236328
2010/12/21,14.760000228881836
2010/12/22,13.880000114440918
2010/12/23,14.06000042
2010/12/27,15.510000228881836
2010/12/28,15.470000267028809
2010/12/29,15.09000015258789
2010/12/30,15.289999961853027
2010/12/31,15.609999656677246
2011/1/3,15.630000114440918
2011/1/4,15.180000305175781
2011/1/5,14.579999923706055
2011/1/6,15.06000042
2011/1/7,14.960000038146973
2011/1/10,15.34000015258789
2011/1/11,14.520000457763672
2011/1/12,13.979999542236328
2011/1/13,13.949999809265137
2011/1/14,13.140000343322754
2011/1/18,13.09000015258789
2011/1/19,14.600000381469727
2011/1/20,15.15999984741211
2011/1/21,15.050000190734863
2011/1/24,14.619999885559082
2011/1/25,14.619999885559082
2011/1/26,14.170000076293945
2011/1/27,14
2011/1/28,17.049999237060547
2011/1/31,16.68000030517578
2011/2/1,15.369999885559082
2011/2/2,15.010000228881836
2011/2/3,14.43999958
2011/2/4,13.949999809265137
2011/2/7,14.109999656677246
2011/2/8,13.479999542236328
2011/2/9,13.800000190734863
2011/2/10,13.779999732971191
2011/2/11,13.56000042
2011/2/14,14.239999771118164
2011/2/15,14.56000042
2011/2/16,14.56000042
2011/2/17,14.579999923706055
2011/2/18,13.90999984741211
2011/2/22,17.829999923706055
2011/2/23,18.600000381469727
2011/2/24,18.37000084
2011/2/25,16.709999084472656
2011/2/28,15.789999961853027
2011/3/1,17.959999084472656
2011/3/2,17.87999916
2011/3/3,16.06999969482422
2011/3/4,16.43000030517578
2011/3/7,18.18000030517578
2011/3/8,17.420000076293945
2011/3/9,17.75
2011/3/10,19.40999984741211
2011/3/11,17.959999084472656
2011/3/14,18.600000381469727
2011/3/15,21.260000228881836
2011/3/16,25.200000762939453
2011/3/17,22.760000228881836
2011/3/18,20.760000228881836
2011/3/21,17.709999084472656
2011/3/22,17.200000762939453
2011/3/23,16.329999923706055
2011/3/24,15.539999961853027
2011/3/25,15.279999732971191
2011/3/28,16.360000610351562
2011/3/29,15.789999961853027
2011/3/30,15.319999694824219
2011/3/31,15.300000190734863
2011/4/1,15.029999732971191
2011/4/4,15.270000457763672
2011/4/5,15.020000457763672
2011/4/6,14.670000076293945
2011/4/7,15.029999732971191
2011/4/8,15.529999732971191
2011/4/11,14.710000038146973
2011/4/12,15.649999618530273
2011/4/13,15.18999958
2011/4/14,14.470000267028809
2011/4/15,13.75
2011/4/18,15.229999542236328
2011/4/19,13.670000076293945
2011/4/20,13.140000343322754
2011/4/21,12.770000457763672
2011/4/25,13.90999984741211
2011/4/26,14.09000015258789
2011/4/27,13.789999961853027
2011/4/28,12.84000015258789
2011/4/29,13.029999732971191
2011/5/2,14.529999732971191
2011/5/3,15.06000042
2011/5/4,15.720000267028809
2011/5/5,16.690000534057617
2011/5/6,17.079999923706055
2011/5/9,15.949999809265137
2011/5/10,14.649999618530273
2011/5/11,15.779999732971191
2011/5/12,14.970000267028809
2011/5/13,15.789999961853027
2011/5/16,16.34000015258789
2011/5/17,16.770000457763672
2011/5/18,15.329999923706055
2011/5/19,14.460000038146973
2011/5/20,16.260000228881836
2011/5/23,17.290000915527344
2011/5/24,17.010000228881836
2011/5/25,16.139999389648438
2011/5/26,15.220000267028809
2011/5/27,15.020000457763672
2011/5/31,14.289999961853027
2011/6/1,17.399999618530273
2011/6/2,17.229999542236328
2011/6/3,16.87000084
2011/6/6,17.18000030517578
2011/6/7,16.850000381469727
2011/6/8,17.12999916
2011/6/9,16.37000084
2011/6/10,17.450000762939453
2011/6/13,17.889999389648438
2011/6/14,16.579999923706055
2011/6/15,19.68000030517578
2011/6/16,20.280000686645508
2011/6/17,19.450000762939453
2011/6/20,18.34000015258789
2011/6/21,16.93000030517578
2011/6/22,17.299999237060547
2011/6/23,17.809999465942383
2011/6/24,19.350000381469727
2011/6/27,18.780000686645508
2011/6/28,17.489999771118164
2011/6/29,15.859999656677246
2011/6/30,15
2011/7/1,14.710000038146973
2011/7/5,14.970000267028809
2011/7/6,15.119999885559082
2011/7/7,14.770000457763672
2011/7/8,15.020000457763672
2011/7/11,16.829999923706055
2011/7/12,18.079999923706055
2011/7/13,17.979999542236328
2011/7/14,18.610000610351562
2011/7/15,17.489999771118164
2011/7/18,18.979999542236328
2011/7/19,17.479999542236328
2011/7/20,17.469999313354492
2011/7/21,16.010000228881836
2011/7/22,16.100000381469727
2011/7/25,17.75
2011/7/26,18.690000534057617
2011/7/27,20.969999313354492
2011/7/28,21.860000610351562
2011/7/29,23.579999923706055
2011/8/1,22.12999916
2011/8/2,22.829999923706055
2011/8/3,21.889999389648438
2011/8/4,29.40999984741211
2011/8/5,29.59000015258789
2011/8/8,40.49000168
2011/8/9,29.700000762939453
2011/8/10,38.61000061035156
2011/8/11,34.86000061035156
2011/8/12,32.220001220703125
2011/8/15,28.75
2011/8/16,29.329999923706055
2011/8/17,28.270000457763672
2011/8/18,38.16999816894531
2011/8/19,37.74000168
2011/8/22,37.75999832
2011/8/23,32.09000015258789
2011/8/24,31.709999084472656
2011/8/25,35.65999984741211
2011/8/26,32.029998779296875
2011/8/29,29.25
2011/8/30,29.540000915527344
2011/8/31,28.81999969482422
2011/9/1,28.600000381469727
2011/9/2,30.37999916
2011/9/6,33.40999984741211
2011/9/7,30.190000534057617
2011/9/8,31.37999916
2011/9/9,36.459999084472656
2011/9/12,36.689998626708984
2011/9/13,34.70000076293945
2011/9/14,32.20000076293945
2011/9/15,29.799999237060547
2011/9/16,28.40999984741211
2011/9/19,30.040000915527344
2011/9/20,29.850000381469727
2011/9/21,33.36000061035156
2011/9/22,37.75
2011/9/23,38.47999954223633
2011/9/26,36.16999816894531
2011/9/27,34.470001220703125
2011/9/28,37.20000076293945
2011/9/29,35.13999938964844
2011/9/30,39.27000045776367
2011/10/3,41.45000076293945
2011/10/4,37.31999969482422
2011/10/5,34.810001373291016
2011/10/6,33.310001373291016
2011/10/7,32.25999832
2011/10/10,29.600000381469727
2011/10/11,29.65999984741211
2011/10/12,27.510000228881836
2011/10/13,27.68000030517578
2011/10/14,25.420000076293945
2011/10/17,29.84000015258789
2011/10/18,29.100000381469727
2011/10/19,31.81999969482422
2011/10/20,31.809999465942383
2011/10/21,27.809999465942383
2011/10/24,26.5
2011/10/25,29.040000915527344
2011/10/26,26.760000228881836
2011/10/27,22.84000015258789
2011/10/28,22.309999465942383
2011/10/31,27.290000915527344
2011/11/1,31.799999237060547
2011/11/2,30.12999916
2011/11/3,27.540000915527344
2011/11/4,27.239999771118164
2011/11/7,26.959999084472656
2011/11/8,24.700000762939453
2011/11/9,32.88999938964844
2011/11/10,29.90999984741211
2011/11/11,26.790000915527344
2011/11/14,28.100000381469727
2011/11/15,28.450000762939453
2011/11/16,30.270000457763672
2011/11/17,31.399999618530273
2011/11/18,28.65999984741211
2011/11/21,30.12000084
2011/11/22,29.170000076293945
2011/11/23,31
2011/11/25,21.290000915527344
2011/11/28,29.15999984741211
2011/11/29,28.020000457763672
2011/11/30,25.15999984741211
2011/12/1,25.059999465942383
2011/12/2,25.170000076293945
2011/12/5,25.520000457763672
2011/12/6,25.739999771118164
2011/12/7,26.190000534057617
2011/12/8,27.56999969482422
2011/12/9,24.170000076293945
2011/12/12,23.459999084472656
2011/12/13,23.229999542236328
2011/12/14,24.12000084
2011/12/15,22.350000381469727
2011/12/16,22.229999542236328
2011/12/19,22.649999618530273
2011/12/20,20.549999237060547
2011/12/21,19.59000015258789
2011/12/22,19.450000762939453
2011/12/23,18.850000381469727
2011/12/27,20.049999237060547
2011/12/28,21.56999969482422
2011/12/29,20.729999542236328
2011/12/30,21.420000076293945
2012/1/3,20.889999389648438
2012/1/4,20.100000381469727
2012/1/5,19.75
2012/1/6,19.18000030517578
2012/1/9,19.450000762939453
2012/1/10,19.31999969482422
2012/1/11,19.5
2012/1/12,19.040000915527344
2012/1/13,19.31999969482422
2012/1/17,20.15999984741211
2012/1/18,19.18000030517578
2012/1/19,18.15999984741211
2012/1/20,16.049999237060547
2012/1/23,16.709999084472656
2012/1/24,16.959999084472656
2012/1/25,16.40999984741211
2012/1/26,16.579999923706055
2012/1/27,16.649999618530273
2012/1/30,17.68000030517578
2012/1/31,17.62999916
2012/2/1,16.850000381469727
2012/2/2,16.610000610351562
2012/2/3,15.619999885559082
2012/2/6,16.200000762939453
2012/2/7,16.12000084
2012/2/8,16.440000534057617
2012/2/9,17.12000084
2012/2/10,18.639999389648438
2012/2/13,17.25
2012/2/14,17.790000915527344
2012/2/15,19.149999618530273
2012/2/16,17.59000015258789
2012/2/17,16.219999313354492
2012/2/21,16.760000228881836
2012/2/22,16.62000084
2012/2/23,15.489999771118164
2012/2/24,15.739999771118164
2012/2/27,16.489999771118164
2012/2/28,16.670000076293945
2012/2/29,16.989999771118164
2012/3/1,16.09000015258789
2012/3/2,15.93999958
2012/3/5,16.479999542236328
2012/3/6,19.309999465942383
2012/3/7,17.729999542236328
2012/3/8,16.399999618530273
2012/3/9,15.949999809265137
2012/3/12,13.829999923706055
2012/3/13,13.630000114440918
2012/3/14,14.229999542236328
2012/3/15,13.529999732971191
2012/3/16,12.760000228881836
2012/3/19,13.789999961853027
2012/3/20,14.470000267028809
2012/3/21,14.369999885559082
2012/3/22,14.579999923706055
2012/3/23,13.68999958
2012/3/26,13.180000305175781
2012/3/27,14.119999885559082
2012/3/28,14.449999809265137
2012/3/29,14.199999809265137
2012/3/30,13.93999958
2012/4/2,14.079999923706055
2012/4/3,14.460000038146973
2012/4/4,15.079999923706055
2012/4/5,15.270000457763672
2012/4/9,17.139999389648438
2012/4/10,18.559999465942383
2012/4/11,18.229999542236328
2012/4/12,15.619999885559082
2012/4/13,17.670000076293945
2012/4/16,17.75
2012/4/17,16.530000686645508
2012/4/18,16.690000534057617
2012/4/19,16.68000030517578
2012/4/20,15.59000015258789
2012/4/23,16.979999542236328
2012/4/24,16.09000015258789
2012/4/25,15.319999694824219
2012/4/26,14.579999923706055
2012/4/27,14.739999771118164
2012/4/30,15.34000015258789
2012/5/1,14.859999656677246
2012/5/2,15.109999656677246
2012/5/3,15.739999771118164
2012/5/4,17.059999465942383
2012/5/7,17.399999618530273
2012/5/8,17.65999984741211
2012/5/9,18.510000228881836
2012/5/10,17.56999969482422
2012/5/11,18.34000015258789
2012/5/14,19.979999542236328
2012/5/15,20.200000762939453
2012/5/16,20.170000076293945
2012/5/17,21.969999313354492
2012/5/18,22.299999237060547
2012/5/21,19.989999771118164
2012/5/22,20.40999984741211
2012/5/23,20.440000534057617
2012/5/24,19.610000610351562
2012/5/25,20.200000762939453
2012/5/29,19.450000762939453
2012/5/30,21.860000610351562
2012/5/31,21.809999465942383
2012/6/1,24.31999969482422
2012/6/4,23.979999542236328
2012/6/5,22.68000030517578
2012/6/6,20.010000228881836
2012/6/7,19.729999542236328
2012/6/8,18.87000084
2012/6/11,21.09000015258789
2012/6/12,19.90999984741211
2012/6/13,21.34000015258789
2012/6/14,19.760000228881836
2012/6/15,18.389999389648438
2012/6/18,16.87999916
2012/6/19,16.450000762939453
2012/6/20,15.31000042
2012/6/21,17.739999771118164
2012/6/22,16.12000084
2012/6/25,17.989999771118164
2012/6/26,17.649999618530273
2012/6/27,17.459999084472656
2012/6/28,17.530000686645508
2012/6/29,15.319999694824219
2012/7/2,15.460000038146973
2012/7/3,15.460000038146973
2012/7/5,15.850000381469727
2012/7/6,15.829999923706055
2012/7/9,16.520000457763672
2012/7/10,16.93000030517578
2012/7/11,16.62999916
2012/7/12,16.889999389648438
2012/7/13,15.220000267028809
2012/7/16,15.619999885559082
2012/7/17,15.15999984741211
2012/7/18,14.529999732971191
2012/7/19,14.260000228881836
2012/7/20,14.930000305175781
2012/7/23,16.889999389648438
2012/7/24,18.37999916
2012/7/25,17.329999923706055
2012/7/26,15.920000076293945
2012/7/27,15.329999923706055
2012/7/30,16.540000915527344
2012/7/31,17.389999389648438
2012/8/1,17.40999984741211
2012/8/2,16.239999771118164
2012/8/3,14.43999958
2012/8/6,14.680000305175781
2012/8/7,14.859999656677246
2012/8/8,14.149999618530273
2012/8/9,13.850000381469727
2012/8/10,13.569999694824219
2012/8/13,12.430000305175781
2012/8/14,13.140000343322754
2012/8/15,13
2012/8/16,12.619999885559082
2012/8/17,12.010000228881836
2012/8/20,12.609999656677246
2012/8/21,13.489999771118164
2012/8/22,13.68999958
2012/8/23,14.43999958
2012/8/24,13.850000381469727
2012/8/27,14.899999618530273
2012/8/28,15.460000038146973
2012/8/29,15.800000190734863
2012/8/30,16.5
2012/8/31,15.68999958
2012/9/4,16.37999916
2012/9/5,16.270000457763672
2012/9/6,14.300000190734863
2012/9/7,13.18999958
2012/9/10,14.920000076293945
2012/9/11,14.789999961853027
2012/9/12,14.239999771118164
2012/9/13,13.470000267028809
2012/9/14,13.529999732971191
2012/9/17,13.399999618530273
2012/9/18,12.81000042
2012/9/19,12.789999961853027
2012/9/20,12.779999732971191
2012/9/21,12.649999618530273
2012/9/24,12.960000038146973
2012/9/25,13.84000015258789
2012/9/26,15.100000381469727
2012/9/27,13.770000457763672
2012/9/28,14.34000015258789
2012/10/1,14.609999656677246
2012/10/2,14.56000042
2012/10/3,14.289999961853027
2012/10/4,13.75
2012/10/5,13.09000015258789
2012/10/8,13.68999958
2012/10/9,14.65999984741211
2012/10/10,14.84000015258789
2012/10/11,14.350000381469727
2012/10/12,14.710000038146973
2012/10/15,13.979999542236328
2012/10/16,13.84000015258789
2012/10/17,13.859999656677246
2012/10/18,13.739999771118164
2012/10/19,15.479999542236328
2012/10/22,15.199999809265137
2012/10/23,17.459999084472656
2012/10/24,16.950000762939453
2012/10/25,16.690000534057617
2012/10/26,16.549999237060547
2012/10/31,17.260000228881836
2012/11/1,15.359999656677246
2012/11/2,16.34000015258789
2012/11/5,17.139999389648438
2012/11/6,16.37000084
2012/11/7,18.040000915527344
2012/11/8,17.25
2012/11/9,17.239999771118164
2012/11/12,15.619999885559082
2012/11/13,15.470000267028809
2012/11/14,16.579999923706055
2012/11/15,16.959999084472656
2012/11/16,15.529999732971191
2012/11/19,14.329999923706055
2012/11/20,14.020000457763672
2012/11/21,14.100000381469727
2012/11/23,13.93999958
2012/11/26,14.18999958
2012/11/27,14.65999984741211
2012/11/28,14.31000042
2012/11/29,13.84000015258789
2012/11/30,14.539999961853027
2012/12/3,15.359999656677246
2012/12/4,15.68999958
2012/12/5,15.050000190734863
2012/12/6,15.050000190734863
2012/12/7,14.479999542236328
2012/12/10,14.640000343322754
2012/12/11,14.279999732971191
2012/12/12,14.649999618530273
2012/12/13,15.210000038146973
2012/12/14,15.550000190734863
2012/12/17,15.170000076293945
2012/12/18,14.539999961853027
2012/12/19,16.030000686645508
2012/12/20,16.37000084
2012/12/21,16.469999313354492
2012/12/24,16.469999313354492
2012/12/26,17.950000762939453
2012/12/27,18.010000228881836
2012/12/28,16.600000381469727
2012/12/31,17.219999313354492
2013/1/2,13.920000076293945
2013/1/3,13.739999771118164
2013/1/4,13.06000042
2013/1/7,13.09000015258789
2013/1/8,12.829999923706055
2013/1/9,12.829999923706055
2013/1/10,12.670000076293945
2013/1/11,12.359999656677246
2013/1/14,12.550000190734863
2013/1/15,12.350000381469727
2013/1/16,12.520000457763672
2013/1/17,12.640000343322754
2013/1/18,11.470000267028809
2013/1/22,11.319999694824219
2013/1/23,11.31000042
2013/1/24,11.460000038146973
2013/1/25,11.75
2013/1/28,12.460000038146973
2013/1/29,12.229999542236328
2013/1/30,13.149999618530273
2013/1/31,13.31000042
2013/2/1,12.069999694824219
2013/2/4,13.649999618530273
2013/2/5,13.15999984741211
2013/2/6,12.779999732971191
2013/2/7,12.90999984741211
2013/2/8,12.65999984741211
2013/2/11,12.350000381469727
2013/2/12,12.020000457763672
2013/2/13,12.18999958
2013/2/14,11.720000267028809
2013/2/15,11.56000042
2013/2/19,11.470000267028809
2013/2/20,13.31000042
2013/2/21,13.680000305175781
2013/2/22,12.710000038146973
2013/2/25,16.719999313354492
2013/2/26,14.81000042
2013/2/27,13.149999618530273
2013/2/28,13.699999809265137
2013/3/1,13.609999656677246
2013/3/4,12.770000457763672
2013/3/5,12.380000114440918
2013/3/6,12.43999958
2013/3/7,12.039999961853027
2013/3/8,11.640000343322754
2013/3/11,10.680000305175781
2013/3/12,10.84000015258789
2013/3/13,10.539999961853027
2013/3/14,10.220000267028809
2013/3/15,10.079999923706055
2013/3/18,11.779999732971191
2013/3/19,12.59000015258789
2013/3/20,11.59000015258789
2013/3/21,12.550000190734863
2013/3/22,12.279999732971191
2013/3/25,12.529999732971191
2013/3/26,11.699999809265137
2013/3/27,12.130000114440918
2013/3/28,11.68999958
2013/4/1,12.260000228881836
2013/4/2,11.56000042
2013/4/3,12.670000076293945
2013/4/4,12.600000381469727
2013/4/5,12.539999961853027
2013/4/8,12.119999885559082
2013/4/9,11.859999656677246
2013/4/10,11.699999809265137
2013/4/11,11.470000267028809
2013/4/12,11.109999656677246
2013/4/15,15.15999984741211
2013/4/16,12.510000228881836
2013/4/17,14.649999618530273
2013/4/18,15.479999542236328
2013/4/19,13.59000015258789
2013/4/22,13.15999984741211
2013/4/23,12.229999542236328
2013/4/24,12.489999771118164
2013/4/25,12.479999542236328
2013/4/26,12.199999809265137
2013/4/29,12.359999656677246
2013/4/30,12.210000038146973
2013/5/1,13.020000457763672
2013/5/2,12.25
2013/5/3,11.670000076293945
2013/5/6,11.699999809265137
2013/5/7,11.699999809265137
2013/5/8,11.65999984741211
2013/5/9,11.899999618530273
2013/5/10,11.640000343322754
2013/5/13,11.449999809265137
2013/5/14,11.779999732971191
2013/5/15,11.760000228881836
2013/5/16,11.890000343322754
2013/5/17,11.449999809265137
2013/5/20,11.829999923706055
2013/5/21,12.199999809265137
2013/5/22,12.34000015258789
2013/5/23,12.569999694824219
2013/5/24,12.609999656677246
2013/5/28,13.09000015258789
2013/5/29,13.369999885559082
2013/5/30,13.210000038146973
2013/5/31,14.229999542236328
2013/6/3,14.199999809265137
2013/6/4,14.460000038146973
2013/6/5,15.619999885559082
2013/6/6,14.970000267028809
2013/6/7,13.59000015258789
2013/6/10,13.90999984741211
2013/6/11,15.170000076293945
2013/6/12,16.690000534057617
2013/6/13,14.850000381469727
2013/6/14,15.479999542236328
2013/6/17,15.15999984741211
2013/6/18,14.770000457763672
2013/6/19,14.869999885559082
2013/6/20,18.219999313354492
2013/6/21,16.770000457763672
2013/6/24,17.739999771118164
2013/6/25,16.610000610351562
2013/6/26,15.329999923706055
2013/6/27,14.890000343322754
2013/6/28,15.210000038146973
2013/7/1,14.920000076293945
2013/7/2,14.90999984741211
2013/7/3,14.699999809265137
2013/7/5,13.470000267028809
2013/7/8,13.329999923706055
2013/7/9,13.260000228881836
2013/7/10,12.930000305175781
2013/7/11,12.789999961853027
2013/7/12,12.930000305175781
2013/7/15,12.920000076293945
2013/7/16,13.350000381469727
2013/7/17,12.699999809265137
2013/7/18,12.529999732971191
2013/7/19,11.65999984741211
2013/7/22,11.680000305175781
2013/7/23,11.710000038146973
2013/7/24,12
2013/7/25,11.90999984741211
2013/7/26,11.789999961853027
2013/7/29,12.300000190734863
2013/7/30,12.329999923706055
2013/7/31,12.569999694824219
2013/8/1,12.289999961853027
2013/8/2,11.25
2013/8/5,11.130000114440918
2013/8/6,11.970000267028809
2013/8/7,12.020000457763672
2013/8/8,12.020000457763672
2013/8/9,12.59000015258789
2013/8/12,12.210000038146973
2013/8/13,11.670000076293945
2013/8/14,12.489999771118164
2013/8/15,13.84000015258789
2013/8/16,13.369999885559082
2013/8/19,13.81000042
2013/8/20,13.81000042
2013/8/21,14.899999618530273
2013/8/22,13.890000343322754
2013/8/23,13.100000381469727
2013/8/26,13.890000343322754
2013/8/27,15.18999958
2013/8/28,14.84000015258789
2013/8/29,15.149999618530273
2013/8/30,15.380000114440918
2013/9/3,15.140000343322754
2013/9/4,14.5
2013/9/5,14.31000042
2013/9/6,14.350000381469727
2013/9/9,14.229999542236328
2013/9/10,13.34000015258789
2013/9/11,12.56000042
2013/9/12,12.949999809265137
2013/9/13,12.979999542236328
2013/9/16,13.119999885559082
2013/9/17,13.43999958
2013/9/18,13.130000114440918
2013/9/19,12.470000267028809
2013/9/20,12.84000015258789
2013/9/23,13.640000343322754
2013/9/24,13.479999542236328
2013/9/25,13.550000190734863
2013/9/26,13.399999618530273
2013/9/27,14.68999958
2013/9/30,15.90999984741211
2013/10/1,15.039999961853027
2013/10/2,16.34000015258789
2013/10/3,17.12000084
2013/10/4,16.149999618530273
2013/10/7,18.5
2013/10/8,19.329999923706055
2013/10/9,18.389999389648438
2013/10/10,15.760000228881836
2013/10/11,14.760000228881836
2013/10/14,15.170000076293945
2013/10/15,17.780000686645508
2013/10/16,14.729999542236328
2013/10/17,13.289999961853027
2013/10/18,12.829999923706055
2013/10/21,12.979999542236328
2013/10/22,12.970000267028809
2013/10/23,12.850000381469727
2013/10/24,12.399999618530273
2013/10/25,12.380000114440918
2013/10/28,12.739999771118164
2013/10/29,12.779999732971191
2013/10/30,13.079999923706055
2013/10/31,13.050000190734863
2013/11/1,12.65999984741211
2013/11/4,12.65999984741211
2013/11/5,12.65999984741211
2013/11/6,12.140000343322754
2013/11/7,12.890000343322754
2013/11/8,12.329999923706055
2013/11/11,12.039999961853027
2013/11/12,12.180000305175781
2013/11/13,12.100000381469727
2013/11/14,11.960000038146973
2013/11/15,11.239999771118164
2013/11/18,11.859999656677246
2013/11/19,12.199999809265137
2013/11/20,12.350000381469727
2013/11/21,11.90999984741211
2013/11/22,11.399999618530273
2013/11/25,11.779999732971191
2013/11/26,11.829999923706055
2013/11/27,12.029999732971191
2013/11/29,12.760000228881836
2013/12/2,13.520000457763672
2013/12/3,13.81000042
2013/12/4,13.880000114440918
2013/12/5,14.229999542236328
2013/12/6,12.850000381469727
2013/12/9,12.960000038146973
2013/12/10,13.239999771118164
2013/12/11,14.34000015258789
2013/12/12,14.760000228881836
2013/12/13,14.920000076293945
2013/12/16,15.119999885559082
2013/12/17,14.979999542236328
2013/12/18,12.81000042
2013/12/19,13.020000457763672
2013/12/20,12.890000343322754
2013/12/23,12.470000267028809
2013/12/24,11.899999618530273
2013/12/26,11.569999694824219
2013/12/27,11.699999809265137
2013/12/30,12.640000343322754
2013/12/31,12.899999618530273
2014/1/2,13.31000042
2014/1/3,12.890000343322754
2014/1/6,12.680000305175781
2014/1/7,12.170000076293945
2014/1/8,12.289999961853027
2014/1/9,12.390000343322754
2014/1/10,11.84000015258789
2014/1/13,12.649999618530273
2014/1/14,11.930000305175781
2014/1/15,11.579999923706055
2014/1/16,11.93999958
2014/1/17,11.640000343322754
2014/1/21,12.380000114440918
2014/1/22,12.65999984741211
2014/1/23,13.630000114440918
2014/1/24,17.25
2014/1/27,16.690000534057617
2014/1/28,15.319999694824219
2014/1/29,16.799999237060547
2014/1/30,16.81999969482422
2014/1/31,17.90999984741211
2014/2/3,20.670000076293945
2014/2/4,18.549999237060547
2014/2/5,19.030000686645508
2014/2/6,16.780000686645508
2014/2/7,14.93999958
2014/2/10,15.039999961853027
2014/2/11,14.09000015258789
2014/2/12,13.970000267028809
2014/2/13,13.829999923706055
2014/2/14,13.149999618530273
2014/2/18,13.699999809265137
2014/2/19,14.960000038146973
2014/2/20,14.399999618530273
2014/2/21,14.199999809265137
2014/2/24,13.84000015258789
2014/2/25,13.40999984741211
2014/2/26,13.699999809265137
2014/2/27,13.270000457763672
2014/2/28,13.220000267028809
2014/3/3,15.18999958
2014/3/4,13.550000190734863
2014/3/5,13.43999958
2014/3/6,13.460000038146973
2014/3/7,13.369999885559082
2014/3/10,13.649999618530273
2014/3/11,14.029999732971191
2014/3/12,13.829999923706055
2014/3/13,15.539999961853027
2014/3/14,16.760000228881836
2014/3/17,14.81000042
2014/3/18,14.06000042
2014/3/19,14.489999771118164
2014/3/20,13.960000038146973
2014/3/21,14.289999961853027
2014/3/24,14.130000114440918
2014/3/25,13.569999694824219
2014/3/26,14.270000457763672
2014/3/27,13.720000267028809
2014/3/28,13.550000190734863
2014/3/31,13.15999984741211
2014/4/1,12.43999958
2014/4/2,12.510000228881836
2014/4/3,12.729999542236328
2014/4/4,13.119999885559082
2014/4/7,14.510000228881836
2014/4/8,14.069999694824219
2014/4/9,12.869999885559082
2014/4/10,14.640000343322754
2014/4/11,15.510000228881836
2014/4/14,14.680000305175781
2014/4/15,14.130000114440918
2014/4/16,12.829999923706055
2014/4/17,12.420000076293945
2014/4/21,12.59000015258789
2014/4/22,12.390000343322754
2014/4/23,12.359999656677246
2014/4/24,12.399999618530273
2014/4/25,13.069999694824219
2014/4/28,12.899999618530273
2014/4/29,12.760000228881836
2014/4/30,12.520000457763672
2014/5/1,12.470000267028809
2014/5/2,12.289999961853027
2014/5/5,12.550000190734863
2014/5/6,13.010000228881836
2014/5/7,12.630000114440918
2014/5/8,12.56000042
2014/5/9,12.119999885559082
2014/5/12,11.430000305175781
2014/5/13,11.399999618530273
2014/5/14,11.539999961853027
2014/5/15,12.079999923706055
2014/5/16,11.390000343322754
2014/5/19,11.529999732971191
2014/5/20,12.170000076293945
2014/5/21,11.149999618530273
2014/5/22,11.18999958
2014/5/23,10.470000267028809
2014/5/27,10.869999885559082
2014/5/28,11.119999885559082
2014/5/29,10.93999958
2014/5/30,10.68999958
2014/6/2,11.079999923706055
2014/6/3,11.210000038146973
2014/6/4,11.43999958
2014/6/5,11.270000457763672
2014/6/6,10.479999542236328
2014/6/9,10.720000267028809
2014/6/10,10.680000305175781
2014/6/11,11.25
2014/6/12,11.970000267028809
2014/6/13,11.789999961853027
2014/6/16,12.270000457763672
2014/6/17,11.960000038146973
2014/6/18,10.579999923706055
2014/6/19,10.43999958
2014/6/20,10.600000381469727
2014/6/23,10.18999958
2014/6/24,11.170000076293945
2014/6/25,11.020000457763672
2014/6/26,11.149999618530273
2014/6/27,11.020000457763672
2014/6/30,11.06000042
2014/7/1,10.470000267028809
2014/7/2,10.180000305175781
2014/7/3,9.710000038146973
2014/7/7,10.75
2014/7/8,11.210000038146973
2014/7/9,10.789999961853027
2014/7/10,11.75
2014/7/11,11.210000038146973
2014/7/14,10.819999694824219
2014/7/15,11.15999984741211
2014/7/16,10.300000190734863
2014/7/17,13.350000381469727
2014/7/18,11.59000015258789
2014/7/21,12.010000228881836
2014/7/22,11.430000305175781
2014/7/23,11.300000190734863
2014/7/24,11.390000343322754
2014/7/25,12.039999961853027
2014/7/28,12.010000228881836
2014/7/29,12.56000042
2014/7/30,12.699999809265137
2014/7/31,15.739999771118164
2014/8/1,16.110000610351562
2014/8/4,14.479999542236328
2014/8/5,15.729999542236328
2014/8/6,15.199999809265137
2014/8/7,15.630000114440918
2014/8/8,14.800000190734863
2014/8/11,13.710000038146973
2014/8/12,13.510000228881836
2014/8/13,12.369999885559082
2014/8/14,11.770000457763672
2014/8/15,12.829999923706055
2014/8/18,11.470000267028809
2014/8/19,11.199999809265137
2014/8/20,10.979999542236328
2014/8/21,10.729999542236328
2014/8/22,10.75
2014/8/25,10.829999923706055
2014/8/26,10.68999958
2014/8/27,10.699999809265137
2014/8/28,11.050000190734863
2014/8/29,11.369999885559082
2014/9/2,11.739999771118164
2014/9/3,11.789999961853027
2014/9/4,12.039999961853027
2014/9/5,11.5
2014/9/8,11.890000343322754
2014/9/9,12.609999656677246
2014/9/10,12.319999694824219
2014/9/11,12.270000457763672
2014/9/12,12.640000343322754
2014/9/15,13.119999885559082
2014/9/16,12.31000042
2014/9/17,11.770000457763672
2014/9/18,10.989999771118164
2014/9/19,11.029999732971191
2014/9/22,12.170000076293945
2014/9/23,13.390000343322754
2014/9/24,12.010000228881836
2014/9/25,14.020000457763672
2014/9/26,13.25
2014/9/29,13.930000305175781
2014/9/30,14.329999923706055
2014/10/1,14.760000228881836
2014/10/2,14.18999958
2014/10/3,12.979999542236328
2014/10/6,13.359999656677246
2014/10/7,14.859999656677246
2014/10/8,13.359999656677246
2014/10/9,15.699999809265137
2014/10/10,17.110000610351562
2014/10/13,16.65999984741211
2014/10/14,15.920000076293945
2014/10/15,16.920000076293945
2014/10/16,19.62999916
2014/10/17,17.059999465942383
2014/10/20,16.780000686645508
2014/10/21,14.68999958
2014/10/22,16.229999542236328
2014/10/23,15.270000457763672
2014/10/24,14.90999984741211
2014/10/27,14.970000267028809
2014/10/28,13.710000038146973
2014/10/29,13.729999542236328
2014/10/30,13.529999732971191
2014/10/31,13.210000038146973
2014/11/3,13.989999771118164
2014/11/4,14.020000457763672
2014/11/5,13.460000038146973
2014/11/6,13.140000343322754
2014/11/7,12.609999656677246
2014/11/10,12.43999958
2014/11/11,12.609999656677246
2014/11/12,12.850000381469727
2014/11/13,12.850000381469727
2014/11/14,12.819999694824219
2014/11/17,13.199999809265137
2014/11/18,13.220000267028809
2014/11/19,13.489999771118164
2014/11/20,13.119999885559082
2014/11/21,12.569999694824219
2014/11/24,12.369999885559082
2014/11/25,12.149999618530273
2014/11/26,12.18999958
2014/11/28,13.270000457763672
2014/12/1,14.09000015258789
2014/12/2,13.279999732971191
2014/12/3,13.09000015258789
2014/12/4,13
2014/12/5,12.130000114440918
2014/12/8,14.25
2014/12/9,15.170000076293945
2014/12/10,17.510000228881836
2014/12/11,18.75
2014/12/12,20.450000762939453
2014/12/15,19.389999389648438
2014/12/16,21.479999542236328
2014/12/17,19.190000534057617
2014/12/18,16.389999389648438
2014/12/19,16.049999237060547
2014/12/22,14.300000190734863
2014/12/23,14.119999885559082
2014/12/24,14.220000267028809
2014/12/26,14.010000228881836
2014/12/29,14.489999771118164
2014/12/30,14.81000042
2014/12/31,16.62999916
2015/1/2,16.06999969482422
2015/1/5,17.87999916
2015/1/6,18.459999084472656
2015/1/7,17.31999969482422
2015/1/8,15.770000457763672
2015/1/9,16.270000457763672
2015/1/12,17.010000228881836
2015/1/13,17.610000610351562
2015/1/14,18.530000686645508
2015/1/15,19
2015/1/16,18.270000457763672
2015/1/20,18.440000534057617
2015/1/21,17.639999389648438
2015/1/22,15.430000305175781
2015/1/23,15.84000015258789
2015/1/26,15.079999923706055
2015/1/27,16.850000381469727
2015/1/28,19.34000015258789
2015/1/29,16.799999237060547
2015/1/30,19.950000762939453
2015/2/2,18.860000610351562
2015/2/3,16.940000534057617
2015/2/4,17.510000228881836
2015/2/5,16.479999542236328
2015/2/6,16.969999313354492
2015/2/9,17.940000534057617
2015/2/10,17.030000686645508
2015/2/11,16.940000534057617
2015/2/12,15.800000190734863
2015/2/13,14.850000381469727
2015/2/17,15.479999542236328
2015/2/18,15.15999984741211
2015/2/19,14.970000267028809
2015/2/20,13.880000114440918
2015/2/23,14.029999732971191
2015/2/24,13.050000190734863
2015/2/25,13.180000305175781
2015/2/26,13.31000042
2015/2/27,13.229999542236328
2015/3/2,12.960000038146973
2015/3/3,13.470000267028809
2015/3/4,13.890000343322754
2015/3/5,13.600000381469727
2015/3/6,14.699999809265137
2015/3/9,14.350000381469727
2015/3/10,15.670000076293945
2015/3/11,16.139999389648438
2015/3/12,14.84000015258789
2015/3/13,15.43999958
2015/3/16,15.300000190734863
2015/3/17,15.420000076293945
2015/3/18,13.789999961853027
2015/3/19,13.93999958
2015/3/20,13.029999732971191
2015/3/23,13.420000076293945
2015/3/24,13.640000343322754
2015/3/25,15.380000114440918
2015/3/26,15.520000457763672
2015/3/27,15.06000042
2015/3/30,14.479999542236328
2015/3/31,15.40999984741211
2015/4/1,15.25
2015/4/2,15.039999961853027
2015/4/6,14.859999656677246
2015/4/7,14.789999961853027
2015/4/8,14.34000015258789
2015/4/9,13.75
2015/4/10,13.34000015258789
2015/4/13,14.489999771118164
2015/4/14,13.930000305175781
2015/4/15,13.229999542236328
2015/4/16,12.81000042
2015/4/17,14.270000457763672
2015/4/20,13.449999809265137
2015/4/21,13.770000457763672
2015/4/22,13.520000457763672
2015/4/23,13.390000343322754
2015/4/24,13.300000190734863
2015/4/27,13.960000038146973
2015/4/28,13.380000114440918
2015/4/29,14.100000381469727
2015/4/30,15.09000015258789
2015/5/1,13.789999961853027
2015/5/4,13.880000114440918
2015/5/5,14.819999694824219
2015/5/6,15.449999809265137
2015/5/7,15.369999885559082
2015/5/8,13.539999961853027
2015/5/11,13.84000015258789
2015/5/12,13.800000190734863
2015/5/13,13.699999809265137
2015/5/14,12.899999618530273
2015/5/15,12.43999958
2015/5/18,12.850000381469727
2015/5/19,12.819999694824219
2015/5/20,12.869999885559082
2015/5/21,12.460000038146973
2015/5/22,12.59000015258789
2015/5/26,14.140000343322754
2015/5/27,13.510000228881836
2015/5/28,13.579999923706055
2015/5/29,13.920000076293945
2015/6/1,14.140000343322754
2015/6/2,14.369999885559082
2015/6/3,13.829999923706055
2015/6/4,15.06000042
2015/6/5,14.65999984741211
2015/6/8,15.34000015258789
2015/6/9,14.960000038146973
2015/6/10,13.56000042
2015/6/11,13.149999618530273
2015/6/12,13.850000381469727
2015/6/15,15.380000114440918
2015/6/16,14.920000076293945
2015/6/17,14.569999694824219
2015/6/18,13.449999809265137
2015/6/19,13.819999694824219
2015/6/22,12.970000267028809
2015/6/23,12.470000267028809
2015/6/24,13.630000114440918
2015/6/25,14.380000114440918
2015/6/26,14.149999618530273
2015/6/29,18.690000534057617
2015/6/30,18.299999237060547
2015/7/1,16.389999389648438
2015/7/2,17
2015/7/6,17.09000015258789
2015/7/7,16.270000457763672
2015/7/8,19.239999771118164
2015/7/9,19.170000076293945
2015/7/10,16.84000015258789
2015/7/13,13.65999984741211
2015/7/14,13.029999732971191
2015/7/15,13.050000190734863
2015/7/16,12.31000042
2015/7/17,12.109999656677246
2015/7/20,12.789999961853027
2015/7/21,12.800000190734863
2015/7/22,12.68999958
2015/7/23,13.369999885559082
2015/7/24,13.989999771118164
2015/7/27,15.789999961853027
2015/7/28,14.100000381469727
2015/7/29,13.279999732971191
2015/7/30,12.960000038146973
2015/7/31,12.960000038146973
2015/8/3,13.619999885559082
2015/8/4,13.949999809265137
2015/8/5,13.760000228881836
2015/8/6,14.760000228881836
2015/8/7,14.670000076293945
2015/8/10,13.699999809265137
2015/8/11,15.300000190734863
2015/8/12,15.630000114440918
2015/8/13,14.670000076293945
2015/8/14,14.130000114440918
2015/8/17,13.81000042
2015/8/18,14.300000190734863
2015/8/19,15.680000305175781
2015/8/20,19.729999542236328
2015/8/21,28.030000686645508
2015/8/24,33.11000061035156
2015/8/25,34.50999832
2015/8/26,29.610000610351562
2015/8/27,25.510000228881836
2015/8/28,25.309999465942383
2015/8/31,27.010000228881836
2015/9/1,29.799999237060547
2015/9/2,25.200000762939453
2015/9/3,24.829999923706055
2015/9/4,26.920000076293945
2015/9/8,24.860000610351562
2015/9/9,25.399999618530273
2015/9/10,24.770000457763672
2015/9/11,23
2015/9/14,23.5
2015/9/15,21.87000084
2015/9/16,20.510000228881836
2015/9/17,21.440000534057617
2015/9/18,21.360000610351562
2015/9/21,19.399999618530273
2015/9/22,21.139999389648438
2015/9/23,20.799999237060547
2015/9/24,22.12000084
2015/9/25,21.940000534057617
2015/9/28,25.059999465942383
2015/9/29,24.43000030517578
2015/9/30,22.530000686645508
2015/10/1,21.59000015258789
2015/10/2,19.950000762939453
2015/10/5,18.87000084
2015/10/6,18.520000457763672
2015/10/7,17.639999389648438
2015/10/8,16.959999084472656
2015/10/9,16.559999465942383
2015/10/12,14.59000015258789
2015/10/13,16.200000762939453
2015/10/14,16.420000076293945
2015/10/15,14.699999809265137
2015/10/16,14.369999885559082
2015/10/19,14.140000343322754
2015/10/20,14.720000267028809
2015/10/21,15.720000267028809
2015/10/22,14.25
2015/10/23,14.18999958
2015/10/26,15
2015/10/27,15.329999923706055
2015/10/28,14.420000076293945
2015/10/29,14.619999885559082
2015/10/30,15.079999923706055
2015/11/2,14.289999961853027
2015/11/3,14.539999961853027
2015/11/4,15.270000457763672
2015/11/5,14.920000076293945
2015/11/6,14.199999809265137
2015/11/9,15.989999771118164
2015/11/10,15.260000228881836
2015/11/11,15.68999958
2015/11/12,17.549999237060547
2015/11/13,19.170000076293945
2015/11/16,17.420000076293945
2015/11/17,17.799999237060547
2015/11/18,16.360000610351562
2015/11/19,16.18000030517578
2015/11/20,14.920000076293945
2015/11/23,15.149999618530273
2015/11/24,15.300000190734863
2015/11/25,14.789999961853027
2015/11/27,15.130000114440918
2015/11/30,15.829999923706055
2015/12/1,15
2015/12/2,15.84000015258789
2015/12/3,17.600000381469727
2015/12/4,14.960000038146973
2015/12/7,15.710000038146973
2015/12/8,17.309999465942383
2015/12/9,18.5
2015/12/10,18.209999084472656
2015/12/11,22.56999969482422
2015/12/14,20.889999389648438
2015/12/15,19.260000228881836
2015/12/16,16.690000534057617
2015/12/17,17.530000686645508
2015/12/18,19.299999237060547
2015/12/21,18.12999916
2015/12/22,16.440000534057617
2015/12/23,15.710000038146973
2015/12/24,15.649999618530273
2015/12/28,16.729999542236328
2015/12/29,15.920000076293945
2015/12/30,16.559999465942383
2015/12/31,17.010000228881836
2016/1/4,19.12000084
2016/1/5,18.889999389648438
2016/1/6,19.62000084
2016/1/7,22.87000084
2016/1/8,25.049999237060547
2016/1/11,22.719999313354492
2016/1/12,21.520000457763672
2016/1/13,23.469999313354492
2016/1/14,22.5
2016/1/15,25.56999969482422
2016/1/19,25.18000030517578
2016/1/20,26.979999542236328
2016/1/21,25.459999084472656
2016/1/22,21.93000030517578
2016/1/25,23.459999084472656
2016/1/26,21.850000381469727
2016/1/27,22.190000534057617
2016/1/28,21.62999916
2016/1/29,19.56999969482422
2016/2/1,19.860000610351562
2016/2/2,21.329999923706055
2016/2/3,20.989999771118164
2016/2/4,20.940000534057617
2016/2/5,22.12999916
2016/2/8,24.65999984741211
2016/2/9,25.209999084472656
2016/2/10,25.06999969482422
2016/2/11,27.389999389648438
2016/2/12,24.579999923706055
2016/2/16,23.290000915527344
2016/2/17,21.350000381469727
2016/2/18,20.510000228881836
2016/2/19,19.459999084472656
2016/2/22,18.440000534057617
2016/2/23,19.87000084
2016/2/24,19.940000534057617
2016/2/25,18.200000762939453
2016/2/26,19.09000015258789
2016/2/29,19.770000457763672
2016/3/1,17.510000228881836
2016/3/2,16.81999969482422
2016/3/3,16.709999084472656
2016/3/4,16.770000457763672
2016/3/7,16.989999771118164
2016/3/8,17.670000076293945
2016/3/9,17.540000915527344
2016/3/10,17.270000457763672
2016/3/11,16.37000084
2016/3/14,16.12000084
2016/3/15,15.84000015258789
2016/3/16,14.34000015258789
2016/3/17,13.59000015258789
2016/3/18,13.25
2016/3/21,13.40999984741211
2016/3/22,13.789999961853027
2016/3/23,14.329999923706055
2016/3/24,14.18999958
2016/3/28,14.649999618530273
2016/3/29,13.68999958
2016/3/30,13.260000228881836
2016/3/31,13.739999771118164
2016/4/1,13.59000015258789
2016/4/4,14.279999732971191
2016/4/5,15.399999618530273
2016/4/6,14.739999771118164
2016/4/7,15.699999809265137
2016/4/8,15.329999923706055
2016/4/11,14.90999984741211
2016/4/12,13.970000267028809
2016/4/13,12.850000381469727
2016/4/14,12.720000267028809
2016/4/15,12.789999961853027
2016/4/18,13.109999656677246
2016/4/19,12.779999732971191
2016/4/20,12.989999771118164
2016/4/21,13.489999771118164
2016/4/22,13.149999618530273
2016/4/25,13.84000015258789
2016/4/26,13.930000305175781
2016/4/27,13.649999618530273
2016/4/28,14.880000114440918
2016/4/29,15.010000228881836
2016/5/2,14.520000457763672
2016/5/3,15.279999732971191
2016/5/4,15.670000076293945
2016/5/5,15.579999923706055
2016/5/6,14.430000305175781
2016/5/9,14.489999771118164
2016/5/10,13.819999694824219
2016/5/11,14.779999732971191
2016/5/12,14.34000015258789
2016/5/13,15.220000267028809
2016/5/16,14.460000038146973
2016/5/17,15.06000042
2016/5/18,15.31000042
2016/5/19,15.739999771118164
2016/5/20,14.479999542236328
2016/5/23,14.670000076293945
2016/5/24,13.569999694824219
2016/5/25,13.140000343322754
2016/5/26,12.81000042
2016/5/27,12.43999958
2016/5/31,13.699999809265137
2016/6/1,13.569999694824219
2016/6/2,13.09000015258789
2016/6/3,12.65999984741211
2016/6/6,13.239999771118164
2016/6/7,12.789999961853027
2016/6/8,13.109999656677246
2016/6/9,13.720000267028809
2016/6/10,14.859999656677246
2016/6/13,18.440000534057617
2016/6/14,18.200000762939453
2016/6/15,18.170000076293945
2016/6/16,17.700000762939453
2016/6/17,17.68000030517578
2016/6/20,16.790000915527344
2016/6/21,17.15999984741211
2016/6/22,19.299999237060547
2016/6/23,16.299999237060547
2016/6/24,22.709999084472656
2016/6/27,21.950000762939453
2016/6/28,17.969999313354492
2016/6/29,15.869999885559082
2016/6/30,15.149999618530273
2016/7/1,14.260000228881836
2016/7/5,15.079999923706055
2016/7/6,15.579999923706055
2016/7/7,14.720000267028809
2016/7/8,13.430000305175781
2016/7/11,12.609999656677246
2016/7/12,12.760000228881836
2016/7/13,12.270000457763672
2016/7/14,12.079999923706055
2016/7/15,11.75
2016/7/18,12.09000015258789
2016/7/19,11.699999809265137
2016/7/20,11.649999618530273
2016/7/21,12.59000015258789
2016/7/22,12
2016/7/25,13
2016/7/26,13.020000457763672
2016/7/27,12.430000305175781
2016/7/28,12.239999771118164
2016/7/29,11.979999542236328
2016/8/1,12.56000042
2016/8/2,13.170000076293945
2016/8/3,12.789999961853027
2016/8/4,12.529999732971191
2016/8/5,11.850000381469727
2016/8/8,11.760000228881836
2016/8/9,11.40999984741211
2016/8/10,11.68999958
2016/8/11,11.619999885559082
2016/8/12,11.609999656677246
2016/8/15,11.43999958
2016/8/16,12.100000381469727
2016/8/17,11.600000381469727
2016/8/18,11.15999984741211
2016/8/19,11.09000015258789
2016/8/22,11.920000076293945
2016/8/23,12.109999656677246
2016/8/24,12.720000267028809
2016/8/25,12.93999958
2016/8/26,12.970000267028809
2016/8/29,12.720000267028809
2016/8/30,12.640000343322754
2016/8/31,12.779999732971191
2016/9/1,12.850000381469727
2016/9/2,11.649999618530273
2016/9/6,11.979999542236328
2016/9/7,12.050000190734863
2016/9/8,12.06000042
2016/9/9,16.479999542236328
2016/9/12,13.34000015258789
2016/9/13,16.549999237060547
2016/9/14,16.75
2016/9/15,14.899999618530273
2016/9/16,14.609999656677246
2016/9/19,14.859999656677246
2016/9/20,15.390000343322754
2016/9/21,13.130000114440918
2016/9/22,12.079999923706055
2016/9/23,12.449999809265137
2016/9/26,14.819999694824219
2016/9/27,13.520000457763672
2016/9/28,13.010000228881836
2016/9/29,14.699999809265137
2016/9/30,13.760000228881836
2016/10/3,14.149999618530273
2016/10/4,14.470000267028809
2016/10/5,13.93999958
2016/10/6,13.930000305175781
2016/10/7,14.170000076293945
2016/10/10,13.630000114440918
2016/10/11,15.039999961853027
2016/10/12,15.25
2016/10/13,15.819999694824219
2016/10/14,15.479999542236328
2016/10/17,15.619999885559082
2016/10/18,15.06000042
2016/10/19,14.319999694824219
2016/10/20,13.81000042
2016/10/21,13.779999732971191
2016/10/24,13.680000305175781
2016/10/25,14
2016/10/26,14.59000015258789
2016/10/27,15.420000076293945
2016/10/28,16.350000381469727
2016/10/31,17.290000915527344
2016/11/1,18.309999465942383
2016/11/2,18.579999923706055
2016/11/3,20.62999916
2016/11/4,21.459999084472656
2016/11/7,18
2016/11/8,17.93000030517578
2016/11/9,14.619999885559082
2016/11/10,14.550000190734863
2016/11/11,15.020000457763672
2016/11/14,13.960000038146973
2016/11/15,13.300000190734863
2016/11/16,13.609999656677246
2016/11/17,13.56000042
2016/11/18,13.140000343322754
2016/11/21,12.65999984741211
2016/11/22,12.550000190734863
2016/11/23,12.770000457763672
2016/11/25,12.81000042
2016/11/28,13.65999984741211
2016/11/29,13.170000076293945
2016/11/30,13.5
2016/12/1,13.619999885559082
2016/12/2,13.579999923706055
2016/12/5,12.319999694824219
2016/12/6,12.220000267028809
2016/12/7,12.069999694824219
2016/12/8,13.210000038146973
2016/12/9,12.40999984741211
2016/12/12,12.09000015258789
2016/12/13,12.289999961853027
2016/12/14,12.539999961853027
2016/12/15,12.300000190734863
2016/12/16,11.770000457763672
2016/12/19,11.479999542236328
2016/12/20,11.449999809265137
2016/12/21,11.359999656677246
2016/12/22,11.489999771118164
2016/12/23,11.539999961853027
2016/12/27,12.31000042
2016/12/28,12.90999984741211
2016/12/29,13.319999694824219
2016/12/30,13.880000114440918
2017/1/3,13.079999923706055
2017/1/4,12.270000457763672
2017/1/5,12.039999961853027
2017/1/6,11.789999961853027
2017/1/9,12.050000190734863
2017/1/10,12.050000190734863
2017/1/11,11.699999809265137
2017/1/12,11.829999923706055
2017/1/13,11.729999542236328
2017/1/17,12.220000267028809
2017/1/18,12.789999961853027
2017/1/19,12.739999771118164
2017/1/20,11.470000267028809
2017/1/23,11.880000114440918
2017/1/24,11.15999984741211
2017/1/25,10.850000381469727
2017/1/26,10.670000076293945
2017/1/27,10.56000042
2017/1/30,12.130000114440918
2017/1/31,12.25
2017/2/1,11.930000305175781
2017/2/2,12.100000381469727
2017/2/3,11.359999656677246
2017/2/6,11.390000343322754
2017/2/7,11.399999618530273
2017/2/8,11.81000042
2017/2/9,11.220000267028809
2017/2/10,10.979999542236328
2017/2/13,10.84000015258789
2017/2/14,10.720000267028809
2017/2/15,11.789999961853027
2017/2/16,11.600000381469727
2017/2/17,11.329999923706055
2017/2/21,11.739999771118164
2017/2/22,11.710000038146973
2017/2/23,11.710000038146973
2017/2/24,11.34000015258789
2017/2/27,12.319999694824219
2017/2/28,12.93999958
2017/3/1,12.40999984741211
2017/3/2,11.859999656677246
2017/3/3,11.260000228881836
2017/3/6,11.34000015258789
2017/3/7,11.149999618530273
2017/3/8,11.680000305175781
2017/3/9,12.069999694824219
2017/3/10,11.520000457763672
2017/3/13,10.369999885559082
2017/3/14,11.399999618530273
2017/3/15,7.579999923706055
2017/3/16,10.56000042
2017/3/17,10.329999923706055
2017/3/20,10.460000038146973
2017/3/21,11.979999542236328
2017/3/22,12.380000114440918
2017/3/23,12.210000038146973
2017/3/24,12.31000042
2017/3/27,12.119999885559082
2017/3/28,10.979999542236328
2017/3/29,10.989999771118164
2017/3/30,10.970000267028809
2017/3/31,11.43999958
2017/4/3,11.59000015258789
2017/4/4,11.229999542236328
2017/4/5,12.329999923706055
2017/4/6,11.859999656677246
2017/4/7,12.140000343322754
2017/4/10,12.640000343322754
2017/4/11,13.979999542236328
2017/4/12,14.130000114440918
2017/4/13,14.579999923706055
2017/4/17,13.710000038146973
2017/4/18,13.770000457763672
2017/4/19,14.359999656677246
2017/4/20,13.039999961853027
2017/4/21,13.84000015258789
2017/4/24,10.300000190734863
2017/4/25,10.359999656677246
2017/4/26,10.399999618530273
2017/4/27,10.220000267028809
2017/4/28,10.489999771118164
2017/5/1,10.31000042
2017/5/2,10.65999984741211
2017/5/3,10.729999542236328
2017/5/4,10.949999809265137
2017/5/5,10.779999732971191
2017/5/8,10.40999984741211
2017/5/9,10.59000015258789
2017/5/10,10.93999958
2017/5/11,10.84000015258789
2017/5/12,10.630000114440918
2017/5/15,10.380000114440918
2017/5/16,10.420000076293945
2017/5/17,13.699999809265137
2017/5/18,13.470000267028809
2017/5/19,11.09000015258789
2017/5/22,10.119999885559082
2017/5/23,10.18999958
2017/5/24,9.710000038146973
2017/5/25,9.920000076293945
2017/5/26,9.600000381469727
2017/5/30,10.279999732971191
2017/5/31,10.300000190734863
2017/6/1,9.899999618530273
2017/6/2,10.039999961853027
2017/6/5,10.640000343322754
2017/6/6,11.06000042
2017/6/7,10.829999923706055
2017/6/8,10.56000042
2017/6/9,10.59000015258789
2017/6/12,10.609999656677246
2017/6/13,10.029999732971191
2017/6/14,9.989999771118164
2017/6/15,10.460000038146973
2017/6/16,9.829999923706055
2017/6/19,9.93999958
2017/6/20,10.359999656677246
2017/6/21,10.399999618530273
2017/6/22,10.220000267028809
2017/6/23,9.710000038146973
2017/6/26,9.850000381469727
2017/6/27,10.859999656677246
2017/6/28,9.880000114440918
2017/6/29,10.59000015258789
2017/6/30,10.529999732971191
2017/7/3,10.880000114440918
2017/7/5,10.859999656677246
2017/7/6,11.859999656677246
2017/7/7,11.050000190734863
2017/7/10,10.869999885559082
2017/7/11,10.850000381469727
2017/7/12,10.199999809265137
2017/7/13,9.909999847
2017/7/14,9.760000228881836
2017/7/17,9.970000267028809
2017/7/18,9.880000114440918
2017/7/19,9.670000076293945
2017/7/20,9.630000114440918
2017/7/21,9.550000190734863
2017/7/24,9.630000114440918
2017/7/25,9.840000153
2017/7/26,9.699999809265137
2017/7/27,10.140000343322754
2017/7/28,10.460000038146973
2017/7/31,10.369999885559082
2017/8/1,10.050000190734863
2017/8/2,10.649999618530273
2017/8/3,10.260000228881836
2017/8/4,10.329999923706055
2017/8/7,10.609999656677246
2017/8/8,11.470000267028809
2017/8/9,11.569999694824219
2017/8/10,15.069999694824219
2017/8/11,13.890000343322754
2017/8/14,12.039999961853027
2017/8/15,11.34000015258789
2017/8/16,11.119999885559082
2017/8/17,13.930000305175781
2017/8/18,13.279999732971191
2017/8/21,12.529999732971191
2017/8/22,10.899999618530273
2017/8/23,11.720000267028809
2017/8/24,11.59000015258789
2017/8/25,11.18999958
2017/8/28,11.460000038146973
2017/8/29,11.65999984741211
2017/8/30,11.579999923706055
2017/8/31,11.119999885559082
2017/9/1,10.619999885559082
2017/9/5,12.449999809265137
2017/9/6,11.770000457763672
2017/9/7,11.470000267028809
2017/9/8,12.010000228881836
2017/9/11,9.630000114440918
2017/9/12,10.010000228881836
2017/9/13,9.960000038146973
2017/9/14,9.840000153
2017/9/15,9.840000153
2017/9/18,9.760000228881836
2017/9/19,9.949999809265137
2017/9/20,9.829999923706055
2017/9/21,9.880000114440918
2017/9/22,10.010000228881836
2017/9/25,10.350000381469727
2017/9/26,10.520000457763672
2017/9/27,10.319999694824219
2017/9/28,10.119999885559082
2017/9/29,10.369999885559082
2017/10/2,10.210000038146973
2017/10/3,10.109999656677246
2017/10/4,10.09000015258789
2017/10/5,10.029999732971191
2017/10/6,10.069999694824219
2017/10/9,10.569999694824219
2017/10/10,10.770000457763672
2017/10/11,10.630000114440918
2017/10/12,10.399999618530273
2017/10/13,10.18999958
2017/10/16,10.050000190734863
2017/10/17,10.420000076293945
2017/10/18,10.930000305175781
2017/10/19,11.390000343322754
2017/10/20,11.68999958
2017/10/23,12.520000457763672
2017/10/24,13.59000015258789
2017/10/25,12.65999984741211
2017/10/26,13.31000042
2017/10/27,11.890000343322754
2017/10/30,12.550000190734863
2017/10/31,11
2017/11/1,10.829999923706055
2017/11/2,10.899999618530273
2017/11/3,10.229999542236328
2017/11/6,10.399999618530273
2017/11/7,10.40999984741211
2017/11/8,10.260000228881836
2017/11/9,11.350000381469727
2017/11/10,11.569999694824219
2017/11/13,11.56000042
2017/11/14,11.949999809265137
2017/11/15,13.529999732971191
2017/11/16,12.319999694824219
2017/11/17,12.380000114440918
2017/11/20,11.479999542236328
2017/11/21,10.670000076293945
2017/11/22,10.920000076293945
2017/11/24,11.210000038146973
2017/11/27,10.989999771118164
2017/11/28,10.520000457763672
2017/11/29,12.779999732971191
2017/11/30,13.420000076293945
2017/12/1,14.109999656677246
2017/12/4,14.069999694824219
2017/12/5,13.829999923706055
2017/12/6,13.239999771118164
2017/12/7,12.649999618530273
2017/12/8,11.680000305175781
2017/12/11,11.039999961853027
2017/12/12,11.40999984741211
2017/12/13,11.34000015258789
2017/12/14,11.600000381469727
2017/12/15,10.569999694824219
2017/12/18,11.600000381469727
2017/12/19,11.449999809265137
2017/12/20,10.579999923706055
2017/12/21,11.399999618530273
2017/12/22,10.510000228881836
2017/12/26,10.90999984741211
2017/12/27,10.59000015258789
2017/12/28,11.020000457763672
2017/12/29,11.779999732971191
2018/1/2,11.050000190734863
2018/1/3,10.470000267028809
2018/1/4,10.09000015258789
2018/1/5,10.210000038146973
2018/1/8,10.520000457763672
2018/1/9,10.90999984741211
2018/1/10,10.65999984741211
2018/1/11,10.539999961853027
2018/1/12,10.899999618530273
2018/1/16,12.579999923706055
2018/1/17,13
2018/1/18,12.949999809265137
2018/1/19,12.069999694824219
2018/1/22,12.579999923706055
2018/1/23,12.760000228881836
2018/1/24,13.020000457763672
2018/1/25,13.220000267028809
2018/1/26,12.729999542236328
2018/1/29,14.890000343322754
2018/1/30,15.640000343322754
2018/1/31,14.670000076293945
2018/2/1,14.600000381469727
2018/2/2,17.31999969482422
2018/2/5,22.899999618530273
2018/2/6,25.350000381469727
2018/2/7,21.489999771118164
2018/2/8,28.43000030517578
2018/2/9,28.200000762939453
2018/2/12,26.389999389648438
2018/2/13,23.93000030517578
2018/2/14,21.290000915527344
2018/2/15,20.040000915527344
2018/2/16,18.829999923706055
2018/2/20,19.799999237060547
2018/2/21,19.559999465942383
2018/2/22,18.25
2018/2/23,16.190000534057617
2018/2/26,15.829999923706055
2018/2/27,17.979999542236328
2018/2/28,18.260000228881836
2018/3/1,20.860000610351562
2018/3/2,19.459999084472656
2018/3/5,18.62999916
2018/3/6,18.37000084
2018/3/7,18.360000610351562
2018/3/8,17.670000076293945
2018/3/9,15.65999984741211
2018/3/12,14.720000267028809
2018/3/13,15.449999809265137
2018/3/14,16.239999771118164
2018/3/15,16.079999923706055
2018/3/16,15.020000457763672
2018/3/19,17.850000381469727
2018/3/20,17.850000381469727
2018/3/21,17.649999618530273
2018/3/22,22.059999465942383
2018/3/23,22.889999389648438
2018/3/26,21.450000762939453
2018/3/27,23.84000015258789
2018/3/28,24.350000381469727
2018/3/29,21.530000686645508
2018/4/2,24.739999771118164
2018/4/3,22.329999923706055
2018/4/4,21.489999771118164
2018/4/5,20.200000762939453
2018/4/6,23.12999916
2018/4/9,23.18000030517578
2018/4/10,22.040000915527344
2018/4/11,22.079999923706055
2018/4/12,20.209999084472656
2018/4/13,19.239999771118164
2018/4/16,18.610000610351562
2018/4/17,17.65999984741211
2018/4/18,17.87999916
2018/4/19,17.770000457763672
2018/4/20,18.559999465942383
2018/4/23,17.62999916
2018/4/24,18.799999237060547
2018/4/25,18.62999916
2018/4/26,17.40999984741211
2018/4/27,16.889999389648438
2018/4/30,17.639999389648438
2018/5/1,17.329999923706055
2018/5/2,17.530000686645508
2018/5/3,17.440000534057617
2018/5/4,16.530000686645508
2018/5/7,16.5
2018/5/8,16.200000762939453
2018/5/9,15.399999618530273
2018/5/10,14.970000267028809
2018/5/11,14.619999885559082
2018/5/14,14.199999809265137
2018/5/15,15.619999885559082
2018/5/16,14.619999885559082
2018/5/17,14.199999809265137
2018/5/18,14.279999732971191
2018/5/21,14.069999694824219
2018/5/22,14.210000038146973
2018/5/23,13.539999961853027
2018/5/24,13.399999618530273
2018/5/25,13.90999984741211
2018/5/29,17.290000915527344
2018/5/30,15.550000190734863
2018/5/31,16.149999618530273
2018/6/1,14.369999885559082
2018/6/4,14.15999984741211
2018/6/5,14.020000457763672
2018/6/6,13.31000042
2018/6/7,13.460000038146973
2018/6/8,13.529999732971191
2018/6/11,12.899999618530273
2018/6/12,12.81000042
2018/6/13,12.960000038146973
2018/6/14,12.710000038146973
2018/6/15,12.729999542236328
2018/6/18,13.029999732971191
2018/6/19,14.84000015258789
2018/6/20,14.470000267028809
2018/6/21,15.800000190734863
2018/6/22,14.829999923706055
2018/6/25,17.709999084472656
2018/6/26,16.62999916
2018/6/27,17.93000030517578
2018/6/28,17.12999916
2018/6/29,16.34000015258789
2018/7/2,16.209999084472656
2018/7/3,16.790000915527344
2018/7/5,16.010000228881836
2018/7/6,14.699999809265137
2018/7/9,14
2018/7/10,13.609999656677246
2018/7/11,14.600000381469727
2018/7/12,13.729999542236328
2018/7/13,13.149999618530273
2018/7/16,13.100000381469727
2018/7/17,12.920000076293945
2018/7/18,13.119999885559082
2018/7/19,13.479999542236328
2018/7/20,13.529999732971191
2018/7/23,13.600000381469727
2018/7/24,13.399999618530273
2018/7/25,13.289999961853027
2018/7/26,13.220000267028809
2018/7/27,13.579999923706055
2018/7/30,14.890000343322754
2018/7/31,13.979999542236328
2018/8/1,14.479999542236328
2018/8/2,13.90999984741211
2018/8/3,13.43999958
2018/8/6,13.369999885559082
2018/8/7,12.760000228881836
2018/8/8,12.75
2018/8/9,13.119999885559082
2018/8/10,14.359999656677246
2018/8/13,15.619999885559082
2018/8/14,13.979999542236328
2018/8/15,14.960000038146973
2018/8/16,13.489999771118164
2018/8/17,12.960000038146973
2018/8/20,12.979999542236328
2018/8/21,13.520000457763672
2018/8/22,12.75
2018/8/23,12.869999885559082
2018/8/24,12.550000190734863
2018/8/27,12.779999732971191
2018/8/28,13.069999694824219
2018/8/29,12.970000267028809
2018/8/30,13.93999958
2018/8/31,13.369999885559082
2018/9/4,13.829999923706055
2018/9/5,14.489999771118164
2018/9/6,14.770000457763672
2018/9/7,15.039999961853027
2018/9/10,14.569999694824219
2018/9/11,13.90999984741211
2018/9/12,13.869999885559082
2018/9/13,13.359999656677246
2018/9/14,12.899999618530273
2018/9/17,14.15999984741211
2018/9/18,13.34000015258789
2018/9/19,12.34000015258789
2018/9/20,12.75
2018/9/21,12.40999984741211
2018/9/24,12.970000267028809
2018/9/25,13.369999885559082
2018/9/26,13.390000343322754
2018/9/27,13.329999923706055
2018/9/28,13.15999984741211
2018/10/1,13.430000305175781
2018/10/2,13.529999732971191
2018/10/3,13.079999923706055
2018/10/4,15.31000042
2018/10/5,15.630000114440918
2018/10/8,16.030000686645508
2018/10/9,16.260000228881836
2018/10/10,21.920000076293945
2018/10/11,24.170000076293945
2018/10/12,20.729999542236328
2018/10/15,21.5
2018/10/16,18.100000381469727
2018/10/17,18.059999465942383
2018/10/18,20.360000610351562
2018/10/19,20.09000015258789
2018/10/22,20.12999916
2018/10/23,20.90999984741211
2018/10/24,23
2018/10/25,23.219999313354492
2018/10/26,23.979999542236328
2018/10/29,24.719999313354492
2018/10/30,23.5
2018/10/31,21.649999618530273
2018/11/1,19.90999984741211
2018/11/2,20
2018/11/5,20.209999084472656
2018/11/6,19.670000076293945
2018/11/7,16.59000015258789
2018/11/8,16.790000915527344
2018/11/9,17.209999084472656
2018/11/12,20.31999969482422
2018/11/13,19.690000534057617
2018/11/14,20.899999618530273
2018/11/15,19.469999313354492
2018/11/16,17.950000762939453
2018/11/19,19.959999084472656
2018/11/20,22.110000610351562
2018/11/21,20.579999923706055
2018/11/23,21.170000076293945
2018/11/26,19.219999313354492
2018/11/27,19.40999984741211
2018/11/28,18.87999916
2018/11/29,18.690000534057617
2018/11/30,18.12999916
2018/12/3,17.299999237060547
2018/12/4,20.969999313354492
2018/12/6,21.829999923706055
2018/12/7,23.37000084
2018/12/10,22.770000457763672
2018/12/11,22.459999084472656
2018/12/12,21.87999916
2018/12/13,21.049999237060547
2018/12/14,21.899999618530273
2018/12/17,24.020000457763672
2018/12/18,24.350000381469727
2018/12/19,23.979999542236328
2018/12/20,26.65999984741211
2018/12/21,28.190000534057617
2018/12/24,32.02000045776367
2018/12/26,28.139999389648438
2018/12/27,28.12000084
2018/12/28,26.780000686645508
2018/12/31,24.530000686645508
2019/1/2,23.059999465942383
2019/1/3,25.469999313354492
2019/1/4,22.15999984741211
2019/1/7,22.469999313354492
2019/1/8,21.170000076293945
2019/1/9,20.760000228881836
2019/1/10,19.639999389648438
2019/1/11,18.959999084472656
2019/1/14,19.299999237060547
2019/1/15,18.920000076293945
2019/1/16,18.940000534057617
2019/1/17,17.829999923706055
2019/1/18,17.59000015258789
2019/1/22,20.43000030517578
2019/1/23,19.479999542236328
2019/1/24,19.56999969482422
2019/1/25,18.75
2019/1/28,19.530000686645508
2019/1/29,19.309999465942383
2019/1/30,17.729999542236328
2019/1/31,17.110000610351562
2019/2/1,16.729999542236328
2019/2/4,16.260000228881836
2019/2/5,15.850000381469727
2019/2/6,15.539999961853027
2019/2/7,16.360000610351562
2019/2/8,15.84000015258789
2019/2/11,16.020000457763672
2019/2/12,15.289999961853027
2019/2/13,15.56000042
2019/2/14,15.819999694824219
2019/2/15,14.899999618530273
2019/2/19,15.119999885559082
2019/2/20,14.5
2019/2/21,14.529999732971191
2019/2/22,14.109999656677246
2019/2/25,15.020000457763672
2019/2/26,15.18999958
2019/2/27,14.800000190734863
2019/2/28,14.770000457763672
2019/3/1,14.029999732971191
2019/3/4,15.510000228881836
2019/3/5,15.229999542236328
2019/3/6,15.960000038146973
2019/3/7,16.799999237060547
2019/3/8,16.18000030517578
2019/3/11,15.710000038146973
2019/3/12,15.140000343322754
2019/3/13,14.65999984741211
2019/3/14,14.40999984741211
2019/3/15,13.81000042
2019/3/18,14.029999732971191
2019/3/19,14.5
2019/3/20,14.880000114440918
2019/3/21,14.510000228881836
2019/3/22,17.43000030517578
2019/3/25,16.93000030517578
2019/3/26,15.65999984741211
2019/3/27,15.970000267028809
2019/3/28,15.31000042
2019/3/29,14.329999923706055
2019/4/1,13.899999618530273
2019/4/2,14.09000015258789
2019/4/3,14.270000457763672
2019/4/4,14.020000457763672
2019/4/5,13.609999656677246
2019/4/8,14.399999618530273
2019/4/9,15
2019/4/10,14.350000381469727
2019/4/11,14.279999732971191
2019/4/12,13.390000343322754
2019/4/15,13.25
2019/4/16,13.15999984741211
2019/4/17,13.15999984741211
2019/4/18,12.640000343322754
2019/4/22,13.069999694824219
2019/4/23,12.93999958
2019/4/24,13.479999542236328
2019/4/25,13.539999961853027
2019/4/26,13.199999809265137
2019/4/29,13.5
2019/4/30,13.56000042
2019/5/1,14.640000343322754
2019/5/2,14.710000038146973
2019/5/3,13.770000457763672
2019/5/6,15.630000114440918
2019/5/7,19.549999237060547
2019/5/8,18.889999389648438
2019/5/9,19.469999313354492
2019/5/10,16.760000228881836
2019/5/13,20.65999984741211
2019/5/14,18.290000915527344
2019/5/15,16.719999313354492
2019/5/16,15.430000305175781
2019/5/17,15.930000305175781
2019/5/20,16.56999969482422
2019/5/21,15.06000042
2019/5/22,14.850000381469727
2019/5/23,17.329999923706055
2019/5/24,16.049999237060547
2019/5/28,17.600000381469727
2019/5/29,18.299999237060547
2019/5/30,17.5
2019/5/31,19.239999771118164
2019/6/3,18.829999923706055
2019/6/4,17.18000030517578
2019/6/5,16.350000381469727
2019/6/6,15.680000305175781
2019/6/7,15.539999961853027
2019/6/10,15.630000114440918
2019/6/11,15.680000305175781
2019/6/12,15.739999771118164
2019/6/13,15.40999984741211
2019/6/14,15.140000343322754
2019/6/17,15.079999923706055
2019/6/18,14.770000457763672
2019/6/19,14.069999694824219
2019/6/20,14.149999618530273
2019/6/21,14.630000114440918
2019/6/24,15.039999961853027
2019/6/25,15.850000381469727
2019/6/26,15.869999885559082
2019/6/27,15.81000042
2019/6/28,15.319999694824219
2019/7/1,13.93999958
2019/7/2,12.890000343322754
2019/7/3,12.899999618530273
2019/7/5,13.029999732971191
2019/7/8,13.65999984741211
2019/7/9,13.81000042
2019/7/10,13.079999923706055
2019/7/11,12.760000228881836
2019/7/12,12.43999958
2019/7/15,12.550000190734863
2019/7/16,13.130000114440918
2019/7/17,13.520000457763672
2019/7/18,13.670000076293945
2019/7/19,13.800000190734863
2019/7/22,13.710000038146973
2019/7/23,13.25
2019/7/24,13.079999923706055
2019/7/25,13.680000305175781
2019/7/26,13.380000114440918
2019/7/29,13.630000114440918
2019/7/30,14.220000267028809
2019/7/31,15.319999694824219
2019/8/1,17.84000015258789
2019/8/2,18.110000610351562
2019/8/5,23.229999542236328
2019/8/6,19.729999542236328
2019/8/7,19.5
2019/8/8,17.219999313354492
2019/8/9,17.950000762939453
2019/8/12,20.799999237060547
2019/8/13,17.649999618530273
2019/8/14,22.110000610351562
2019/8/15,21.190000534057617
2019/8/16,18.87000084
2019/8/19,17.389999389648438
2019/8/20,17.899999618530273
2019/8/21,16.020000457763672
2019/8/22,17.12999916
2019/8/23,20.579999923706055
2019/8/26,19.809999465942383
2019/8/27,20.440000534057617
2019/8/28,19.459999084472656
2019/8/29,17.670000076293945
2019/8/30,18.40999984741211
2019/9/3,19.56999969482422
2019/9/4,18.020000457763672
2019/9/5,17
2019/9/6,15.75
2019/9/9,15.949999809265137
2019/9/10,15.380000114440918
2019/9/11,14.130000114440918
2019/9/12,13.960000038146973
2019/9/13,13.75
2019/9/16,14.59000015258789
2019/9/17,14.819999694824219
2019/9/18,14.180000305175781
2019/9/19,13.970000267028809
2019/9/20,15.880000114440918
2019/9/23,16.399999618530273
2019/9/24,16.90999984741211
2019/9/25,15.979999542236328
2019/9/26,16.450000762939453
2019/9/27,17.329999923706055
2019/9/30,16.360000610351562
2019/10/1,18.65999984741211
2019/10/2,20.110000610351562
2019/10/3,18.940000534057617
2019/10/4,16.709999084472656
2019/10/7,17.34000015258789
2019/10/8,19.309999465942383
2019/10/9,17.920000076293945
2019/10/10,17.329999923706055
2019/10/11,15.75
2019/10/14,14.5
2019/10/15,13.31000042
2019/10/16,13.489999771118164
2019/10/17,13.430000305175781
2019/10/18,14.569999694824219
2019/10/21,14.619999885559082
2019/10/22,14.520000457763672
2019/10/23,14.140000343322754
2019/10/24,13.710000038146973
2019/10/25,13.359999656677246
2019/10/28,13.640000343322754
2019/10/29,14.170000076293945
2019/10/30,13.520000457763672
2019/10/31,14.09000015258789
2019/11/1,12.93999958
2019/11/4,13.260000228881836
2019/11/5,13.430000305175781
2019/11/6,13.43999958
2019/11/7,13.079999923706055
2019/11/8,13.119999885559082
2019/11/11,12.670000076293945
2019/11/12,12.65999984741211
2019/11/13,12.920000076293945
2019/11/14,13.140000343322754
2019/11/15,11.880000114440918
2019/11/18,13.079999923706055
2019/11/19,12.81000042
2019/11/20,13.18999958
2019/11/21,13.529999732971191
2019/11/22,12.68999958
2019/11/25,12.460000038146973
2019/11/26,12.15999984741211
2019/11/27,12.359999656677246
2019/11/29,13.479999542236328
2019/12/2,15.109999656677246
2019/12/3,16.389999389648438
2019/12/4,15.34000015258789
2019/12/5,14.789999961853027
2019/12/6,13.81000042
2019/12/9,14.670000076293945
2019/12/10,14.920000076293945
2019/12/11,14.550000190734863
2019/12/12,13.770000457763672
2019/12/13,12.279999732971191
2019/12/16,11.640000343322754
2019/12/17,11.479999542236328
2019/12/18,11.609999656677246
2019/12/19,11.479999542236328
2019/12/20,11.630000114440918
2019/12/23,12.220000267028809
2019/12/24,12.06000042
2019/12/26,11.970000267028809
2019/12/27,12.640000343322754
2019/12/30,14.079999923706055
2019/12/31,13.289999961853027
2020/1/2,12.270000457763672
2020/1/3,14.09000015258789
2020/1/6,14.039999961853027
2020/1/7,13.960000038146973
2020/1/8,13.43999958
2020/1/9,12.859999656677246
2020/1/10,13.489999771118164
2020/1/13,12.039999961853027
2020/1/14,12.09000015258789
2020/1/15,11.819999694824219
2020/1/16,11.460000038146973
2020/1/17,11.899999618530273
2020/1/21,13.279999732971191
2020/1/22,13.68999958
2020/1/23,13.390000343322754
2020/1/24,14.800000190734863
2020/1/27,17.579999923706055
2020/1/28,15.869999885559082
2020/1/29,15.729999542236328
2020/1/30,15.350000381469727
2020/1/31,17.950000762939453
2020/2/3,17.469999313354492
2020/2/4,15.720000267028809
2020/2/5,14.819999694824219
2020/2/6,14.56000042
2020/2/7,15.399999618530273
2020/2/10,15.029999732971191
2020/2/11,15.18999958
2020/2/12,14.050000190734863
2020/2/13,14.640000343322754
2020/2/14,14.300000190734863
2020/2/18,15.239999771118164
2020/2/19,14.880000114440918
2020/2/20,16.260000228881836
2020/2/21,17.700000762939453
2020/2/24,24.030000686645508
2020/2/25,27.489999771118164
2020/2/26,27.010000228881836
2020/2/27,37.650001525878906
2020/2/28,42.66999816894531
2020/3/2,34.189998626708984
2020/3/3,37.290000915527344
2020/3/4,31.329999923706055
2020/3/5,38.650001525878906
2020/3/6,42.29999923706055
2020/3/9,52.029998779296875
2020/3/10,47.779998779296875
2020/3/11,53.630001068115234
2020/3/12,64.73999786376953
2020/3/13,55.13999938964844
2020/3/16,63.810001373291016
2020/3/17,61.93000030517578
2020/3/18,67.06999969482422
2020/3/19,63.310001373291016
2020/3/20,54.25999832
2020/3/23,50.49000168
2020/3/24,58.380001068115234
2020/3/25,65.22000122070312
2020/3/26,61.33000183105469
2020/3/27,63.50999832
2020/3/30,59.720001220703125
2020/3/31,54.599998474121094
2020/4/1,55.79999923706055
2020/4/2,52.150001525878906
2020/4/3,48.49000168
2020/4/6,45.970001220703125
2020/4/7,48.150001525878906
2020/4/8,46.310001373291016
2020/4/9,46.029998779296875
2020/4/13,46.04999923706055
2020/4/14,41.31999969482422
2020/4/15,43.83000183105469
2020/4/16,44.189998626708984
2020/4/17,41.650001525878906
2020/4/20,45.540000915527344
2020/4/21,48
2020/4/22,44.77000045776367
2020/4/23,43.66999816894531
2020/4/24,38.99000168
2020/4/27,36.75999832
2020/4/28,36.79999923706055
2020/4/29,34.310001373291016
2020/4/30,36.54999923706055
2020/5/1,38.459999084472656
2020/5/4,37.540000915527344
2020/5/5,35.08000183105469
2020/5/6,35.369998931884766
2020/5/7,33.63999938964844
2020/5/8,30.90999984741211
2020/5/11,31.979999542236328
2020/5/12,35.709999084472656
2020/5/13,38.189998626708984
2020/5/14,35.88999938964844
2020/5/15,34.86000061035156
2020/5/18,32.650001525878906
2020/5/19,33.290000915527344
2020/5/20,30.62000084
2020/5/21,30.920000076293945
2020/5/22,29.889999389648438
2020/5/26,29.62999916
2020/5/27,28.850000381469727
2020/5/28,30.389999389648438
2020/5/29,28.729999542236328
2020/6/1,29.43000030517578
2020/6/2,28.450000762939453
2020/6/3,27.25
2020/6/4,26.700000762939453
2020/6/5,26.549999237060547
2020/6/8,28.15999984741211
2020/6/9,29.469999313354492
2020/6/10,30.350000381469727
2020/6/11,40.790000915527344
2020/6/12,39.18000030517578
2020/6/15,36.349998474121094
2020/6/16,35.75999832
2020/6/17,35.599998474121094
2020/6/18,34.959999084472656
2020/6/19,36.29999923706055
2020/6/22,34.70000076293945
2020/6/23,33.63999938964844
2020/6/24,35.380001068115234
2020/6/25,33.47999954223633
2020/6/26,35.709999084472656
2020/6/29,33.130001068115234
2020/6/30,31.139999389648438
2020/7/1,30.809999465942383
2020/7/2,28.59000015258789
2020/7/6,29.040000915527344
2020/7/7,30.68000030517578
2020/7/8,29.62000084
2020/7/9,31.37000084
2020/7/10,29.459999084472656
2020/7/13,33.119998931884766
2020/7/14,31.34000015258789
2020/7/15,30.100000381469727
2020/7/16,29.829999923706055
2020/7/17,27.93000030517578
2020/7/20,26.719999313354492
2020/7/21,26.790000915527344
2020/7/22,26.459999084472656
2020/7/23,27.079999923706055
2020/7/24,26.790000915527344
2020/7/27,26.09000015258789
2020/7/28,25.809999465942383
2020/7/29,24.850000381469727
2020/7/30,25.37000084
2020/7/31,23.87000084
2020/8/3,24.15999984741211
2020/8/4,23.15999984741211
2020/8/5,22.87999916
2020/8/6,22.850000381469727
2020/8/7,23.34000015258789
2020/8/10,23.350000381469727
2020/8/11,25.40999984741211
2020/8/12,23.969999313354492
2020/8/13,23.87999916
2020/8/14,23.5
2020/8/17,22.56999969482422
2020/8/18,22.25
2020/8/19,22.93000030517578
2020/8/20,22.799999237060547
2020/8/21,21.829999923706055
2020/8/24,22.68000030517578
2020/8/25,22.360000610351562
2020/8/26,23.399999618530273
2020/8/27,24.43000030517578
2020/8/28,23.84000015258789
2020/8/31,26.010000228881836
2020/9/1,26.200000762939453
2020/9/2,26.639999389648438
2020/9/3,31.469999313354492
2020/9/4,29.43000030517578
2020/9/8,30.149999618530273
2020/9/9,27.700000762939453
2020/9/10,27.62000084
2020/9/11,26
2020/9/14,24.200000762939453
2020/9/15,23.600000381469727
2020/9/16,22.56999969482422
2020/9/17,23.420000076293945
2020/9/18,23.530000686645508
2020/9/21,26.459999084472656
2020/9/22,25.75
2020/9/23,27.389999389648438
2020/9/24,27.399999618530273
2020/9/25,26.389999389648438
2020/9/28,26.25
2020/9/29,26.690000534057617
2020/9/30,26.700000762939453
2020/10/1,27.18000030517578
2020/10/2,27.59000015258789
2020/10/5,27.459999084472656
2020/10/6,28.010000228881836
2020/10/7,26.709999084472656
2020/10/8,25.860000610351562
2020/10/9,24.260000228881836
2020/10/12,24.059999465942383
2020/10/13,25.049999237060547
2020/10/14,25.209999084472656
2020/10/15,25.459999084472656
2020/10/16,25.649999618530273
2020/10/19,27.399999618530273
2020/10/20,27.709999084472656
2020/10/21,27.18000030517578
2020/10/22,26.329999923706055
2020/10/23,25.559999465942383
2020/10/26,30.18000030517578
2020/10/27,30.299999237060547
2020/10/28,35.47999954223633
2020/10/29,34.93000030517578
2020/10/30,35.18000030517578
2020/11/2,34.060001373291016
2020/11/3,32.560001373291016
2020/11/4,27.43000030517578
2020/11/5,25.969999313354492
2020/11/6,25.06999969482422
2020/11/9,24.989999771118164
2020/11/10,25.290000915527344
2020/11/11,24.110000610351562
2020/11/12,25.520000457763672
2020/11/13,23.959999084472656
2020/11/16,23.260000228881836
2020/11/17,22.860000610351562
2020/11/18,23.469999313354492
2020/11/19,22.209999084472656
2020/11/20,22.690000534057617
2020/11/23,22.299999237060547
2020/11/24,22.219999313354492
2020/11/25,22.350000381469727
2020/11/27,22.270000457763672
2020/11/30,22.87999916
2020/12/1,22.950000762939453
2020/12/2,23.040000915527344
2020/12/3,22.209999084472656
2020/12/4,21.209999084472656
2020/12/7,21.940000534057617
2020/12/8,21.549999237060547
2020/12/9,21.959999084472656
2020/12/10,21.780000686645508
2020/12/11,22.579999923706055
2020/12/14,23.06999969482422
2020/12/15,21.68000030517578
2020/12/16,21.87999916
2020/12/17,20.40999984741211
2020/12/18,20.049999237060547
2020/12/21,22.75
2020/12/22,22.799999237060547
2020/12/23,21.290000915527344
2020/12/24,20.489999771118164
2020/12/28,20.12000084
2020/12/29,20.93000030517578
2020/12/30,20.709999084472656
2020/12/31,20.530000686645508
2021/1/4,24.010000228881836
2021/1/5,23.729999542236328
2021/1/6,23.790000915527344
2021/1/7,21.639999389648438
2021/1/8,21
2021/1/11,22.860000610351562
2021/1/12,22.06999969482422
2021/1/13,21.610000610351562
2021/1/14,21.649999618530273
2021/1/15,22.139999389648438
2021/1/19,22.37999916
2021/1/20,21
2021/1/21,20.309999465942383
2021/1/22,20.459999084472656
2021/1/25,22.100000381469727
2021/1/26,22.489999771118164
2021/1/27,27.579999923706055
2021/1/28,24.90999984741211
2021/1/29,28.68000030517578
2021/2/1,26.81999969482422
2021/2/2,23.34000015258789
2021/2/3,21.299999237060547
2021/2/4,19.969999313354492
2021/2/5,20.15999984741211
2021/2/8,19.87000084
2021/2/9,19.690000534057617
2021/2/10,20.37999916
2021/2/11,20.239999771118164
2021/2/12,19.360000610351562
2021/2/16,19.690000534057617
2021/2/17,19.670000076293945
2021/2/18,20.010000228881836
2021/2/19,20.290000915527344
2021/2/22,20.75
2021/2/23,20.62999916
2021/2/24,19.959999084472656
2021/2/25,23.469999313354492
2021/2/26,24.100000381469727
2021/3/1,21.200000762939453
2021/3/2,21.079999923706055
2021/3/3,22.290000915527344
2021/3/4,24.149999618530273
2021/3/5,21.979999542236328
2021/3/8,24.399999618530273
2021/3/9,22.190000534057617
2021/3/10,22.020000457763672
2021/3/11,20.690000534057617
2021/3/12,19.520000457763672
2021/3/15,19.12000084
2021/3/16,18.799999237060547
2021/3/17,18.579999923706055
2021/3/18,19.829999923706055
2021/3/19,19.100000381469727
2021/3/22,18.37000084
2021/3/23,18.899999618530273
2021/3/24,19.399999618530273
2021/3/25,18.559999465942383
2021/3/26,17.65999984741211
2021/3/29,21.889999389648438
2021/3/30,17.989999771118164
2021/3/31,17.81999969482422
2021/4/1,17.170000076293945
2021/4/5,17.149999618530273
2021/4/6,16.770000457763672
2021/4/7,16.540000915527344
2021/4/8,16.350000381469727
2021/4/9,16.209999084472656
2021/4/12,15.739999771118164
2021/4/13,16.079999923706055
2021/4/14,15.899999618530273
2021/4/15,15.430000305175781
2021/4/16,14.40999984741211
2021/4/19,15.319999694824219
2021/4/20,16.700000762939453
2021/4/21,16.12999916
2021/4/22,17.37999916
2021/4/23,16.360000610351562
2021/4/26,16.600000381469727
2021/4/27,16.729999542236328
2021/4/28,16.59000015258789
2021/4/29,16.260000228881836
2021/4/30,16.209999084472656
2021/5/3,16.09000015258789
2021/5/4,16.899999618530273
2021/5/5,16.12000084
2021/5/6,18.030000686645508
2021/5/7,15.18999958
2021/5/10,17.190000534057617
2021/5/11,19.299999237060547
2021/5/12,25.360000610351562
2021/5/13,19.969999313354492
2021/5/14,17.309999465942383
2021/5/17,17.610000610351562
2021/5/18,18.239999771118164
2021/5/19,19.420000076293945
2021/5/20,18.280000686645508
2021/5/21,17.559999465942383
2021/5/24,16.87999916
2021/5/25,16.610000610351562
2021/5/26,15.81000042
2021/5/27,15.460000038146973
2021/5/28,14.819999694824219
2021/6/1,17.950000762939453
2021/6/2,15.300000190734863
2021/6/3,15.880000114440918
2021/6/4,14.84000015258789
2021/6/7,15.220000267028809
2021/6/8,15.229999542236328
2021/6/9,15.600000381469727
2021/6/10,14.779999732971191
2021/6/11,14.140000343322754
2021/6/14,14.430000305175781
2021/6/15,14.59000015258789
2021/6/16,15.170000076293945
2021/6/17,15.739999771118164
2021/6/18,19.09000015258789
2021/6/21,17.12999916
2021/6/22,16.34000015258789
2021/6/23,16.260000228881836
2021/6/24,15.329999923706055
2021/6/25,14.489999771118164
2021/6/28,15.109999656677246
2021/6/29,15.319999694824219
2021/6/30,14.760000228881836
2021/7/1,14.06000042
2021/7/2,13.65999984741211
2021/7/6,17.889999389648438
2021/7/7,14.270000457763672
2021/7/8,17.34000015258789
2021/7/9,12.449999809265137
2021/7/12,14.859999656677246
2021/7/13,2.7100000381469727
2021/7/14,15.510000228881836
2021/7/15,15.470000267028809
2021/7/16,15.300000190734863
2021/7/19,21.270000457763672
2021/7/20,18.969999313354492
2021/7/21,17.90999984741211
2021/7/22,17.479999542236328
2021/7/23,19.729999542236328
2021/7/26,17.549999237060547
2021/7/27,18.87999916
2021/7/28,17.889999389648438
2021/7/29,17.110000610351562
2021/7/30,17.87999916
2021/8/2,18.540000915527344
2021/8/3,17.520000457763672
2021/8/4,17.959999084472656
2021/8/5,16.93000030517578
2021/8/6,16.389999389648438
2021/8/9,17.31999969482422
2021/8/10,17.170000076293945
2021/8/11,16.559999465942383
2021/8/12,15.789999961853027
2021/8/13,15.770000457763672
2021/8/16,16.510000228881836
2021/8/17,17.90999984741211
2021/8/18,20.40999984741211
2021/8/19,19.549999237060547
2021/8/20,18.600000381469727
2021/8/23,16.56999969482422
2021/8/24,16.12000084
2021/8/25,15.479999542236328
2021/8/26,17.209999084472656
2021/8/27,15.069999694824219
2021/8/30,14.979999542236328
2021/8/31,14.880000114440918
2021/9/1,14.970000267028809
2021/9/2,14.779999732971191
2021/9/3,14.56000042
2021/9/7,15.489999771118164
2021/9/8,16.729999542236328
2021/9/9,17.209999084472656
2021/9/10,17.979999542236328
2021/9/13,17.520000457763672
2021/9/14,18.719999313354492
2021/9/15,17.360000610351562
2021/9/16,17.59000015258789
2021/9/17,18.809999465942383
2021/9/20,23.780000686645508
2021/9/21,23.12000084
2021/9/22,20.059999465942383
2021/9/23,17.899999618530273
2021/9/24,17.389999389648438
2021/9/27,18.399999618530273
2021/9/28,21.729999542236328
2021/9/29,21.56999969482422
2021/9/30,23.139999389648438
2021/10/1,20.889999389648438
2021/10/4,22.850000381469727
2021/10/5,21.850000381469727
2021/10/6,21.329999923706055
2021/10/7,19.829999923706055
2021/10/8,19.34000015258789
2021/10/11,19.15999984741211
2021/10/12,18.940000534057617
2021/10/13,17.790000915527344
2021/10/14,15.529999732971191
2021/10/15,14.899999618530273
2021/10/18,16.06999969482422
2021/10/19,15.229999542236328
2021/10/20,14.970000267028809
2021/10/21,14.40999984741211
2021/10/22,14.93999958
2021/10/25,15.34000015258789
2021/10/26,16
2021/10/27,16.079999923706055
2021/10/28,15.420000076293945
2021/10/29,15.760000228881836
2021/11/1,16.100000381469727
2021/11/2,15.56000042
2021/11/3,14.859999656677246
2021/11/4,14.649999618530273
2021/11/5,14.649999618530273
2021/11/8,15.760000228881836
2021/11/9,16.579999923706055
2021/11/10,17.489999771118164
2021/11/11,16.280000686645508
2021/11/12,15.899999618530273
2021/11/15,15.449999809265137
2021/11/16,14.949999809265137
2021/11/17,15.989999771118164
2021/11/18,16.200000762939453
2021/11/19,17.450000762939453
2021/11/22,17.399999618530273
2021/11/23,17.860000610351562
2021/11/24,17.5
2021/11/26,24.489999771118164
2021/11/29,22.780000686645508
2021/11/30,26.219999313354492
2021/12/1,28.09000015258789
2021/12/2,27.809999465942383
2021/12/3,29.850000381469727
2021/12/6,26.5
2021/12/7,22.770000457763672
2021/12/8,21.459999084472656
2021/12/9,21
2021/12/10,18.790000915527344
2021/12/13,18.709999084472656
2021/12/14,20
2021/12/15,20.450000762939453
2021/12/16,19.87000084
2021/12/17,21.670000076293945
2021/12/20,22.90999984741211
2021/12/21,20.5
2021/12/22,18.09000015258789
2021/12/23,17.290000915527344
2021/12/27,17.62000084
2021/12/28,18.12999916
2021/12/29,17.530000686645508
2021/12/30,17.700000762939453
2021/12/31,17.56999969482422
2022/1/3,17.40999984741211
2022/1/4,17.520000457763672
2022/1/5,19.100000381469727
2022/1/6,19.87000084
2022/1/7,18.68000030517578
2022/1/10,18.729999542236328
2022/1/11,17.270000457763672
2022/1/12,16.399999618530273
2022/1/13,18.37000084
2022/1/14,17.950000762939453
2022/1/18,21.350000381469727
2022/1/19,21.87000084
2022/1/20,23.989999771118164
2022/1/21,25.489999771118164
2022/1/24,26.889999389648438
2022/1/25,28.200000762939453
2022/1/26,29.219999313354492
2022/1/27,27.87000084
2022/1/28,24.510000228881836
2022/1/31,23.270000457763672
2022/2/1,20.56999969482422
2022/2/2,20.15999984741211
2022/2/3,22.56999969482422
2022/2/4,21.62000084
2022/2/7,21.959999084472656
2022/2/8,20.37999916
2022/2/9,19.440000534057617
2022/2/10,22.360000610351562
2022/2/11,25.670000076293945
2022/2/14,26.87999916
2022/2/15,23.149999618530273
2022/2/16,22.389999389648438
2022/2/17,26.100000381469727
2022/2/18,26.079999923706055
2022/2/22,26.81999969482422
2022/2/23,27.729999542236328
2022/2/24,27.489999771118164
2022/2/25,25.06999969482422
2022/2/28,27.34000015258789
2022/3/1,30.079999923706055
2022/3/2,26.90999984741211
2022/3/3,27.200000762939453
2022/3/4,27.90999984741211
2022/3/7,32.06999969482422
2022/3/8,31.690000534057617
2022/3/9,28.860000610351562
2022/3/10,27.34000015258789
2022/3/11,27.350000381469727
2022/3/14,28.690000534057617
2022/3/15,26.690000534057617
2022/3/16,23.06999969482422
2022/3/17,21.90999984741211
2022/3/18,21.06999969482422
2022/3/21,21.15999984741211
2022/3/22,19.920000076293945
2022/3/23,20.860000610351562
2022/3/24,19.309999465942383
2022/3/25,18.829999923706055
2022/3/28,18.12999916
2022/3/29,17.700000762939453
2022/3/30,17.959999084472656
2022/3/31,18.799999237060547
2022/4/1,18.270000457763672
2022/4/4,17.37999916
2022/4/5,19.62000084
2022/4/6,20.100000381469727
2022/4/7,20.040000915527344
2022/4/8,19.530000686645508
2022/4/11,21.100000381469727
2022/4/12,22.770000457763672
2022/4/13,23.34000015258789
2022/4/14,20.229999542236328
2022/4/18,19.40999984741211
2022/4/19,18.780000686645508
2022/4/20,17.600000381469727
2022/4/21,20
2022/4/22,24.62999916
2022/4/25,23.639999389648438
2022/4/26,28.170000076293945
2022/4/27,24.18000030517578
2022/4/28,20.93000030517578
2022/4/29,24.510000228881836
2022/5/2,23.639999389648438
2022/5/3,23.860000610351562
2022/5/4,15.569999694824219
2022/5/5,24.37000084
2022/5/6,24.25
2022/5/9,24.780000686645508
2022/5/10,23.790000915527344
2022/5/11,24.219999313354492
2022/5/12,24.62000084
2022/5/13,24.829999923706055
2022/5/16,24.81999969482422
2022/5/17,23.299999237060547
2022/5/18,28.709999084472656
2022/5/19,23.420000076293945
2022/5/20,23.62000084
2022/5/23,22.860000610351562
2022/5/24,24.65999984741211
2022/5/25,22.110000610351562
2022/5/26,21.700000762939453
2022/5/27,21.100000381469727
2022/5/31,19.299999237060547
2022/6/1,21.309999465942383
2022/6/2,20.440000534057617
2022/6/3,20.68000030517578
2022/6/6,20.56999969482422
2022/6/7,19.729999542236328
2022/6/8,19.809999465942383
2022/6/9,21.719999313354492
2022/6/10,21.37000084
2022/6/13,26.479999542236328
2022/6/14,27.309999465942383
2022/6/15,24.899999618530273
2022/6/16,27.850000381469727
2022/6/17,25.84000015258789
2022/6/21,25.729999542236328
2022/6/22,25.020000457763672
2022/6/23,25.049999237060547
2022/6/24,22.81999969482422
2022/6/27,21.09000015258789
2022/6/28,25.37999916
2022/6/29,23.739999771118164
2022/6/30,17.809999465942383
2022/7/1,18.65999984741211
2022/7/5,23.459999084472656
2022/7/6,23.079999923706055
2022/7/7,22.87000084
2022/7/8,20.829999923706055
2022/7/11,22.209999084472656
2022/7/12,23.520000457763672
2022/7/13,23.719999313354492
2022/7/14,23.59000015258789
2022/7/15,21.12000084
2022/7/18,22
2022/7/19,21.34000015258789
2022/7/20,21.059999465942383
2022/7/21,19.37999916
2022/7/22,19.489999771118164
2022/7/25,19.600000381469727
2022/7/26,21.079999923706055
2022/7/27,19.610000610351562
2022/7/28,18.5
2022/7/29,17.84000015258789
2022/8/1,18.950000762939453
2022/8/2,20.190000534057617
2022/8/3,18.329999923706055
2022/8/4,18
2022/8/5,17.540000915527344
2022/8/8,18.25
2022/8/9,18.40999984741211
2022/8/10,16.520000457763672
2022/8/11,16.969999313354492
2022/8/12,16.520000457763672
2022/8/15,16.81999969482422
2022/8/16,16.690000534057617
2022/8/17,17.260000228881836
2022/8/18,19.729999542236328
2022/8/19,17.440000534057617
2022/8/22,20.18000030517578
2022/8/23,20.600000381469727
2022/8/24,19.899999618530273
2022/8/25,18.829999923706055
2022/8/26,22.360000610351562
2022/8/29,23.43000030517578
2022/8/30,23.15999984741211
2022/8/31,23.020000457763672
2022/9/1,22.239999771118164
2022/9/2,22.389999389648438
2022/9/6,23.579999923706055
2022/9/7,21.790000915527344
2022/9/8,20.639999389648438
2022/9/9,20.12000084
2022/9/12,20.12000084
2022/9/13,23.030000686645508
2022/9/14,22.56999969482422
2022/9/15,23.139999389648438
2022/9/16,22.780000686645508
2022/9/19,22.649999618530273
2022/9/20,23.610000610351562
2022/9/21,24.190000534057617
2022/9/22,23.559999465942383
2022/9/23,25.459999084472656
2022/9/26,27.18000030517578
2022/9/27,27.81999969482422
2022/9/28,26.15999984741211
2022/9/29,27.239999771118164
2022/9/30,26.40999984741211
2022/10/3,25.969999313354492
2022/10/4,26.200000762939453
2022/10/5,25.860000610351562
2022/10/6,26.959999084472656
2022/10/7,27.860000610351562
2022/10/10,28.700000762939453
2022/10/11,32.150001525878906
2022/10/12,29.40999984741211
2022/10/13,28.309999465942383
2022/10/14,27.989999771118164
2022/10/17,27.530000686645508
2022/10/18,27.12999916
2022/10/19,27.239999771118164
2022/10/20,26.719999313354492
2022/10/21,26.260000228881836
2022/10/24,27.079999923706055
2022/10/25,25.719999313354492
2022/10/26,24.93000030517578
2022/10/27,24.709999084472656
2022/10/28,23.469999313354492
2022/10/31,23.780000686645508
2022/11/1,24.280000686645508
2022/11/2,24.350000381469727
2022/11/3,23.65999984741211
2022/11/4,23.049999237060547
2022/11/7,23.229999542236328
2022/11/8,24.860000610351562
2022/11/9,24.760000228881836
2022/11/10,22.770000457763672
2022/11/11,21.65999984741211
2022/11/14,21.87000084
2022/11/15,22.200000762939453
2022/11/16,21.559999465942383
2022/11/17,21.450000762939453
2022/11/18,20.90999984741211
2022/11/21,20.610000610351562
2022/11/22,19.719999313354492
2022/11/23,19.399999618530273
2022/11/25,20.360000610351562
2022/11/28,21.489999771118164
2022/11/29,20.700000762939453
2022/11/30,19.25
2022/12/1,19.969999313354492
2022/12/2,18.700000762939453
2022/12/5,19.860000610351562
2022/12/6,20.420000076293945
2022/12/7,20.940000534057617
2022/12/8,20.350000381469727
2022/12/9,20.87999916
2022/12/12,20.989999771118164
2022/12/13,18.610000610351562
2022/12/14,16.709999084472656
2022/12/15,18.62999916
2022/12/16,18.799999237060547
2022/12/19,19.239999771118164
2022/12/20,18.459999084472656
2022/12/21,17.719999313354492
2022/12/22,19.09000015258789
2022/12/23,18.270000457763672
2022/12/27,19.43000030517578
2022/12/28,20.200000762939453
2022/12/29,19.62999916
2022/12/30,19.389999389648438
2023/1/3,20.139999389648438
2023/1/4,19.219999313354492
2023/1/5,19.610000610351562
2023/1/6,18.31999969482422
2023/1/9,19.34000015258789
2023/1/10,18.020000457763672
2023/1/11,18.579999923706055
2023/1/12,16.18000030517578
2023/1/13,15.779999732971191
2023/1/17,16.510000228881836
2023/1/18,17.979999542236328
2023/1/19,18.149999618530273
2023/1/20,17.440000534057617
2023/1/23,17.559999465942383
2023/1/24,17.110000610351562
2023/1/25,17.12000084
2023/1/26,16.940000534057617
2023/1/27,16.809999465942383
2023/1/30,18.229999542236328
2023/1/31,17.770000457763672
2023/2/1,16.549999237060547
2023/2/2,17.309999465942383
2023/2/3,16.889999389648438
2023/2/6,17.209999084472656
2023/2/7,16.62999916
2023/2/8,17.520000457763672
2023/2/9,18.780000686645508
2023/2/10,18.489999771118164
2023/2/13,17.969999313354492
2023/2/14,17.010000228881836
2023/2/15,16.299999237060547
2023/2/16,17.739999771118164
2023/2/17,17.309999465942383
2023/2/21,19.559999465942383
2023/2/22,19.350000381469727
2023/2/23,18.149999618530273
2023/2/24,18.469999313354492
2023/2/27,18.020000457763672
2023/2/28,17.899999618530273
2023/3/1,18.059999465942383
2023/3/2,17.12999916
2023/3/3,17.989999771118164
2023/3/6,16.600000381469727
2023/3/7,17.549999237060547
2023/3/8,17.260000228881836
2023/3/9,23.010000228881836
2023/3/10,21.219999313354492
2023/3/13,22.65999984741211
2023/3/14,20.100000381469727
2023/3/15,22
2023/3/16,19.399999618530273
2023/3/17,22.469999313354492
2023/3/20,21.34000015258789
2023/3/21,18.87000084
2023/3/22,20.440000534057617
2023/3/23,20.40999984741211
2023/3/24,20.200000762939453
2023/3/27,19.200000762939453
2023/3/28,18.87000084
2023/3/29,18.049999237060547
2023/3/30,17.979999542236328
2023/3/31,17.549999237060547
2023/4/3,16.62999916
2023/4/4,16.899999618530273
2023/4/5,16.719999313354492
2023/4/6,16.62999916
2023/4/10,15.819999694824219
2023/4/11,16.62000084
2023/4/12,16.469999313354492
2023/4/13,15.380000114440918
2023/4/14,14.699999809265137
2023/4/17,14.319999694824219
2023/4/18,14.329999923706055
2023/4/19,14.479999542236328
2023/4/20,15.369999885559082
2023/4/21,17.31999969482422
2023/4/24,15.90999984741211
2023/4/25,16.860000610351562
2023/4/26,17.309999465942383
2023/4/27,15.270000457763672
2023/4/28,14.260000228881836
2023/5/1,14.84000015258789
2023/5/2,16.719999313354492
2023/5/3,17.420000076293945
2023/5/4,19.030000686645508
2023/5/5,15.920000076293945
2023/5/8,16.329999923706055
2023/5/9,17.18000030517578
2023/5/10,16.600000381469727
2023/5/11,16.37999916
2023/5/12,16.18000030517578
2023/5/15,15.869999885559082
2023/5/16,16.68000030517578
2023/5/17,15.18999958
2023/5/18,14.819999694824219
2023/5/19,15.149999618530273
2023/5/22,15.329999923706055
2023/5/23,16.459999084472656
2023/5/24,17.670000076293945
2023/5/25,16.739999771118164
2023/5/26,16.81999969482422
2023/5/30,16.62000084
2023/5/31,16.299999237060547
2023/6/1,14.880000114440918
2023/6/2,13.800000190734863
2023/6/5,14.119999885559082
2023/6/6,13.640000343322754
2023/6/7,13.430000305175781
2023/6/8,13.100000381469727
2023/6/9,12.960000038146973
2023/6/12,15.020000457763672
2023/6/13,14
2023/6/14,14.90999984741211
2023/6/15,14.210000038146973
2023/6/16,13.220000267028809
2023/6/20,13.050000190734863
2023/6/21,12.220000267028809
2023/6/22,11.65999984741211
2023/6/23,12.140000343322754
2023/6/26,11.869999885559082
2023/6/27,11.119999885559082
2023/6/28,11.75
2023/6/29,12.489999771118164
2023/6/30,10.270000457763672
2023/7/3,13.460000038146973
2023/7/5,12.069999694824219
2023/7/6,11.640000343322754
2023/7/7,12.279999732971191
2023/7/10,13.380000114440918
2023/7/11,13.859999656677246
2023/7/12,12.699999809265137
2023/7/13,12.739999771118164
2023/7/14,12.390000343322754
2023/7/17,12.84000015258789
2023/7/18,12.84000015258789
2023/7/19,11.899999618530273
2023/7/20,12.539999961853027
2023/7/21,11.31000042
2023/7/24,12.970000267028809
2023/7/25,12.569999694824219
2023/7/26,12.699999809265137
2023/7/27,12.770000457763672
2023/7/28,11.859999656677246
2023/7/31,12
2023/8/1,12.15999984741211
2023/8/2,13.710000038146973
2023/8/3,11.680000305175781
2023/8/4,13.100000381469727
2023/8/7,13.739999771118164
2023/8/8,14.069999694824219
2023/8/9,14.489999771118164
2023/8/10,12.720000267028809
2023/8/11,13.489999771118164
2023/8/14,12.600000381469727
2023/8/15,14.34000015258789
2023/8/16,15.5
2023/8/17,15.319999694824219
2023/8/18,14.43999958
2023/8/21,14.420000076293945
2023/8/22,14.539999961853027
2023/8/23,13.479999542236328
2023/8/24,14.40999984741211
2023/8/25,13.699999809265137
2023/8/28,12.649999618530273
2023/8/29,12.270000457763672
2023/8/30,11.989999771118164
2023/8/31,12.149999618530273
2023/9/1,11.640000343322754
2023/9/5,12.09000015258789
2023/9/6,12.93999958
2023/9/7,12.84000015258789
2023/9/8,11.970000267028809
2023/9/11,11.989999771118164
2023/9/12,12.25
2023/9/13,11.729999542236328
2023/9/14,10.369999885559082
2023/9/15,11.520000457763672
2023/9/18,11.960000038146973
2023/9/19,12.270000457763672
2023/9/20,13.109999656677246
2023/9/21,14.479999542236328
2023/9/22,14.140000343322754
2023/9/25,12.960000038146973
2023/9/26,15.319999694824219
2023/9/27,15.289999961853027
2023/9/28,12.43999958
2023/9/29,15.479999542236328
2023/10/2,14.449999809265137
2023/10/3,16.12000084
2023/10/4,15.369999885559082
2023/10/5,15.020000457763672
2023/10/6,12.43999958
2023/10/9,14.869999885559082
2023/10/10,14.020000457763672
2023/10/11,13.180000305175781
2023/10/12,13.25
2023/10/13,15.069999694824219
2023/10/16,13.979999542236328
2023/10/17,14.510000228881836
2023/10/18,15.18999958
2023/10/19,16.700000762939453
2023/10/20,16.549999237060547
2023/10/23,16.260000228881836
2023/10/24,16.149999618530273
2023/10/25,15.880000114440918
2023/10/26,16.969999313354492
2023/10/27,17.12000084
2023/10/30,16.170000076293945
2023/10/31,14.789999961853027
2023/11/1,13.600000381469727
2023/11/2,13.569999694824219
2023/11/3,12.579999923706055
2023/11/6,12.25
2023/11/7,11.989999771118164
2023/11/8,11.779999732971191
2023/11/9,12.369999885559082
2023/11/10,11.40999984741211
2023/11/13,11.880000114440918
2023/11/14,10.75
2023/11/15,10.899999618530273
2023/11/16,11.550000190734863
2023/11/17,11.380000114440918
2023/11/20,11.149999618530273
2023/11/21,11.369999885559082
2023/11/22,10.930000305175781
2023/11/24,10.56000042
2023/11/27,11.050000190734863
2023/11/28,10.84000015258789
2023/11/29,10.449999809265137
2023/11/30,15.239999771118164
2023/12/1,11.880000114440918
2023/12/4,12.989999771118164
2023/12/5,13.899999618530273
2023/12/6,10.569999694824219
2023/12/7,10.569999694824219
2023/12/8,13.539999961853027
2023/12/11,13.539999961853027
2023/12/12,13.539999961853027
2023/12/13,13.539999961853027
2023/12/14,13.539999961853027
2023/12/15,10.609999656677246
2023/12/18,11.34000015258789
2023/12/19,11.529999732971191
2023/12/20,12.239999771118164
2023/12/21,12.130000114440918
2023/12/22,11.93999958
2023/12/26,11.90999984741211
2023/12/27,10.460000038146973
2023/12/28,18.260000228881836
2023/12/29,11.710000038146973
2024/1/2,12.180000305175781
2024/1/3,11.520000457763672
2024/1/4,14.760000228881836
2024/1/5,11.760000228881836
2024/1/8,11.789999961853027
2024/1/9,11.789999961853027
2024/1/10,11.529999732971191
2024/1/11,10.90999984741211
2024/1/12,19.09000015258789
2024/1/16,11.859999656677246
2024/1/17,12.130000114440918
2024/1/18,11.779999732971191
2024/1/19,11.390000343322754
2024/1/22,11.979999542236328
2024/1/23,11.010000228881836
2024/1/24,11.289999961853027
2024/1/25,11.270000457763672
2024/1/26,11.880000114440918
2024/1/29,12.170000076293945
2024/1/30,12.029999732971191
2024/1/31,12.609999656677246
2024/2/1,11.359999656677246
2024/2/2,12.06000042
2024/2/5,12.039999961853027
2024/2/6,11.869999885559082
2024/2/7,11.640000343322754
2024/2/8,11.510000228881836
2024/2/9,11.43999958
2024/2/12,11.43999958
2024/2/13,11.43999958
2024/2/14,11.43999958
2024/2/15,11.43999958
2024/2/16,11.43999958
2024/2/20,13.850000381469727
2024/2/21,13.539999961853027
2024/2/22,13.449999809265137
2024/2/23,11.619999885559082
2024/2/26,12.079999923706055
2024/2/27,11.68999958
2024/2/28,14.239999771118164
2024/2/29,11.729999542236328
2024/3/1,11.350000381469727
2024/3/4,11.770000457763672
2024/3/5,15.84000015258789
2024/3/6,14.93999958
2024/3/7,14.890000343322754
2024/3/8,12.34000015258789
2024/3/11,12.300000190734863
2024/3/12,11.989999771118164
2024/3/13,11.149999618530273
2024/3/14,11
2024/3/15,11.079999923706055
2024/3/18,11.619999885559082
2024/3/19,11.229999542236328
2024/3/20,10.81000042
2024/3/21,22.90999984741211
2024/3/22,10.90999984741211
2024/3/25,12.529999732971191
2024/3/26,11.289999961853027
2024/3/27,10.65999984741211
2024/3/28,11.170000076293945
2024/4/1,14.850000381469727
2024/4/2,12.569999694824219
2024/4/3,12.569999694824219
2024/4/4,13.399999618530273
2024/4/5,13.18999958
2024/4/8,13.84000015258789
2024/4/9,13.819999694824219
2024/4/10,14.529999732971191
2024/4/11,14.170000076293945
2024/4/12,15.930000305175781
2024/4/15,17.270000457763672
2024/4/16,16.09000015258789
2024/4/17,15.890000343322754
2024/4/18,15.449999809265137
2024/4/19,15.739999771118164
2024/4/22,14.449999809265137
2024/4/23,13.5
2024/4/24,13.619999885559082
2024/4/25,10.739999771118164
2024/4/26,13.010000228881836
2024/4/29,13.079999923706055
2024/4/30,13.56000042
2024/5/1,13.84000015258789
2024/5/2,12.800000190734863
2024/5/3,12.109999656677246
2024/5/6,12.18999958
2024/5/7,11.84000015258789
2024/5/8,11.760000228881836
2024/5/9,11.699999809265137
2024/5/10,11.65999984741211
2024/5/13,12.289999961853027
2024/5/14,12.210000038146973
2024/5/15,10.149999618530273
2024/5/16,10.170000076293945
2024/5/17,10.819999694824219
2024/5/20,9.640000343322754
2024/5/21,9.680000305175781
2024/5/22,8.670000076293945
2024/5/23,9.369999885559082
2024/5/24,10.899999618530273
2024/5/28,10.75
2024/5/29,12.81000042
2024/5/30,13.100000381469727
2024/5/31,11.569999694824219
2024/6/3,12.34000015258789
2024/6/4,12.329999923706055
2024/6/5,11.890000343322754
2024/6/6,11.670000076293945
2024/6/7,11.489999771118164
2024/6/10,11.899999618530273
2024/6/11,12.029999732971191
2024/6/12,10.869999885559082
2024/6/13,11.020000457763672
2024/6/14,12.199999809265137
2024/6/17,11.789999961853027
2024/6/18,11.859999656677246
2024/6/20,12.720000267028809
2024/6/21,12.180000305175781
2024/6/24,12.579999923706055
2024/6/25,12.34000015258789
2024/6/26,12.270000457763672
2024/6/27,11.510000228881836
2024/6/28,11.579999923706055
2024/7/1,11.539999961853027
2024/7/2,11.260000228881836
2024/7/3,11.380000114440918
2024/7/5,11.420000076293945
2024/7/8,11.93999958
2024/7/9,12.420000076293945
2024/7/10,12.56000042
2024/7/11,12.56000042
2024/7/12,11.539999961853027
2024/7/15,12.149999618530273
2024/7/16,12.829999923706055
2024/7/17,14.600000381469727
2024/7/18,15.149999618530273
2024/7/19,15.470000267028809
2024/7/22,14.06000042
2024/7/23,14.020000457763672
2024/7/24,15.819999694824219
2024/7/25,16.059999465942383
2024/7/26,14.800000190734863
2024/7/29,15.079999923706055
2024/7/30,15.859999656677246
2024/7/31,14.670000076293945
2024/8/1,16.670000076293945
2024/8/2,17.12999916
2024/8/5,26.68000030517578
2024/8/6,20.5
2024/8/7,22.649999618530273
2024/8/8,19.239999771118164
2024/8/9,16.709999084472656
2024/8/12,17.049999237060547
2024/8/13,14.630000114440918
2024/8/14,14.25
2024/8/15,13.81000042
2024/8/16,13.350000381469727
2024/8/19,12.880000114440918
2024/8/20,13.520000457763672
2024/8/21,14
2024/8/22,15.369999885559082
2024/8/23,14
2024/8/26,14.489999771118164
2024/8/27,13.680000305175781
2024/8/28,15.5
2024/8/29,14.130000114440918
2024/8/30,13.319999694824219
2024/9/3,17.15999984741211
2024/9/4,17.90999984741211
2024/9/5,16.979999542236328
2024/9/6,18.790000915527344
2024/9/9,16.12000084
2024/9/10,16.450000762939453
2024/9/11,15.170000076293945
2024/9/12,14.5
2024/9/13,14.43999958
2024/9/16,14.93999958
2024/9/17,24.520000457763672
2024/9/18,15.5
2024/9/19,14.869999885559082
2024/9/20,14.729999542236328
2024/9/23,15.010000228881836
2024/9/24,14.75
2024/9/25,25.229999542236328
2024/9/26,15.510000228881836
2024/9/27,14.930000305175781
2024/9/30,16.56999969482422
2024/10/1,18.059999465942383
2024/10/2,17.540000915527344
2024/10/3,18.360000610351562
2024/10/4,17.12000084
2024/10/7,19.75
2024/10/8,18.520000457763672
2024/10/9,17.920000076293945
2024/10/10,17.860000610351562
2024/10/11,17.780000686645508
2024/10/14,17.829999923706055
2024/10/15,18.329999923706055
2024/10/16,17.40999984741211
2024/10/17,17.049999237060547
2024/10/18,16.280000686645508
2024/10/21,16.75
2024/10/22,16.87000084
2024/10/23,17.989999771118164
2024/10/24,17.62000084
2024/10/25,18.25
2024/10/28,18.260000228881836
2024/10/29,18.25
2024/10/30,19.100000381469727
2024/10/31,14.720000267028809
2024/11/1,19.719999313354492
2024/11/4,20.059999465942383
2024/11/5,18.420000076293945
2024/11/6,15.65999984741211
2024/11/7,14.34000015258789
2024/11/8,14.359999656677246
2024/11/11,14.930000305175781
2024/11/12,14.369999885559082
2024/11/13,13.920000076293945
2024/11/14,13.239999771118164
2024/11/15,14.31000042
2024/11/18,13.65999984741211
2024/11/19,14.880000114440918
2024/11/20,14.859999656677246
2024/11/21,14.640000343322754
2024/11/22,13.850000381469727
2024/11/25,14.039999961853027
2024/11/26,13.699999809265137
2024/11/27,13.979999542236328
2024/11/29,14.050000190734863
2024/12/2,13.850000381469727
2024/12/3,13.5
2024/12/4,13.720000267028809
2024/12/5,13.819999694824219
2024/12/6,13.279999732971191
2024/12/9,14.109999656677246
2024/12/10,14.130000114440918
2024/12/11,14.109999656677246
2024/12/12,14.25
2024/12/13,14.239999771118164
2024/12/16,14.579999923706055
2024/12/17,15.359999656677246
2024/12/18,21.62000084
2024/12/19,20.87999916
2024/12/20,16.979999542236328
2024/12/23,15.930000305175781
2024/12/24,14.130000114440918
2024/12/26,14.350000381469727
2024/12/27,14.960000038146973
2024/12/30,15.84000015258789
2024/12/31,15.75
